<?xml version="1.0" encoding="utf-8"?>
<eml:eml xmlns:eml="eml://ecoinformatics.org/eml-2.1.1" xmlns:xsi="http://www.w3.org/2001/XMLSchema-instance"
         xsi:schemaLocation="eml://ecoinformatics.org/eml-2.1.1 http://rs.gbif.org/schema/eml-gbif-profile/1.1/eml.xsd"
        packageId="3b8e9d83-b2d4-4a97-973c-31d98b67b1e9"  system="http://gbif.org" scope="system"
  xml:lang="pt">

<dataset>
      <alternateIdentifier>10.15468/g6ppmt</alternateIdentifier>
        <alternateIdentifier>3b8e9d83-b2d4-4a97-973c-31d98b67b1e9</alternateIdentifier>
        <alternateIdentifier>http://ipt1.cria.org.br/ipt/resource?r=mbm</alternateIdentifier>
    <title>MBM - Herbário do Museu Botânico Municipal</title>
    <creator>
    <individualName>
<givenName>José</givenName>          <surName>Tadeu Weidlich Motta</surName>
    </individualName>
<organizationName>Museu Botânico Municipal (MBM)</organizationName><positionName>Curador</positionName>    <address>
<deliveryPoint>Caixa Postal 1142</deliveryPoint><city>Curitiba</city><administrativeArea>Paraná</administrativeArea><postalCode>80.001-970</postalCode><country>BRAZIL</country>    </address>
<phone>+55 41 3362-1800</phone><electronicMailAddress>jomotta@smma.curitiba.pr.gov.br</electronicMailAddress><onlineUrl>http://splink.cria.org.br/manager/detail?resource=MBM</onlineUrl>    </creator>
    <metadataProvider>
    <individualName>
<givenName>Osmar</givenName>          <surName>dos Santos Ribas</surName>
    </individualName>
<organizationName>Museu Botânico Municipal (MBM)</organizationName><positionName>Curador</positionName>    <address>
<deliveryPoint>Caixa Postal 1142</deliveryPoint><city>Curitiba</city><administrativeArea>Paraná</administrativeArea><postalCode>80.001-970</postalCode><country>BRAZIL</country>    </address>
<phone>+55 41 3362-1800</phone><electronicMailAddress>oribas@smma.curitiba.pr.gov.br</electronicMailAddress><onlineUrl>http://splink.cria.org.br/manager/detail?resource=MBM</onlineUrl>    </metadataProvider>
    <metadataProvider>
    <individualName>
<givenName>José</givenName>          <surName>Tadeu Weidlich Motta</surName>
    </individualName>
<organizationName>Museu Botânico Municipal (MBM)</organizationName><positionName>Curador</positionName>    <address>
<deliveryPoint>Caixa Postal 1142</deliveryPoint><city>Curitiba</city><administrativeArea>Paraná</administrativeArea><postalCode>80.001-970</postalCode><country>BRAZIL</country>    </address>
<phone>+55 41 3362-1800</phone><electronicMailAddress>jomotta@smma.curitiba.pr.gov.br</electronicMailAddress><onlineUrl>http://splink.cria.org.br/manager/detail?resource=MBM</onlineUrl>    </metadataProvider>
    <associatedParty>
    <individualName>
          <surName>speciesLink Network</surName>
    </individualName>
<organizationName>Centro de Referência em Informação Ambiental, CRIA</organizationName><positionName>Network</positionName>    <address>
<deliveryPoint>Av. Dr. Romeu Tórtima, 388</deliveryPoint><city>Campinas</city><administrativeArea>São Paulo</administrativeArea><postalCode>13084-791</postalCode><country>BRAZIL</country>    </address>
<phone>+55 19 3288-0466</phone><electronicMailAddress>splink@cria.org.br</electronicMailAddress><onlineUrl>http://splink.cria.org.br</onlineUrl>    <role>CUSTODIAN_STEWARD</role>
    </associatedParty>
      <pubDate>
      2018-11-01
      </pubDate>
    <language>PORTUGUESE</language>
    <abstract>
        <para>O acervo do Museu Botânico Municipal (MBM) é composto por 400.000 amostras, sendo considerado um dos maiores herbários do país e o maior da flora sul brasileira. É um acervo científico devidamente catalogado e identificado pelos mais conceituados especialistas, tendo como público alvo estudantes e pesquisadores das áreas botânicas e afins. Apresenta um programa de permuta de duplicatas de material botânico, mantendo intercâmbio com 207 instituições congêneres, sendo 53 brasileiras e 154 internacionais. Possui, atualmente, cerca de 2.700 typus nomenclaturais. Para poder manter esse intercâmbio, desenvolve um expressivo programa de coletas botânicas, realizando, de quatro a cinco grandes expedições anuais, geralmente aos estados da Bahia, Minas Gerais, Mato Grosso, Rondônia, Mato Grosso do Sul, Goiás, Espírito Santo, Tocantins, Santa Catarina e Rio Grande do Sul. Anualmente o acervo é incrementado em cerca de 15.000 novos espécimes. Além do programa de permutas de duplicatas, ainda promove o empréstimo de exsicatas para dissertações de mestrado e teses de doutorado, para pesquisadores brasileiros e de instituições fora do Brasil. São também realizadas identificações de amostras para estudos fitoquímicos, ecológicos e farmacológicos de várias instituições de pesquisas paranaenses, além de algumas de outros estados (Santa Catarina, Rio Grande do Sul, Mato Grosso do Sul e Minas Gerais). A coleção do Museu Botânico Municipal é reconhecida por sua importância, estando credenciada como Instituição Fiel Depositária de Componentes do Patrimônio Genético junto ao (CGEN). É reconhecida internacionalmente, sendo referência para o projeto Flora do Estado do Paraná.</para>
    </abstract>
        <keywordSet>
              <keyword>Occurrence</keyword>
              <keywordThesaurus>GBIF Dataset Type Vocabulary: http://rs.gbif.org/vocabulary/gbif/dataset_type.xml</keywordThesaurus>
        </keywordSet>
        <keywordSet>
              <keyword>Specimen</keyword>
              <keywordThesaurus>GBIF Dataset Subtype Vocabulary: http://rs.gbif.org/vocabulary/gbif/dataset_subtype.xml</keywordThesaurus>
        </keywordSet>
      <intellectualRights>
        <para>This work is licensed under a <ulink url="http://creativecommons.org/licenses/by-nc/4.0/legalcode"><citetitle>Creative Commons Attribution Non Commercial (CC-BY-NC) 4.0 License</citetitle></ulink>.</para>
      </intellectualRights>
      <distribution scope="document">
          <online>
              <url function="information">http://splink.cria.org.br/manager/detail?resource=MBM</url>
          </online>
      </distribution>
      <coverage>
            <geographicCoverage>
                  <geographicDescription>Predominantemente Brasil</geographicDescription>
                  <boundingCoordinates>
                      <westBoundingCoordinate>-74</westBoundingCoordinate>
                      <eastBoundingCoordinate>-30</eastBoundingCoordinate>
                      <northBoundingCoordinate>5.27</northBoundingCoordinate>
                      <southBoundingCoordinate>-33.75</southBoundingCoordinate>
                  </boundingCoordinates>
            </geographicCoverage>
              <taxonomicCoverage>
                    <taxonomicClassification>
                          <taxonRankName>Kingdom</taxonRankName>
                        <taxonRankValue>Plantae</taxonRankValue>
                    </taxonomicClassification>
              </taxonomicCoverage>
      </coverage>
      <maintenance>
          <description>
              <para></para>
          </description>
          <maintenanceUpdateFrequency>monthly</maintenanceUpdateFrequency>
      </maintenance>
      <contact>
    <individualName>
<givenName>Osmar</givenName>          <surName>dos Santos Ribas</surName>
    </individualName>
<organizationName>Museu Botânico Municipal (MBM)</organizationName><positionName>Curador</positionName>    <address>
<deliveryPoint>Caixa Postal 1142</deliveryPoint><city>Curitiba</city><administrativeArea>Paraná</administrativeArea><postalCode>80.001-970</postalCode><country>BRAZIL</country>    </address>
<phone>+55 41 3362-1800</phone><electronicMailAddress>oribas@smma.curitiba.pr.gov.br</electronicMailAddress><onlineUrl>http://splink.cria.org.br/manager/detail?resource=MBM</onlineUrl>      </contact>
      <methods>
            <methodStep>
                <description>
                    <para></para>
                </description>
            </methodStep>
      </methods>

      <project >
          <title>INCT - Herbário Virtual da Flora e dos Fungos</title>
          <personnel>
    <individualName>
<givenName>Leonor</givenName>          <surName>Costa Maia</surName>
    </individualName>
    <role>DISTRIBUTOR</role>
          </personnel>
          <abstract>
              <para>O Instituto Nacional de Ciência e Tecnologia, INCT - Herbário Virtual da Flora e dos Fungos, financiado pelo Conselho Nacional de Desenvolvimento Científico e Tecnológico, CNPq, visa prover à sociedade, ao poder público e à comunidade científica infraestrutura de dados de acesso público e aberto integrando informações de acervos dos herbários do país e repatriando dados sobre coletas realizadas em solo brasileiro depositadas no exterior</para>
          </abstract>
          <funding>
              <para>Conselho Nacional de Desenvolvimento Científico e Tecnológico, CNPq</para>
          </funding>
            <studyAreaDescription>
                <descriptor name="generic" citableClassificationSystem="false">
                    <descriptorValue>Ocorrência de espécies de plantas e fungos no Brasil</descriptorValue>
                </descriptor>
            </studyAreaDescription>
      </project>
</dataset>

<additionalMetadata>
    <metadata>
      <gbif>
        <dateStamp>2018-11-26T10:45:13Z</dateStamp>
      <citation identifier="  http://splink.cria.org.br/manager/detail?resource=MBM">Tadeu Weidlich Motta J, dos Santos Ribas O (2018). MBM - Herbário do Museu Botânico Municipal. Version 1.44. Museu Botânico Municipal. Occurrence dataset https://doi.org/10.15468/g6ppmt accessed via GBIF.org on 2018-11-26.</citation>
              <resourceLogoUrl>http://ipt1.cria.org.br/ipt/logo.do?r=mbm</resourceLogoUrl>
        </gbif>
    </metadata>
</additionalMetadata>

</eml:eml>
