<?xml version="1.0" encoding="utf-8"?>
<eml:eml xmlns:eml="eml://ecoinformatics.org/eml-2.1.1" xmlns:xsi="http://www.w3.org/2001/XMLSchema-instance"
         xsi:schemaLocation="eml://ecoinformatics.org/eml-2.1.1 http://rs.gbif.org/schema/eml-gbif-profile/1.1/eml.xsd"
        packageId="7b9a08ea-f762-11e1-a439-00145eb45e9a"  system="http://gbif.org" scope="system"
  xml:lang="en">

<dataset>
      <alternateIdentifier>10.15468/vgr4kl</alternateIdentifier>
        <alternateIdentifier>11996</alternateIdentifier>
    <title>The Vascular Plant Collection at the Botanische Staatssammlung München</title>
    <associatedParty>
    <individualName>
          <surName>SNSB IT Center</surName>
    </individualName>
    <address>
    </address>
<electronicMailAddress>snsb-it-center@bsm.mwn.de</electronicMailAddress>    <role>TECHNICAL_POINT_OF_CONTACT</role>
    </associatedParty>
    <language>en</language>
    <abstract>
        <para>http://www.botanischestaatssammlung.de/DatabaseClients/BSMvplantscoll/About.html</para>
    </abstract>
      <intellectualRights>
        <para>This work is licensed under a <ulink url="http://creativecommons.org/licenses/by/4.0/legalcode"><citetitle>Creative Commons Attribution (CC-BY) 4.0 License</citetitle></ulink>.</para>
      </intellectualRights>
      <distribution scope="document">
          <online>
              <url function="information">http://www.botanischestaatssammlung.de/DatabaseClients/BSMvplantscoll/About.html</url>
          </online>
      </distribution>
      <contact>
    <individualName>
          <surName>Hans-Joachim Esser</surName>
    </individualName>
    <address>
    </address>
<electronicMailAddress>esser@bsm.mwn.de</electronicMailAddress>      </contact>

</dataset>

<additionalMetadata>
    <metadata>
      <gbif>
        <dateStamp>2018-11-26T10:45:13Z</dateStamp>
      <citation>Staatliche Naturwissenschaftliche Sammlungen Bayerns. The Vascular Plant Collection at the Botanische Staatssammlung München. Occurrence dataset https://doi.org/10.15468/vgr4kl accessed via GBIF.org on 2018-11-26.</citation>
              <resourceLogoUrl>http://www.botanischestaatssammlung.de/grafik/bslogo.jpg</resourceLogoUrl>
        </gbif>
    </metadata>
</additionalMetadata>

</eml:eml>
