<?xml version="1.0" encoding="utf-8"?>
<eml:eml xmlns:eml="eml://ecoinformatics.org/eml-2.1.1" xmlns:xsi="http://www.w3.org/2001/XMLSchema-instance"
         xsi:schemaLocation="eml://ecoinformatics.org/eml-2.1.1 http://rs.gbif.org/schema/eml-gbif-profile/1.1/eml.xsd"
        packageId="85a347c0-f762-11e1-a439-00145eb45e9a"  system="http://gbif.org" scope="system"
  xml:lang="en">

<dataset>
      <alternateIdentifier>10.15468/3nyx9k</alternateIdentifier>
        <alternateIdentifier>1487</alternateIdentifier>
    <title>Nordic Genetic Resources</title>
    <associatedParty>
    <individualName>
          <surName>Lars Falk</surName>
    </individualName>
    <address>
<deliveryPoint>P.O. Box 41, Smedjevagen 3, SE-230 53 Alnarp, Sweden</deliveryPoint>    </address>
<phone>+46-40 53 66 40</phone><electronicMailAddress>lars.falk@nordgen.org</electronicMailAddress>    <role>TECHNICAL_POINT_OF_CONTACT</role>
    </associatedParty>
    <language>ENGLISH</language>
    <abstract>
        <para>Genebank Collection of Nordic Genetic Resources</para>
    </abstract>
      <intellectualRights>
        <para>This work is licensed under a <ulink url="http://creativecommons.org/licenses/by/4.0/legalcode"><citetitle>Creative Commons Attribution (CC-BY) 4.0 License</citetitle></ulink>.</para>
      </intellectualRights>
      <maintenance>
          <description>
              <para></para>
          </description>
          <maintenanceUpdateFrequency>unkown</maintenanceUpdateFrequency>
      </maintenance>
      <contact>
    <individualName>
          <surName>Dag Endresen</surName>
    </individualName>
    <address>
<deliveryPoint>P.O. Box 41, Smedjevagen 3, SE-230 53 Alnarp, Sweden</deliveryPoint>    </address>
<electronicMailAddress>dag.endresen@nordgen.org</electronicMailAddress>      </contact>

</dataset>

<additionalMetadata>
    <metadata>
      <gbif>
        <dateStamp>2018-11-26T10:45:13Z</dateStamp>
      <citation>Nordic Genetic Resource Center (NORDGEN). Nordic Genetic Resources. Occurrence dataset https://doi.org/10.15468/3nyx9k accessed via GBIF.org on 2018-11-26.</citation>
              <physical>
                  <objectName>GBIF Occurrence Download</objectName>
                  <characterEncoding>UTF-8</characterEncoding>
                  <dataFormat>
                      <externallyDefinedFormat>
                          <formatName>Darwin Core Archive</formatName>
                      </externallyDefinedFormat>
                  </dataFormat>
                  <distribution>
                      <online>
                          <url function="download">http://api.gbif.org/v1/occurrence/download/request/0018148-180131172636756.zip</url>
                      </online>
                  </distribution>
              </physical>
        </gbif>
    </metadata>
</additionalMetadata>

</eml:eml>
