<?xml version="1.0" encoding="utf-8"?>
<eml:eml xmlns:eml="eml://ecoinformatics.org/eml-2.1.1" xmlns:xsi="http://www.w3.org/2001/XMLSchema-instance"
         xsi:schemaLocation="eml://ecoinformatics.org/eml-2.1.1 http://rs.gbif.org/schema/eml-gbif-profile/1.1/eml.xsd"
        packageId="9c4e14d4-4047-4d30-9954-1a2df1ba7d15"  system="http://gbif.org" scope="system"
  xml:lang="en">

<dataset>
      <alternateIdentifier>10.15468/ctv3o7</alternateIdentifier>
        <alternateIdentifier>9c4e14d4-4047-4d30-9954-1a2df1ba7d15</alternateIdentifier>
        <alternateIdentifier>https://data.gbif.no/ipt/resource?r=stord-os</alternateIdentifier>
    <title>Verdivurdering naturmangfold E39 Stord-Os</title>
    <creator>
    <individualName>
<givenName>Per Gerhard</givenName>          <surName>Ihlen</surName>
    </individualName>
<organizationName>Asplan Viak AS</organizationName>    <address>
<deliveryPoint>Postboks 24</deliveryPoint><city>Sandvika</city><postalCode>1300</postalCode><country>NORWAY</country>    </address>
    </creator>
    <metadataProvider>
    <individualName>
<givenName>Per Gerhard</givenName>          <surName>Ihlen</surName>
    </individualName>
<organizationName>Asplan Viak AS</organizationName>    <address>
<deliveryPoint>Postboks 24</deliveryPoint><city>Sandvika</city><postalCode>1300</postalCode><country>NORWAY</country>    </address>
    </metadataProvider>
    <associatedParty>
    <individualName>
<givenName>Christian</givenName>          <surName>Svindseth</surName>
    </individualName>
<electronicMailAddress>christian.svindseth@nhm.uio.no</electronicMailAddress>    <role>USER</role>
    </associatedParty>
      <pubDate>
      2018-07-09
      </pubDate>
    <language>ENGLISH</language>
    <abstract>
        <para>Data was collected as a part of biodiversity survey in the area between Stord, Tysnes and Os in Hordaland, in connection with the planning process of a new European route E39.</para>
    </abstract>
        <keywordSet>
              <keyword>Occurrence</keyword>
              <keywordThesaurus>GBIF Dataset Type Vocabulary: http://rs.gbif.org/vocabulary/gbif/dataset_type.xml</keywordThesaurus>
        </keywordSet>
        <keywordSet>
              <keyword>Observation</keyword>
              <keywordThesaurus>GBIF Dataset Subtype Vocabulary: http://rs.gbif.org/vocabulary/gbif/dataset_subtype.xml</keywordThesaurus>
        </keywordSet>
      <intellectualRights>
        <para>To the extent possible under law, the publisher has waived all rights to these data and has dedicated them to the <ulink url="http://creativecommons.org/publicdomain/zero/1.0/legalcode"><citetitle>Public Domain (CC0 1.0)</citetitle></ulink>. Users may copy, modify, distribute and use the work, including for commercial purposes, without restriction.</para>
      </intellectualRights>
      <maintenance>
          <description>
              <para></para>
          </description>
          <maintenanceUpdateFrequency>notPlanned</maintenanceUpdateFrequency>
      </maintenance>
      <contact>
    <individualName>
<givenName>Per Gerhard</givenName>          <surName>Ihlen</surName>
    </individualName>
<organizationName>Asplan Viak AS</organizationName>    <address>
<deliveryPoint>Postboks 24</deliveryPoint><city>Sandvika</city><postalCode>1300</postalCode><country>NORWAY</country>    </address>
      </contact>

</dataset>

<additionalMetadata>
    <metadata>
      <gbif>
        <dateStamp>2018-11-26T10:45:14Z</dateStamp>
      <citation>Ihlen P G (2018). Verdivurdering naturmangfold E39 Stord-Os. Version 1.7. Asplan Viak AS. Occurrence dataset https://doi.org/10.15468/ctv3o7 accessed via GBIF.org on 2018-11-26.</citation>
        </gbif>
    </metadata>
</additionalMetadata>

</eml:eml>
