<?xml version="1.0" encoding="utf-8"?>
<eml:eml xmlns:eml="eml://ecoinformatics.org/eml-2.1.1" xmlns:xsi="http://www.w3.org/2001/XMLSchema-instance"
         xsi:schemaLocation="eml://ecoinformatics.org/eml-2.1.1 http://rs.gbif.org/schema/eml-gbif-profile/1.1/eml.xsd"
        packageId="de49c340-0c61-11dd-84ce-b8a03c50a862"  system="http://gbif.org" scope="system"
  xml:lang="en">

<dataset>
      <alternateIdentifier>10.15468/afkfpi</alternateIdentifier>
        <alternateIdentifier>http://www.gbif.se/ipt/resource?r=gb-general</alternateIdentifier>
        <alternateIdentifier>http://www.gbif.se/ipt/resource.do?r=gb-general</alternateIdentifier>
        <alternateIdentifier>de49c340-0c61-11dd-84ce-b8a03c50a862</alternateIdentifier>
        <alternateIdentifier>1765</alternateIdentifier>
    <title>Gothenburg Herbarium - General (GBIF:IH:GB:Herbarium)</title>
    <creator>
    <individualName>
<givenName>Anders</givenName>          <surName>Telenius</surName>
    </individualName>
<organizationName>Swedish museum of natural history</organizationName><positionName>Node manager</positionName>    <address>
<country>SWEDEN</country>    </address>
<electronicMailAddress>anders.telenius@nrm.se</electronicMailAddress>    </creator>
    <metadataProvider>
    <individualName>
<givenName>Anders</givenName>          <surName>Telenius</surName>
    </individualName>
<organizationName>Swedish museum of natural history</organizationName><positionName>Node manager</positionName>    <address>
<country>SWEDEN</country>    </address>
<electronicMailAddress>anders.telenius@nrm.se</electronicMailAddress>    </metadataProvider>
    <associatedParty>
    <individualName>
<givenName>Anders</givenName>          <surName>Telenius</surName>
    </individualName>
<organizationName>Swedish museum of natural history</organizationName><positionName>Node manager</positionName>    <address>
<country>SWEDEN</country>    </address>
<electronicMailAddress>anders.telenius@nrm.se</electronicMailAddress>    <role>USER</role>
    </associatedParty>
      <pubDate>
      2016-01-05
      </pubDate>
    <language>ENGLISH</language>
    <abstract>
        <para>This database contains information from Gothenburg (Sweden) general herbarium.</para>
    </abstract>
        <keywordSet>
              <keyword>Occurrence</keyword>
              <keywordThesaurus>GBIF Dataset Type Vocabulary: http://rs.gbif.org/vocabulary/gbif/dataset_type.xml</keywordThesaurus>
        </keywordSet>
      <intellectualRights>
        <para>To the extent possible under law, the publisher has waived all rights to these data and has dedicated them to the <ulink url="http://creativecommons.org/publicdomain/zero/1.0/legalcode"><citetitle>Public Domain (CC0 1.0)</citetitle></ulink>. Users may copy, modify, distribute and use the work, including for commercial purposes, without restriction.</para>
      </intellectualRights>
      <contact>
    <individualName>
<givenName>Anders</givenName>          <surName>Telenius</surName>
    </individualName>
<organizationName>Swedish museum of natural history</organizationName><positionName>Node manager</positionName>    <address>
<country>SWEDEN</country>    </address>
<electronicMailAddress>anders.telenius@nrm.se</electronicMailAddress>      </contact>

</dataset>

<additionalMetadata>
    <metadata>
      <gbif>
        <dateStamp>2018-11-26T10:45:16Z</dateStamp>
      <citation>Telenius A (2016). Gothenburg Herbarium - General (GBIF:IH:GB:Herbarium). GBIF-Sweden. Occurrence dataset https://doi.org/10.15468/afkfpi accessed via GBIF.org on 2018-11-26.</citation>
        </gbif>
    </metadata>
</additionalMetadata>

</eml:eml>
