<?xml version="1.0" encoding="utf-8"?>
<eml:eml xmlns:eml="eml://ecoinformatics.org/eml-2.1.1" xmlns:xsi="http://www.w3.org/2001/XMLSchema-instance"
         xsi:schemaLocation="eml://ecoinformatics.org/eml-2.1.1 http://rs.gbif.org/schema/eml-gbif-profile/1.1/eml.xsd"
        packageId="f0951f50-c8b7-4043-b5a8-499e580296b9"  system="http://gbif.org" scope="system"
  xml:lang="en">

<dataset>
      <alternateIdentifier>10.15468/uwibxx</alternateIdentifier>
        <alternateIdentifier>f0951f50-c8b7-4043-b5a8-499e580296b9</alternateIdentifier>
        <alternateIdentifier>https://data.gbif.no/ipt/resource?r=asplan-haugesund</alternateIdentifier>
    <title>Artsrike vegkanter i Haugesund</title>
    <creator>
    <individualName>
<givenName>Per Gerhard</givenName>          <surName>Ihlen</surName>
    </individualName>
<phone>4798244109</phone>    </creator>
    <metadataProvider>
    <individualName>
<givenName>Per Gerhard</givenName>          <surName>Ihlen</surName>
    </individualName>
<phone>4798244109</phone>    </metadataProvider>
    <associatedParty>
    <individualName>
<givenName>Christian</givenName>          <surName>Svindseth</surName>
    </individualName>
<electronicMailAddress>christian.svindseth@nhm.uio.no</electronicMailAddress>    <role>USER</role>
    </associatedParty>
      <pubDate>
      2018-07-09
      </pubDate>
    <language>ENGLISH</language>
    <abstract>
        <para>Data (most vasular plants) was collected as a part of biodiversity survey in areas close to roads in the Haugesund area.</para>
    </abstract>
        <keywordSet>
              <keyword>Occurrence</keyword>
              <keywordThesaurus>GBIF Dataset Type Vocabulary: http://rs.gbif.org/vocabulary/gbif/dataset_type.xml</keywordThesaurus>
        </keywordSet>
        <keywordSet>
              <keyword>Observation</keyword>
              <keywordThesaurus>GBIF Dataset Subtype Vocabulary: http://rs.gbif.org/vocabulary/gbif/dataset_subtype.xml</keywordThesaurus>
        </keywordSet>
      <intellectualRights>
        <para>This work is licensed under a <ulink url="http://creativecommons.org/licenses/by/4.0/legalcode"><citetitle>Creative Commons Attribution (CC-BY) 4.0 License</citetitle></ulink>.</para>
      </intellectualRights>
      <contact>
    <individualName>
<givenName>Per Gerhard</givenName>          <surName>Ihlen</surName>
    </individualName>
<phone>4798244109</phone>      </contact>

</dataset>

<additionalMetadata>
    <metadata>
      <gbif>
        <dateStamp>2018-11-26T10:45:14Z</dateStamp>
      <citation>Ihlen P G (2018). Artsrike vegkanter i Haugesund. Version 1.6. Asplan Viak AS. Occurrence dataset https://doi.org/10.15468/uwibxx accessed via GBIF.org on 2018-11-26.</citation>
        </gbif>
    </metadata>
</additionalMetadata>

</eml:eml>
