Raw value,Corresponding cumulative value,Corresponding logistic value,Fractional area,Training omission,Test omission
2.11759E-6,0.000211759,0.004255946,1,0,0
2.33537E-6,0.000445296,0.004691584,0.999764595,0,0
2.44699E-6,0.000689995,0.004914725,0.99952919,0,0
2.845E-6,0.001222464,0.005709553,0.99905838,0,0
3.50605E-6,0.002779693,0.007026871,0.997881356,0,0
4.23998E-6,0.005199567,0.008485336,0.996468927,0,0
4.96854E-6,0.010363043,0.009928917,0.993879473,0,0
8.83166E-6,0.025686567,0.017513592,0.987758945,0,0
1.10893E-5,0.050498964,0.021892664,0.981873823,0,0
1.41098E-5,0.100898158,0.027690479,0.972457627,0,0
1.76748E-5,0.200974586,0.034445957,0.957627119,0,0
2.03141E-5,0.301406961,0.039386885,0.945150659,0,0
2.27155E-5,0.400726221,0.043838926,0.934322034,0,0
2.44875E-5,0.50061501,0.047097722,0.924435028,0,0
2.58361E-5,0.601076026,0.049562945,0.915018832,0,0
2.73226E-5,0.702285234,0.052265416,0.906073446,0,0
2.7995E-5,0.752228126,0.053482929,0.901836158,0.005988024,0
2.85546E-5,0.80024398,0.054493786,0.897834275,0.005988024,0
2.96937E-5,0.90214635,0.056544637,0.889595104,0.005988024,0
3.06061E-5,1.001783272,0.058181107,0.881826742,0.005988024,0
3.20871E-5,1.102075013,0.060825119,0.874293785,0.005988024,0
3.29933E-5,1.203035259,0.062435633,0.866996234,0.005988024,0
3.37735E-5,1.303266697,0.063817959,0.859934087,0.005988024,0
3.52936E-5,1.403475483,0.066499312,0.853107345,0.005988024,0
3.6067E-5,1.500023297,0.067857591,0.846751412,0.005988024,0
3.91894E-5,1.750867135,0.073301612,0.830979284,0.011976048,0
4.33611E-5,2.003004513,0.08047656,0.816619586,0.011976048,0.024390244
4.58892E-5,2.252983502,0.084770908,0.803436911,0.011976048,0.024390244
4.79835E-5,2.501628794,0.088297992,0.790960452,0.011976048,0.024390244
5.01691E-5,2.752388242,0.091950081,0.778954802,0.017964072,0.048780488
5.20043E-5,3.002745261,0.094994102,0.767419962,0.017964072,0.048780488
5.43637E-5,3.253561333,0.09887791,0.756355932,0.02994012,0.048780488
5.75427E-5,3.504675963,0.104058188,0.745762712,0.02994012,0.048780488
5.96606E-5,3.750463069,0.10747647,0.735875706,0.02994012,0.048780488
6.19263E-5,4.005988936,0.111104643,0.725988701,0.02994012,0.048780488
6.45729E-5,4.253291977,0.115305435,0.71680791,0.02994012,0.048780488
6.73777E-5,4.503301953,0.11971426,0.707862524,0.035928144,0.048780488
6.94037E-5,4.756662142,0.122871741,0.699152542,0.035928144,0.048780488
7.12741E-5,5.002447005,0.125766671,0.690913371,0.035928144,0.073170732
7.33143E-5,5.255526693,0.128902538,0.6826742,0.035928144,0.073170732
7.51096E-5,5.500615709,0.13164363,0.674905838,0.035928144,0.073170732
7.75197E-5,5.752350274,0.135296221,0.667137476,0.035928144,0.073170732
7.96446E-5,6.004818583,0.138491235,0.65960452,0.035928144,0.097560976
8.18934E-5,6.255296456,0.14184689,0.652306968,0.035928144,0.097560976
8.3899E-5,6.504028261,0.144817799,0.645244821,0.035928144,0.097560976
8.52822E-5,6.757813061,0.146854704,0.638182674,0.041916168,0.097560976
8.69024E-5,7.007840416,0.149228249,0.631355932,0.047904192,0.097560976
8.87452E-5,7.253696823,0.151912009,0.624764595,0.047904192,0.097560976
9.04153E-5,7.504780971,0.154329612,0.618173258,0.053892216,0.12195122
9.25111E-5,7.752023311,0.157344137,0.611817326,0.053892216,0.146341463
9.43751E-5,8.004602215,0.160007053,0.605461394,0.053892216,0.170731707
9.65068E-5,8.25307839,0.16303206,0.599340866,0.053892216,0.170731707
9.86163E-5,8.506867364,0.166004091,0.593220339,0.05988024,0.170731707
1.00438E-4,8.755323427,0.168553377,0.587335217,0.05988024,0.170731707
1.0202E-4,9.008265254,0.170754713,0.581450094,0.05988024,0.170731707
1.03445E-4,9.254468603,0.172728247,0.575800377,0.065868263,0.170731707
1.05212E-4,9.504714013,0.175162746,0.570150659,0.065868263,0.195121951
1.07467E-4,9.760002542,0.178247099,0.564500942,0.065868263,0.195121951
1.09306E-4,10.009480776,0.180745641,0.559086629,0.065868263,0.195121951
1.11221E-4,10.251353484,0.183332501,0.553907721,0.065868263,0.195121951
1.12625E-4,10.509229468,0.185218333,0.548493409,0.065868263,0.195121951
1.13844E-4,10.758028421,0.186847651,0.543314501,0.077844311,0.195121951
1.15694E-4,11.010505647,0.189309013,0.538135593,0.077844311,0.195121951
1.17265E-4,11.255263771,0.19138863,0.53319209,0.077844311,0.195121951
1.19651E-4,11.504125382,0.194524457,0.528248588,0.077844311,0.195121951
1.21457E-4,11.757139818,0.196883365,0.523305085,0.083832335,0.195121951
1.23093E-4,12.001940547,0.199007488,0.518596987,0.083832335,0.195121951
1.2476E-4,12.262260564,0.201160319,0.513653484,0.083832335,0.195121951
1.26298E-4,12.501222462,0.203135745,0.509180791,0.083832335,0.195121951
1.28441E-4,12.756502042,0.205873234,0.504472693,0.089820359,0.195121951
1.29834E-4,13.002047232,0.20764178,0.5,0.095808383,0.195121951
1.31214E-4,13.263105332,0.209387774,0.495291902,0.101796407,0.195121951
1.3252E-4,13.500586377,0.211031919,0.491054614,0.101796407,0.195121951
1.34096E-4,13.75407843,0.213006585,0.486581921,0.107784431,0.195121951
1.35666E-4,14.010280544,0.214964127,0.482109228,0.113772455,0.195121951
1.37047E-4,14.255751832,0.216677901,0.47787194,0.113772455,0.195121951
1.39081E-4,14.50387903,0.219189843,0.473634652,0.113772455,0.219512195
1.40782E-4,14.755906436,0.221276736,0.469397363,0.113772455,0.219512195
1.42325E-4,15.010847481,0.223161134,0.465160075,0.113772455,0.219512195
1.43638E-4,15.253827072,0.224756751,0.461158192,0.113772455,0.219512195
1.45432E-4,15.514066944,0.226926686,0.456920904,0.113772455,0.219512195
1.46915E-4,15.762833452,0.228712196,0.452919021,0.119760479,0.219512195
1.47797E-4,16.013429761,0.229769767,0.448917137,0.125748503,0.219512195
1.49134E-4,16.250901763,0.231367779,0.445150659,0.131736527,0.219512195
1.50641E-4,16.505953911,0.233160091,0.441148776,0.137724551,0.219512195
1.52072E-4,16.763242434,0.234855143,0.437146893,0.143712575,0.243902439
1.52919E-4,17.007270586,0.23585461,0.433380414,0.143712575,0.243902439
1.54172E-4,17.252795397,0.237328046,0.429613936,0.143712575,0.243902439
1.55217E-4,17.500458621,0.238553715,0.425847458,0.149700599,0.243902439
1.56858E-4,17.765527607,0.24046837,0.421845574,0.149700599,0.243902439
1.57626E-4,18.001533933,0.241362397,0.418314501,0.149700599,0.243902439
1.58691E-4,18.254501502,0.242596618,0.414548023,0.149700599,0.268292683
1.60157E-4,18.509649891,0.244290347,0.410781544,0.149700599,0.268292683
1.61266E-4,18.750882339,0.245566962,0.407250471,0.149700599,0.268292683
1.62799E-4,19.010163878,0.247324203,0.403483992,0.149700599,0.268292683
1.63577E-4,19.254916645,0.248212175,0.399952919,0.149700599,0.268292683
1.64833E-4,19.501159857,0.249642633,0.396421846,0.149700599,0.268292683
1.65921E-4,19.766066444,0.250876517,0.392655367,0.149700599,0.268292683
1.67183E-4,20.0159784,0.252303795,0.389124294,0.149700599,0.268292683
1.67799E-4,20.250469136,0.25299806,0.385828625,0.149700599,0.268292683
1.69051E-4,20.503483094,0.25440615,0.382297552,0.155688623,0.268292683
1.70576E-4,20.758328598,0.256112809,0.378766478,0.155688623,0.268292683
1.72111E-4,21.006760776,0.257823264,0.375235405,0.155688623,0.292682927
1.73201E-4,21.257463819,0.259033072,0.371939736,0.161676647,0.317073171
1.74109E-4,21.500459427,0.26003836,0.368644068,0.167664671,0.341463415
1.75377E-4,21.762764746,0.261436427,0.365112994,0.167664671,0.341463415
1.76831E-4,22.009466578,0.263034527,0.361817326,0.167664671,0.365853659
1.78518E-4,22.258143376,0.264878897,0.358521657,0.167664671,0.365853659
1.79804E-4,22.509000576,0.266278684,0.355225989,0.167664671,0.365853659
1.80988E-4,22.76160134,0.267563572,0.35193032,0.167664671,0.365853659
1.81657E-4,23.01552783,0.2682865,0.348634652,0.167664671,0.365853659
1.8266E-4,23.252629518,0.269369107,0.345574388,0.173652695,0.365853659
1.83365E-4,23.508819503,0.27012835,0.342278719,0.173652695,0.365853659
1.84762E-4,23.766602301,0.27162737,0.338983051,0.173652695,0.365853659
1.85948E-4,24.007601001,0.272894468,0.335922787,0.173652695,0.365853659
1.86923E-4,24.268663977,0.273933422,0.332627119,0.173652695,0.365853659
1.88049E-4,24.512282817,0.275130207,0.329566855,0.185628743,0.365853659
1.88768E-4,24.757304258,0.275891397,0.326506591,0.185628743,0.365853659
1.89748E-4,25.003320897,0.276927165,0.323446328,0.185628743,0.365853659
1.91167E-4,25.25113214,0.278421895,0.320386064,0.19760479,0.365853659
1.92225E-4,25.500518248,0.279532183,0.3173258,0.19760479,0.365853659
1.93619E-4,25.751509331,0.280989164,0.314265537,0.19760479,0.365853659
1.9488E-4,26.004076169,0.282302833,0.311205273,0.19760479,0.365853659
1.95473E-4,26.257771809,0.282918334,0.308145009,0.203592814,0.365853659
1.96539E-4,26.512687818,0.284023095,0.305084746,0.203592814,0.365853659
1.98185E-4,26.769252877,0.285722723,0.302024482,0.203592814,0.365853659
1.99165E-4,27.00786269,0.286730369,0.299199623,0.203592814,0.365853659
2.00449E-4,27.267576775,0.288046414,0.29613936,0.209580838,0.365853659
2.02421E-4,27.509760567,0.290057665,0.293314501,0.209580838,0.365853659
2.04085E-4,27.75370234,0.291746992,0.290489642,0.209580838,0.365853659
2.05074E-4,28.019562825,0.29274641,0.287429379,0.215568862,0.365853659
2.06469E-4,28.266361008,0.294152494,0.28460452,0.215568862,0.365853659
2.07964E-4,28.515121192,0.295652111,0.281779661,0.221556886,0.365853659
2.09615E-4,28.765608188,0.297301922,0.278954802,0.221556886,0.365853659
2.11865E-4,29.018511588,0.299536659,0.276129944,0.221556886,0.365853659
2.15522E-4,29.253765483,0.303139973,0.27354049,0.221556886,0.365853659
2.17308E-4,29.513772457,0.304886063,0.270715631,0.221556886,0.365853659
2.19933E-4,29.754331159,0.307436767,0.268126177,0.22754491,0.365853659
2.21064E-4,30.018956442,0.308530334,0.265301318,0.233532934,0.365853659
2.23208E-4,30.263563329,0.310593033,0.262711864,0.233532934,0.365853659
2.24699E-4,30.510040536,0.312020627,0.260122411,0.245508982,0.390243902
2.26304E-4,30.75822343,0.313550213,0.257532957,0.245508982,0.390243902
2.29408E-4,31.009393292,0.316490275,0.254943503,0.245508982,0.390243902
2.31465E-4,31.262968036,0.318424034,0.252354049,0.245508982,0.390243902
2.34233E-4,31.519385434,0.32100937,0.249764595,0.245508982,0.414634146
2.36137E-4,31.754806543,0.32277629,0.247410546,0.245508982,0.414634146
2.38301E-4,32.015652658,0.324773955,0.244821092,0.245508982,0.414634146
2.40632E-4,32.255363044,0.326912579,0.242467043,0.245508982,0.414634146
2.43604E-4,32.521717524,0.329618893,0.239877589,0.245508982,0.414634146
2.46888E-4,32.766726624,0.332584344,0.23752354,0.251497006,0.414634146
2.5089E-4,33.016097092,0.336163369,0.235169492,0.251497006,0.414634146
2.53804E-4,33.268401891,0.338745003,0.232815443,0.251497006,0.414634146
2.55225E-4,33.523029609,0.339997089,0.230461394,0.251497006,0.414634146
2.57462E-4,33.753812843,0.34195785,0.22834275,0.251497006,0.414634146
2.59572E-4,34.012207544,0.343796835,0.225988701,0.251497006,0.414634146
2.6166E-4,34.27286389,0.345607235,0.223634652,0.25748503,0.414634146
2.64314E-4,34.509512457,0.347892948,0.221516008,0.25748503,0.414634146
2.66138E-4,34.774835553,0.349454877,0.219161959,0.25748503,0.414634146
2.67891E-4,35.015247724,0.35094818,0.217043315,0.25748503,0.43902439
2.70105E-4,35.257424503,0.352825597,0.21492467,0.25748503,0.43902439
2.72229E-4,35.501813784,0.354616588,0.212806026,0.25748503,0.43902439
2.74828E-4,35.77522523,0.356794096,0.210451977,0.25748503,0.43902439
2.77376E-4,36.02371318,0.358914686,0.208333333,0.25748503,0.43902439
2.79752E-4,36.274598019,0.360879118,0.206214689,0.263473054,0.463414634
2.81381E-4,36.52709884,0.362219399,0.204096045,0.269461078,0.463414634
2.84064E-4,36.753803481,0.364414755,0.202212806,0.269461078,0.463414634
2.87774E-4,37.011339546,0.367425687,0.200094162,0.269461078,0.463414634
2.89891E-4,37.271471479,0.369130994,0.197975518,0.269461078,0.463414634
2.9226E-4,37.504727543,0.37102842,0.196092279,0.269461078,0.463414634
2.94034E-4,37.768575891,0.372441501,0.193973635,0.275449102,0.463414634
2.95955E-4,38.00454273,0.373964955,0.192090395,0.275449102,0.463414634
2.9853E-4,38.271981546,0.375995216,0.189971751,0.275449102,0.463414634
3.02065E-4,38.512628323,0.378761354,0.188088512,0.275449102,0.463414634
3.03781E-4,38.755101155,0.380094582,0.186205273,0.275449102,0.463414634
3.06593E-4,39.030048363,0.38226871,0.184086629,0.275449102,0.463414634
3.08787E-4,39.276186557,0.383953436,0.18220339,0.275449102,0.463414634
3.10238E-4,39.523815554,0.385063003,0.180320151,0.275449102,0.463414634
3.13066E-4,39.77358533,0.387214323,0.178436911,0.275449102,0.463414634
3.14726E-4,40.024705689,0.388469761,0.176553672,0.275449102,0.463414634
3.1685E-4,40.277244964,0.390068514,0.174670433,0.275449102,0.463414634
3.18868E-4,40.531704132,0.391580346,0.172787194,0.281437126,0.463414634
3.21585E-4,40.756068253,0.393603245,0.17113936,0.281437126,0.463414634
3.22776E-4,41.013824678,0.394486288,0.169256121,0.281437126,0.463414634
3.24191E-4,41.272754744,0.395531657,0.167372881,0.281437126,0.463414634
3.25276E-4,41.500039541,0.396330624,0.165725047,0.28742515,0.463414634
3.28287E-4,41.761356605,0.39853724,0.163841808,0.28742515,0.463414634
3.30685E-4,42.025206453,0.400283239,0.161958569,0.299401198,0.463414634
3.33084E-4,42.257598371,0.40201937,0.160310734,0.299401198,0.463414634
3.35638E-4,42.525176448,0.403857321,0.158427495,0.299401198,0.463414634
3.38096E-4,42.761101301,0.405615238,0.156779661,0.299401198,0.463414634
3.40317E-4,43.032730545,0.407194663,0.154896422,0.305389222,0.463414634
3.42215E-4,43.271851237,0.408537856,0.153248588,0.305389222,0.463414634
3.44096E-4,43.512122967,0.409863116,0.151600753,0.305389222,0.463414634
3.46344E-4,43.75388164,0.411439194,0.149952919,0.311377246,0.463414634
3.49584E-4,44.032615925,0.413695686,0.14806968,0.317365269,0.487804878
3.51101E-4,44.277928638,0.414746518,0.146421846,0.317365269,0.487804878
3.53404E-4,44.524622164,0.416333881,0.144774011,0.317365269,0.487804878
3.5482E-4,44.772510211,0.417305855,0.143126177,0.317365269,0.487804878
3.57952E-4,45.022216297,0.419444581,0.141478343,0.323353293,0.487804878
3.60654E-4,45.273576028,0.421277104,0.139830508,0.323353293,0.487804878
3.62161E-4,45.526416769,0.422294115,0.138182674,0.329341317,0.487804878
3.64141E-4,45.78069246,0.423624509,0.13653484,0.329341317,0.512195122
3.66574E-4,46.03613783,0.425251169,0.134887006,0.341317365,0.512195122
3.68454E-4,46.256754353,0.426502078,0.133474576,0.341317365,0.512195122
3.71643E-4,46.515799393,0.428611498,0.131826742,0.341317365,0.536585366
3.73826E-4,46.776635862,0.430046593,0.130178908,0.341317365,0.536585366
3.7513E-4,47.001345297,0.430900098,0.128766478,0.347305389,0.536585366
3.77162E-4,47.264628637,0.432225532,0.127118644,0.347305389,0.536585366
3.7939E-4,47.529784293,0.43367159,0.12547081,0.347305389,0.536585366
3.80596E-4,47.75778253,0.434451243,0.12405838,0.347305389,0.56097561
3.82101E-4,48.024897927,0.435420693,0.122410546,0.347305389,0.56097561
3.85317E-4,48.255123599,0.437482187,0.120998117,0.347305389,0.56097561
3.87533E-4,48.525821544,0.438893964,0.119350282,0.347305389,0.56097561
3.88885E-4,48.758761338,0.439752271,0.117937853,0.347305389,0.56097561
3.93978E-4,49.033147542,0.442960219,0.116290019,0.347305389,0.56097561
3.965E-4,49.270010424,0.444535279,0.114877589,0.347305389,0.56097561
4.00349E-4,49.509148024,0.446921649,0.11346516,0.347305389,0.56097561
4.03318E-4,49.750390524,0.448748647,0.112052731,0.347305389,0.56097561
4.06754E-4,50.034097037,0.450848389,0.110404896,0.347305389,0.56097561
4.09733E-4,50.279044727,0.452655321,0.108992467,0.347305389,0.56097561
4.11362E-4,50.525591463,0.453639025,0.107580038,0.347305389,0.56097561
4.16335E-4,50.774129741,0.456618905,0.106167608,0.359281437,0.56097561
4.19133E-4,51.024963605,0.458281405,0.104755179,0.359281437,0.56097561
4.24514E-4,51.278657078,0.461450092,0.10334275,0.365269461,0.56097561
4.38644E-4,51.537896209,0.469596722,0.10193032,0.365269461,0.56097561
4.44016E-4,51.759149959,0.472629307,0.100753296,0.371257485,0.56097561
4.46637E-4,52.026219548,0.474096757,0.099340866,0.377245509,0.56097561
4.50264E-4,52.250456114,0.476113673,0.098163842,0.377245509,0.56097561
4.53313E-4,52.521252393,0.477796974,0.096751412,0.383233533,0.585365854
4.5763E-4,52.794371225,0.480162643,0.095338983,0.389221557,0.585365854
4.59993E-4,53.024032471,0.481448359,0.094161959,0.395209581,0.585365854
4.63034E-4,53.254894792,0.483093259,0.092984934,0.407185629,0.585365854
4.72389E-4,53.535332027,0.488089954,0.091572505,0.407185629,0.585365854
4.77696E-4,53.773536657,0.490881474,0.09039548,0.419161677,0.585365854
4.81206E-4,54.013508689,0.492711287,0.089218456,0.431137725,0.585365854
4.85979E-4,54.254964284,0.495178489,0.088041431,0.431137725,0.585365854
4.92739E-4,54.548431918,0.498631985,0.086629002,0.431137725,0.585365854
5.00058E-4,54.796498667,0.5023177,0.085451977,0.443113772,0.609756098
5.04455E-4,55.047533298,0.504506209,0.084274953,0.45508982,0.609756098
5.07452E-4,55.250129347,0.505987261,0.083333333,0.461077844,0.609756098
5.11213E-4,55.504706038,0.507832671,0.082156309,0.473053892,0.609756098
5.15864E-4,55.761469286,0.510096402,0.080979284,0.479041916,0.634146341
5.21088E-4,56.020700039,0.51261376,0.07980226,0.491017964,0.634146341
5.24946E-4,56.282127639,0.514456819,0.078625235,0.491017964,0.634146341
5.30036E-4,56.545971661,0.516866831,0.077448211,0.491017964,0.634146341
5.31566E-4,56.758573894,0.517586484,0.076506591,0.491017964,0.634146341
5.34003E-4,57.024856388,0.518728658,0.075329567,0.497005988,0.658536585
5.37165E-4,57.292761676,0.520202137,0.074152542,0.502994012,0.658536585
5.39139E-4,57.508257926,0.521117551,0.073210923,0.502994012,0.658536585
5.4464E-4,57.779963723,0.523650352,0.072033898,0.508982036,0.658536585
5.48914E-4,58.053070507,0.525600056,0.070856874,0.51497006,0.658536585
5.51985E-4,58.273316021,0.526990962,0.069915254,0.520958084,0.658536585
5.63075E-4,58.552282046,0.531946479,0.06873823,0.520958084,0.658536585
5.76025E-4,58.780024901,0.537603493,0.06779661,0.520958084,0.682926829
5.82228E-4,59.011637682,0.540265121,0.066854991,0.520958084,0.707317073
5.89031E-4,59.304830273,0.543149153,0.065677966,0.526946108,0.707317073
5.95787E-4,59.542511158,0.545977246,0.064736347,0.538922156,0.707317073
6.00141E-4,59.781804769,0.54778185,0.063794727,0.54491018,0.707317073
6.08617E-4,60.02363767,0.551253611,0.062853107,0.54491018,0.707317073
6.15373E-4,60.26871941,0.553982977,0.061911488,0.54491018,0.707317073
6.23784E-4,60.516875077,0.557334826,0.060969868,0.54491018,0.707317073
6.32865E-4,60.767697459,0.560897509,0.060028249,0.54491018,0.707317073
6.37336E-4,61.022201031,0.56263055,0.059086629,0.550898204,0.707317073
6.47938E-4,61.279729266,0.566686057,0.058145009,0.550898204,0.731707317
6.55381E-4,61.54067685,0.569488529,0.05720339,0.550898204,0.756097561
6.73692E-4,61.805981435,0.576230945,0.05626177,0.550898204,0.756097561
6.75814E-4,62.008618189,0.576998809,0.055555556,0.550898204,0.756097561
6.84537E-4,62.281288067,0.580126005,0.054613936,0.550898204,0.780487805
6.94542E-4,62.557423129,0.583656021,0.053672316,0.550898204,0.780487805
6.98603E-4,62.766507552,0.585071945,0.052966102,0.550898204,0.780487805
7.08515E-4,63.04751726,0.588488163,0.052024482,0.556886228,0.780487805
7.1652E-4,63.261833983,0.591206145,0.051318267,0.556886228,0.780487805
7.208E-4,63.549628233,0.592644689,0.050376648,0.562874251,0.780487805
7.21361E-4,63.76594665,0.592832349,0.049670433,0.562874251,0.780487805
7.29734E-4,64.056345527,0.595615144,0.048728814,0.568862275,0.780487805
7.40509E-4,64.278250427,0.599140446,0.048022599,0.568862275,0.780487805
7.4399E-4,64.500839919,0.600266448,0.047316384,0.568862275,0.804878049
7.5665E-4,64.802802388,0.60430806,0.046374765,0.574850299,0.804878049
7.68895E-4,65.032384896,0.608140301,0.04566855,0.574850299,0.804878049
7.94441E-4,65.267788363,0.615901121,0.044962335,0.580838323,0.804878049
8.04903E-4,65.508025453,0.618991425,0.044256121,0.580838323,0.804878049
8.142E-4,65.75118558,0.621696042,0.043549906,0.586826347,0.804878049
8.36478E-4,66.082558254,0.628023639,0.042608286,0.592814371,0.804878049
8.63856E-4,66.255019627,0.635515723,0.042137476,0.598802395,0.804878049
8.65737E-4,66.514541591,0.636019409,0.041431262,0.604790419,0.804878049
8.90193E-4,66.779345208,0.642443518,0.040725047,0.610778443,0.804878049
9.01091E-4,67.048933073,0.645233908,0.040018832,0.610778443,0.804878049
9.34199E-4,67.326829721,0.653449686,0.039312618,0.610778443,0.804878049
9.41924E-4,67.514804341,0.655312155,0.038841808,0.610778443,0.804878049
9.55117E-4,67.800059468,0.658447042,0.038135593,0.616766467,0.804878049
9.73342E-4,68.090477813,0.66268517,0.037429379,0.628742515,0.804878049
9.8171E-4,68.286206548,0.6645959,0.036958569,0.634730539,0.804878049
1.00113E-3,68.585764744,0.668947363,0.036252354,0.634730539,0.804878049
1.03299E-3,68.791154094,0.675848799,0.035781544,0.634730539,0.829268293
1.0427E-3,69.103542841,0.677894509,0.03507533,0.640718563,0.829268293
1.04733E-3,69.312628142,0.67886242,0.03460452,0.646706587,0.829268293
1.0571E-3,69.523658806,0.680883687,0.03413371,0.652694611,0.829268293
1.08646E-3,69.848861095,0.686806123,0.033427495,0.652694611,0.829268293
1.09503E-3,70.067700766,0.688494119,0.032956685,0.652694611,0.829268293
1.09874E-3,70.287130319,0.689218503,0.032485876,0.652694611,0.829268293
1.11368E-3,70.509665486,0.692103337,0.032015066,0.658682635,0.829268293
1.129E-3,70.84741585,0.695007746,0.031308851,0.664670659,0.829268293
1.14126E-3,71.075156888,0.697292865,0.030838041,0.664670659,0.829268293
1.15715E-3,71.305945767,0.70020174,0.030367232,0.664670659,0.829268293
1.16966E-3,71.538632789,0.702454824,0.029896422,0.664670659,0.829268293
1.18539E-3,71.775649838,0.705239985,0.029425612,0.664670659,0.829268293
1.18673E-3,72.012867954,0.705475219,0.028954802,0.664670659,0.829268293
1.19885E-3,72.25257101,0.707580738,0.028483992,0.670658683,0.853658537
1.20495E-3,72.613041835,0.708629468,0.027777778,0.676646707,0.853658537
1.21652E-3,72.85581151,0.710598709,0.027306968,0.682634731,0.853658537
1.22831E-3,73.101123396,0.712578867,0.026836158,0.688622754,0.853658537
1.23934E-3,73.348676151,0.714406069,0.026365348,0.700598802,0.853658537
1.27938E-3,73.601048846,0.720848695,0.025894539,0.700598802,0.853658537
1.28853E-3,73.858686312,0.722281637,0.025423729,0.706586826,0.853658537
1.29943E-3,74.118242115,0.723967863,0.024952919,0.71257485,0.853658537
1.31125E-3,74.380403986,0.725773659,0.024482109,0.724550898,0.853658537
1.31169E-3,74.511573159,0.725840568,0.024246704,0.724550898,0.853658537
1.33393E-3,74.77676388,0.729173262,0.023775895,0.724550898,0.87804878
1.34092E-3,75.044370035,0.730203807,0.023305085,0.730538922,0.87804878
1.34865E-3,75.313402898,0.731334785,0.022834275,0.736526946,0.87804878
1.35806E-3,75.584214806,0.732698457,0.022363465,0.74251497,0.87804878
1.41506E-3,75.867061578,0.74067398,0.021892655,0.74251497,0.87804878
1.44456E-3,76.011517376,0.744617123,0.02165725,0.748502994,0.87804878
1.47718E-3,76.304400357,0.748839944,0.021186441,0.754491018,0.902439024
1.57833E-3,76.612135734,0.761090619,0.020715631,0.760479042,0.902439024
1.58127E-3,76.770262891,0.761429404,0.020480226,0.760479042,0.902439024
1.60375E-3,77.089483177,0.763983939,0.020009416,0.760479042,0.902439024
1.63286E-3,77.252768902,0.76721187,0.019774011,0.766467066,0.902439024
1.65683E-3,77.582129057,0.769804738,0.019303202,0.766467066,0.902439024
1.67727E-3,77.916447879,0.771969912,0.018832392,0.766467066,0.902439024
1.70872E-3,78.087319844,0.775223923,0.018596987,0.77245509,0.902439024
1.73598E-3,78.260918321,0.777970392,0.018361582,0.778443114,0.902439024
1.7641E-3,78.611057413,0.780732985,0.017890772,0.778443114,0.902439024
1.81506E-3,78.792563733,0.785569485,0.017655367,0.784431138,0.902439024
1.90709E-3,79.164798511,0.793782663,0.017184557,0.790419162,0.902439024
1.91144E-3,79.355942728,0.794155932,0.016949153,0.796407186,0.902439024
1.94192E-3,79.550134244,0.796729491,0.016713748,0.796407186,0.902439024
1.94411E-3,79.938713251,0.796912206,0.016242938,0.80239521,0.902439024
1.96873E-3,80.135615285,0.798941778,0.016007533,0.808383234,0.902439024
1.98957E-3,80.334571933,0.800627306,0.015772128,0.814371257,0.902439024
1.99011E-3,80.533582458,0.800670523,0.015536723,0.814371257,0.902439024
1.99979E-3,80.932712201,0.801443885,0.015065913,0.820359281,0.902439024
2.00436E-3,81.133147946,0.801806967,0.014830508,0.826347305,0.902439024
2.0201E-3,81.335158009,0.80304733,0.014595104,0.826347305,0.902439024
2.04172E-3,81.539330304,0.804725806,0.014359699,0.832335329,0.902439024
2.05609E-3,81.949965427,0.805825134,0.013888889,0.844311377,0.902439024
2.06057E-3,82.156022141,0.806165466,0.013653484,0.844311377,0.902439024
2.06337E-3,82.362359484,0.806378047,0.013418079,0.844311377,0.902439024
2.06871E-3,82.569230931,0.806781353,0.013182674,0.844311377,0.902439024
2.07928E-3,82.777158599,0.80757399,0.012947269,0.844311377,0.902439024
2.14075E-3,83.200203687,0.812061311,0.01247646,0.850299401,0.902439024
2.14539E-3,83.414742709,0.812391396,0.012241055,0.850299401,0.902439024
2.15051E-3,83.629794138,0.812754712,0.01200565,0.856287425,0.902439024
2.16628E-3,83.84642213,0.813863783,0.011770245,0.856287425,0.902439024
2.20107E-3,84.066529407,0.816265478,0.01153484,0.856287425,0.902439024
2.21173E-3,84.287702862,0.816989087,0.011299435,0.856287425,0.902439024
2.2483E-3,84.512533028,0.819428155,0.01106403,0.856287425,0.902439024
2.31703E-3,84.971423678,0.823840488,0.01059322,0.856287425,0.902439024
2.3454E-3,85.205963292,0.825599757,0.010357815,0.862275449,0.902439024
2.34674E-3,85.440637151,0.825682132,0.010122411,0.868263473,0.902439024
2.39267E-3,85.617325343,0.828454587,0.009887006,0.868263473,0.902439024
2.4163E-3,85.923204648,0.829846512,0.009651601,0.868263473,0.926829268
2.42134E-3,86.165338962,0.830140774,0.009416196,0.874251497,0.926829268
2.43894E-3,86.409232721,0.831159245,0.009180791,0.880239521,0.926829268
2.46518E-3,86.655751176,0.832656074,0.008945386,0.880239521,0.926829268
2.46865E-3,86.902616306,0.832851797,0.008709981,0.886227545,0.926829268
2.50218E-3,87.152834681,0.834721573,0.008474576,0.886227545,0.926829268
2.52816E-3,87.405650573,0.836141447,0.008239171,0.886227545,0.926829268
2.53532E-3,87.659183022,0.836528854,0.008003766,0.886227545,0.926829268
2.54242E-3,87.913424557,0.836910422,0.007768362,0.886227545,0.926829268
2.59637E-3,88.17306155,0.839756464,0.007532957,0.886227545,0.926829268
2.63247E-3,88.436308315,0.841605758,0.007297552,0.892215569,0.926829268
2.66921E-3,88.703228817,0.843444505,0.007062147,0.892215569,0.926829268
2.68165E-3,88.971393814,0.844057747,0.006826742,0.892215569,0.926829268
2.68262E-3,89.239655771,0.844105323,0.006591337,0.892215569,0.926829268
2.69273E-3,89.508928557,0.844599597,0.006355932,0.898203593,0.926829268
2.76052E-3,89.784980752,0.847835267,0.006120527,0.898203593,0.926829268
2.79241E-3,90.064221335,0.849310883,0.005885122,0.904191617,0.926829268
2.80433E-3,90.344653998,0.849855265,0.005649718,0.904191617,0.926829268
2.80979E-3,90.625633405,0.850103631,0.005414313,0.910179641,0.926829268
2.82195E-3,90.907828738,0.850653046,0.005178908,0.916167665,0.926829268
2.8404E-3,91.19186901,0.851479032,0.004943503,0.916167665,0.926829268
2.85945E-3,91.47781374,0.852322135,0.004708098,0.922155689,0.926829268
2.86695E-3,91.764509138,0.852651831,0.004472693,0.928143713,0.926829268
2.91583E-3,92.056092087,0.854762984,0.004237288,0.928143713,0.926829268
3.05283E-3,92.361375586,0.860370851,0.004001883,0.928143713,0.926829268
3.10707E-3,92.672082385,0.862472859,0.003766478,0.934131737,0.926829268
3.26392E-3,92.998474859,0.868211074,0.003531073,0.94011976,0.926829268
3.28568E-3,93.327042652,0.868969269,0.003295669,0.946107784,0.926829268
3.40262E-3,93.667304301,0.872900083,0.003060264,0.952095808,0.926829268
4.48908E-3,94.116212548,0.90060377,0.002824859,0.958083832,0.926829268
4.51751E-3,94.567963169,0.901167353,0.002589454,0.958083832,0.926829268
4.59887E-3,95.027849936,0.902745814,0.002354049,0.958083832,0.926829268
4.60477E-3,95.48832726,0.902858425,0.002118644,0.958083832,0.926829268
4.70613E-3,95.958940189,0.904751292,0.001883239,0.964071856,0.926829268
4.74856E-3,96.433796483,0.905522029,0.001647834,0.97005988,0.926829268
4.76861E-3,96.670899936,0.905881779,0.001412429,0.976047904,0.926829268
4.78905E-3,96.91270134,0.906245845,0.001412429,0.976047904,0.951219512
5.0309E-3,97.415791235,0.910348827,0.001177024,0.982035928,0.951219512
5.09129E-3,97.924920334,0.911317947,0.00094162,0.988023952,0.951219512
5.42906E-3,98.203223977,0.916373838,0.000706215,0.988023952,0.951219512
5.79455E-3,98.504375157,0.921233111,0.000706215,0.988023952,0.975609756
5.89752E-3,99.094126664,0.922501754,0.00047081,0.994011976,0.975609756
8.24551E-3,99.766963231,0.943319314,0.000235405,0.994011976,0.975609756
9.05873E-3,100,0.948143825,0.000235405,0.994011976,1
