x,y,species_4 logistic values
1.0,1.0,0.4506528
2.0,2.0,0.80757403
3.0,3.0,0.10074605
4.0,4.0,0.38795844
5.0,5.0,0.055000603
6.0,6.0,0.09005977
7.0,7.0,0.05524008
8.0,8.0,0.04412994
9.0,9.0,0.4348208
10.0,10.0,0.0875241
11.0,11.0,0.064510725
12.0,12.0,0.04965383
13.0,13.0,0.08775032
14.0,14.0,0.14478312
15.0,15.0,0.052663114
16.0,16.0,0.04782272
17.0,17.0,0.15525353
18.0,18.0,0.09379785
19.0,19.0,0.310593
20.0,20.0,0.072709695
21.0,21.0,0.15525495
22.0,22.0,0.37452438
23.0,23.0,0.38444296
24.0,24.0,0.117861114
25.0,25.0,0.2579395
26.0,26.0,0.10478635
27.0,27.0,0.8058251
28.0,28.0,0.21046977
29.0,29.0,0.15914181
30.0,30.0,0.3845851
31.0,31.0,0.074016675
32.0,32.0,0.2261567
33.0,33.0,0.115131736
34.0,34.0,0.16990747
35.0,35.0,0.11340895
36.0,36.0,0.27435532
37.0,37.0,0.23579316
38.0,38.0,0.17541356
39.0,39.0,0.17597213
40.0,40.0,0.06082513
41.0,41.0,0.05662861
42.0,42.0,0.25440615
43.0,43.0,0.2498449
44.0,44.0,0.17524622
45.0,45.0,0.056453716
46.0,46.0,0.1588712
47.0,47.0,0.05654463
48.0,48.0,0.36567178
49.0,49.0,0.14884894
50.0,50.0,0.43114966
51.0,51.0,0.0758795
52.0,52.0,0.29565206
53.0,53.0,0.23401739
54.0,54.0,0.16759053
55.0,55.0,0.19479218
56.0,56.0,0.19819567
57.0,57.0,0.0758949
58.0,58.0,0.11234552
59.0,59.0,0.53774875
60.0,60.0,0.16190448
61.0,61.0,0.053089507
62.0,62.0,0.27197105
63.0,63.0,0.51758647
64.0,64.0,0.16986948
65.0,65.0,0.34732166
66.0,66.0,0.4200797
67.0,67.0,0.1814834
68.0,68.0,0.35224685
69.0,69.0,0.08483674
70.0,70.0,0.20578645
71.0,71.0,0.15498622
72.0,72.0,0.044643607
73.0,73.0,0.36499652
74.0,74.0,0.09525887
75.0,75.0,0.45363906
76.0,76.0,0.09496299
77.0,77.0,0.39718416
78.0,78.0,0.24833387
79.0,79.0,0.08319243
80.0,80.0,0.1671987
81.0,81.0,0.04823576
82.0,82.0,0.55744505
83.0,83.0,0.19373561
84.0,84.0,0.2149641
85.0,85.0,0.24266374
86.0,86.0,0.15879662
87.0,87.0,0.5134957
88.0,88.0,0.57695264
89.0,89.0,0.24876662
90.0,90.0,0.1351642
91.0,91.0,0.12800486
92.0,92.0,0.11626778
93.0,93.0,0.039545115
94.0,94.0,0.3456072
95.0,95.0,0.024640126
96.0,96.0,0.07477563
97.0,97.0,0.030767895
98.0,98.0,0.28372908
99.0,99.0,0.65432566
100.0,100.0,0.020568335
101.0,101.0,0.2838679
102.0,102.0,0.6921033
103.0,103.0,0.099474505
104.0,104.0,0.5483246
105.0,105.0,0.024143754
106.0,106.0,0.53106076
107.0,107.0,0.0976264
108.0,108.0,0.27151138
109.0,109.0,0.2297698
110.0,110.0,0.17434636
111.0,111.0,0.29452828
112.0,112.0,0.1990075
113.0,113.0,0.22736725
114.0,114.0,0.055499014
115.0,115.0,0.44697294
116.0,116.0,0.209637
117.0,117.0,0.04662519
118.0,118.0,0.21915288
119.0,119.0,0.039386887
120.0,120.0,0.28412703
121.0,121.0,0.12617752
122.0,122.0,0.17278363
123.0,123.0,0.247461
124.0,124.0,0.124281056
125.0,125.0,0.4969326
126.0,126.0,0.25230375
127.0,127.0,0.33843273
128.0,128.0,0.2382036
129.0,129.0,0.1892481
130.0,130.0,0.08641545
131.0,131.0,0.34465402
132.0,132.0,0.045563087
133.0,133.0,0.0678197
134.0,134.0,0.3845765
135.0,135.0,0.45265532
136.0,136.0,0.29176682
137.0,137.0,0.20828295
138.0,138.0,0.14614944
139.0,139.0,0.23273139
140.0,140.0,0.050657168
141.0,141.0,0.054155152
142.0,142.0,0.06778131
143.0,143.0,0.27057266
144.0,144.0,0.39637756
145.0,145.0,0.19509862
146.0,146.0,0.19468275
147.0,147.0,0.31184915
148.0,148.0,0.106463864
149.0,149.0,0.093834035
150.0,150.0,0.2499776
151.0,151.0,0.24218561
152.0,152.0,0.8209667
153.0,153.0,0.45147628
154.0,154.0,0.45929748
155.0,155.0,0.11604751
156.0,156.0,0.07575391
157.0,157.0,0.5151172
158.0,158.0,0.36126325
159.0,159.0,0.09747933
160.0,160.0,0.23246066
161.0,161.0,0.2507592
162.0,162.0,0.25070342
163.0,163.0,0.16834375
164.0,164.0,0.19549663
165.0,165.0,0.14561068
166.0,166.0,0.09466841
167.0,167.0,0.52369297
168.0,168.0,0.21531245
169.0,169.0,0.302511
170.0,170.0,0.1577284
171.0,171.0,0.19718826
172.0,172.0,0.16965681
173.0,173.0,0.14574794
174.0,174.0,0.05693956
175.0,175.0,0.052500214
176.0,176.0,0.30996412
177.0,177.0,0.39158034
178.0,178.0,0.23742336
179.0,179.0,0.33536705
180.0,180.0,0.15422538
181.0,181.0,0.20097731
182.0,182.0,0.086068325
183.0,183.0,0.24801923
184.0,184.0,0.41143915
185.0,185.0,0.07169687
186.0,186.0,0.36087492
187.0,187.0,0.22613013
188.0,188.0,0.18438365
189.0,189.0,0.28996697
190.0,190.0,0.2804944
191.0,191.0,0.28241494
192.0,192.0,0.050895136
193.0,193.0,0.41088268
194.0,194.0,0.18139862
195.0,195.0,0.28885183
196.0,196.0,0.4139228
197.0,197.0,0.2860484
198.0,198.0,0.067972384
199.0,199.0,0.20304957
200.0,200.0,0.14436829
201.0,201.0,0.16061415
202.0,202.0,0.38000554
203.0,203.0,0.17107777
204.0,204.0,0.011693585
205.0,205.0,0.23789056
206.0,206.0,0.31830043
207.0,207.0,0.5060076
208.0,208.0,0.3041871
209.0,209.0,0.06351285
210.0,210.0,0.08465314
211.0,211.0,0.2369202
212.0,212.0,0.05810683
213.0,213.0,0.21291973
214.0,214.0,0.52105534
215.0,215.0,0.21748199
216.0,216.0,0.05915489
217.0,217.0,0.20929201
218.0,218.0,0.10508851
219.0,219.0,0.08499646
220.0,220.0,0.0308373
221.0,221.0,0.037721004
222.0,222.0,0.13774708
223.0,223.0,0.24429034
224.0,224.0,0.06909477
225.0,225.0,0.09919005
226.0,226.0,0.34266984
227.0,227.0,0.28263226
228.0,228.0,0.42391577
229.0,229.0,0.2750355
230.0,230.0,0.06742045
231.0,231.0,0.00940558
232.0,232.0,0.20907088
233.0,233.0,0.078834444
234.0,234.0,0.07976851
235.0,235.0,0.041745987
236.0,236.0,0.19103381
237.0,237.0,0.39497516
238.0,238.0,0.05500028
239.0,239.0,0.1539037
240.0,240.0,0.23797777
241.0,241.0,0.22802304
242.0,242.0,0.084021315
243.0,243.0,0.2758293
244.0,244.0,0.45736194
245.0,245.0,0.40278542
246.0,246.0,0.24191707
247.0,247.0,0.26376587
248.0,248.0,0.04762152
249.0,249.0,0.22887844
250.0,250.0,0.19630814
251.0,251.0,0.31486315
252.0,252.0,0.20969705
253.0,253.0,0.081760794
254.0,254.0,0.094888985
255.0,255.0,0.1673643
256.0,256.0,0.537608
257.0,257.0,0.15662336
258.0,258.0,0.0841131
259.0,259.0,0.10096141
260.0,260.0,0.26131842
261.0,261.0,0.082139775
262.0,262.0,0.39553168
263.0,263.0,0.30465746
264.0,264.0,0.19212429
265.0,265.0,0.12901889
266.0,266.0,0.050286956
267.0,267.0,0.26542473
268.0,268.0,0.05482062
269.0,269.0,0.17414883
270.0,270.0,0.292816
271.0,271.0,0.07128683
272.0,272.0,0.7515916
273.0,273.0,0.12996332
274.0,274.0,0.84405774
275.0,275.0,0.37256113
276.0,276.0,0.24115014
277.0,277.0,0.057293255
278.0,278.0,0.25907227
279.0,279.0,0.10838456
280.0,280.0,0.24571557
281.0,281.0,0.29174703
282.0,282.0,0.5617866
283.0,283.0,0.09478672
284.0,284.0,0.22973855
285.0,285.0,0.12425596
286.0,286.0,0.35818285
287.0,287.0,0.06023625
288.0,288.0,0.25234067
289.0,289.0,0.20702843
290.0,290.0,0.16351576
291.0,291.0,0.20599791
292.0,292.0,0.058305204
293.0,293.0,0.17200254
294.0,294.0,0.03259709
295.0,295.0,0.17516276
296.0,296.0,0.040042926
297.0,297.0,0.16855335
298.0,298.0,0.16800365
299.0,299.0,0.40696082
300.0,300.0,0.2419868
301.0,301.0,0.22420275
302.0,302.0,0.018920511
303.0,303.0,0.31198874
304.0,304.0,0.10852666
305.0,305.0,0.8006273
306.0,306.0,0.17194773
307.0,307.0,0.27004611
308.0,308.0,0.40859607
309.0,309.0,0.16910815
310.0,310.0,0.092403516
311.0,311.0,0.35003138
312.0,312.0,0.09339518
313.0,313.0,0.4530914
314.0,314.0,0.25277352
315.0,315.0,0.17994554
316.0,316.0,0.411646
317.0,317.0,0.18930745
318.0,318.0,0.35101968
319.0,319.0,0.09844282
320.0,320.0,0.7326985
321.0,321.0,0.8127547
322.0,322.0,0.11971427
323.0,323.0,0.15923618
324.0,324.0,0.2026366
325.0,325.0,0.2680069
326.0,326.0,0.06305723
327.0,327.0,0.4765689
328.0,328.0,0.35391387
329.0,329.0,0.010026444
330.0,330.0,0.17011133
331.0,331.0,0.13019004
332.0,332.0,0.13482723
333.0,333.0,0.09227519
334.0,334.0,0.8445996
335.0,335.0,0.13795666
336.0,336.0,0.20615123
337.0,337.0,0.27953216
338.0,338.0,0.65606374
339.0,339.0,0.14013036
340.0,340.0,0.214204
341.0,341.0,0.22236723
342.0,342.0,0.3459243
343.0,343.0,0.5319465
344.0,344.0,0.28676337
345.0,345.0,0.23876444
346.0,346.0,0.030846346
347.0,347.0,0.4850698
348.0,348.0,0.12234945
349.0,349.0,0.063918695
350.0,350.0,0.34325343
351.0,351.0,0.10889488
352.0,352.0,0.6449272
353.0,353.0,0.2297489
354.0,354.0,0.1712195
355.0,355.0,0.037990395
356.0,356.0,0.28670818
357.0,357.0,0.18134478
358.0,358.0,0.23604442
359.0,359.0,0.3302543
360.0,360.0,0.3014035
361.0,361.0,0.4002833
362.0,362.0,0.28711513
363.0,363.0,0.23800719
364.0,364.0,0.18723972
365.0,365.0,0.85065305
366.0,366.0,0.22746477
367.0,367.0,0.42735225
368.0,368.0,0.3654335
369.0,369.0,0.009952735
370.0,370.0,0.4237817
371.0,371.0,0.19377801
372.0,372.0,0.22308452
373.0,373.0,0.23481263
374.0,374.0,0.4276307
375.0,375.0,0.010587368
376.0,376.0,0.68680614
377.0,377.0,0.24710608
378.0,378.0,0.2408688
379.0,379.0,0.2813027
380.0,380.0,0.19847369
381.0,381.0,0.0532342
382.0,382.0,0.40262762
383.0,383.0,0.07317293
384.0,384.0,0.051153924
385.0,385.0,0.2828773
386.0,386.0,0.116734035
387.0,387.0,0.39791605
388.0,388.0,0.08261601
389.0,389.0,0.1248108
390.0,390.0,0.08289512
391.0,391.0,0.15976669
392.0,392.0,0.36072928
393.0,393.0,0.2973723
394.0,394.0,0.14206675
395.0,395.0,0.1862649
396.0,396.0,0.28659946
397.0,397.0,0.5927111
398.0,398.0,0.042829465
399.0,399.0,0.04407407
400.0,400.0,0.13745436
401.0,401.0,0.060562357
402.0,402.0,0.21215709
403.0,403.0,0.3102875
404.0,404.0,0.056902934
405.0,405.0,0.1556735
406.0,406.0,0.25706446
407.0,407.0,0.2805562
408.0,408.0,0.4388459
409.0,409.0,0.22753607
410.0,410.0,0.42041278
411.0,411.0,0.40201935
412.0,412.0,0.12112951
413.0,413.0,0.43196225
414.0,414.0,0.12208305
415.0,415.0,0.009116743
416.0,416.0,0.38345963
417.0,417.0,0.42858568
418.0,418.0,0.38749143
419.0,419.0,0.25276163
420.0,420.0,0.12050694
421.0,421.0,0.24808861
422.0,422.0,0.4730535
423.0,423.0,0.20112899
424.0,424.0,0.32646555
425.0,425.0,0.23309827
426.0,426.0,0.8018069
427.0,427.0,0.05830003
428.0,428.0,0.16928038
429.0,429.0,0.18537809
430.0,430.0,0.40719464
431.0,431.0,0.18661745
432.0,432.0,0.106105
433.0,433.0,0.42000845
434.0,434.0,0.14609931
435.0,435.0,0.29426563
436.0,436.0,0.2676842
437.0,437.0,0.14298788
438.0,438.0,0.04632832
439.0,439.0,0.10543525
440.0,440.0,0.28956285
441.0,441.0,0.5836866
442.0,442.0,0.27205595
443.0,443.0,0.34734625
444.0,444.0,0.08557308
445.0,445.0,0.09762756
446.0,446.0,0.025347002
447.0,447.0,0.5399554
448.0,448.0,0.26553014
449.0,449.0,0.24545553
450.0,450.0,0.08654748
451.0,451.0,0.07341707
452.0,452.0,0.3783726
453.0,453.0,0.22139893
454.0,454.0,0.28310958
455.0,455.0,0.1132092
456.0,456.0,0.55515593
457.0,457.0,0.29013926
458.0,458.0,0.43410107
459.0,459.0,0.15376906
460.0,460.0,0.21459702
461.0,461.0,0.35540873
462.0,462.0,0.06926381
463.0,463.0,0.24538603
464.0,464.0,0.22188793
465.0,465.0,0.30180478
466.0,466.0,0.7622517
467.0,467.0,0.45659763
468.0,468.0,0.3954521
469.0,469.0,0.41730586
470.0,470.0,0.35749617
471.0,471.0,0.037254475
472.0,472.0,0.85265183
473.0,473.0,0.1284498
474.0,474.0,0.41965407
475.0,475.0,0.10021652
476.0,476.0,0.27355835
477.0,477.0,0.23645909
478.0,478.0,0.17770514
479.0,479.0,0.21849512
480.0,480.0,0.2409834
481.0,481.0,0.37197617
482.0,482.0,0.5126138
483.0,483.0,0.29538408
484.0,484.0,0.48261395
485.0,485.0,0.3227652
486.0,486.0,0.07691952
487.0,487.0,0.28691602
488.0,488.0,0.11523446
489.0,489.0,0.24093598
490.0,490.0,0.43857175
491.0,491.0,0.046537317
492.0,492.0,0.35703817
493.0,493.0,0.29713202
494.0,494.0,0.36441478
495.0,495.0,0.41310897
496.0,496.0,0.21279195
497.0,497.0,0.061865058
498.0,498.0,0.055727378
499.0,499.0,0.24136242
500.0,500.0,0.37474662
501.0,501.0,0.28098917
502.0,502.0,0.21315087
503.0,503.0,0.08356068
504.0,504.0,0.26014063
505.0,505.0,0.12391264
506.0,506.0,0.052676223
507.0,507.0,0.31054717
508.0,508.0,0.4298737
509.0,509.0,0.049955804
510.0,510.0,0.011392072
511.0,511.0,0.05513256
512.0,512.0,0.14563984
513.0,513.0,0.10734464
514.0,514.0,0.08709682
515.0,515.0,0.04847691
516.0,516.0,0.1660842
517.0,517.0,0.053538885
518.0,518.0,0.4403612
519.0,519.0,0.035214435
520.0,520.0,0.38852695
521.0,521.0,0.5495985
522.0,522.0,0.05385602
523.0,523.0,0.24159782
524.0,524.0,0.2711792
525.0,525.0,0.07162805
526.0,526.0,0.09734579
527.0,527.0,0.06762728
528.0,528.0,0.17512363
529.0,529.0,0.41499725
530.0,530.0,0.2833296
531.0,531.0,0.4928651
532.0,532.0,0.091760695
533.0,533.0,0.35237643
534.0,534.0,0.045638934
535.0,535.0,0.15848772
536.0,536.0,0.80678135
537.0,537.0,0.13464996
538.0,538.0,0.17250468
539.0,539.0,0.21242623
540.0,540.0,0.15553668
541.0,541.0,0.29274642
542.0,542.0,0.3156032
543.0,543.0,0.1509232
544.0,544.0,0.13105863
545.0,545.0,0.43445116
546.0,546.0,0.07796557
547.0,547.0,0.19251287
548.0,548.0,0.1988602
549.0,549.0,0.9027458
550.0,550.0,0.48016274
551.0,551.0,0.4582814
552.0,552.0,0.43042436
553.0,553.0,0.1352088
554.0,554.0,0.056557566
555.0,555.0,0.604308
556.0,556.0,0.22193556
557.0,557.0,0.0892949
558.0,558.0,0.068348676
559.0,559.0,0.4035004
560.0,560.0,0.3207174
561.0,561.0,0.032972462
562.0,562.0,0.04125314
563.0,563.0,0.24085395
564.0,564.0,0.15068977
565.0,565.0,0.09379779
566.0,566.0,0.42525116
567.0,567.0,0.26289707
568.0,568.0,0.087521136
569.0,569.0,0.09005483
570.0,570.0,0.06506942
571.0,571.0,0.23903209
572.0,572.0,0.12683053
573.0,573.0,0.1804307
574.0,574.0,0.4077352
575.0,575.0,0.14927396
576.0,576.0,0.42145458
577.0,577.0,0.2322213
578.0,578.0,0.08048341
579.0,579.0,0.10161111
580.0,580.0,0.43510494
581.0,581.0,0.0661913
582.0,582.0,0.09227022
583.0,583.0,0.3367461
584.0,584.0,0.2993324
585.0,585.0,0.32750142
586.0,586.0,0.09894545
587.0,587.0,0.019507702
588.0,588.0,0.035680708
589.0,589.0,0.52111757
590.0,590.0,0.19066453
591.0,591.0,0.06676604
592.0,592.0,0.18031256
593.0,593.0,0.031462584
594.0,594.0,0.28423303
595.0,595.0,0.116826296
596.0,596.0,0.19994016
597.0,597.0,0.338745
598.0,598.0,0.058790542
599.0,599.0,0.10539702
600.0,600.0,0.16687863
601.0,601.0,0.14996693
602.0,602.0,0.015494209
603.0,603.0,0.4169794
604.0,604.0,0.22852954
605.0,605.0,0.23545955
606.0,606.0,0.04766472
607.0,607.0,0.44269285
608.0,608.0,0.15270112
609.0,609.0,0.6071654
610.0,610.0,0.24079667
611.0,611.0,0.2894719
612.0,612.0,0.058181096
613.0,613.0,0.11476652
614.0,614.0,0.051758617
615.0,615.0,0.23732132
616.0,616.0,0.13156882
617.0,617.0,0.24804325
618.0,618.0,0.23549862
619.0,619.0,0.14584647
620.0,620.0,0.025387399
621.0,621.0,0.2930175
622.0,622.0,0.02944632
623.0,623.0,0.08156673
624.0,624.0,0.66268516
625.0,625.0,0.062219217
626.0,626.0,0.12580013
627.0,627.0,0.32357523
628.0,628.0,0.28075373
629.0,629.0,0.25741667
630.0,630.0,0.29125977
631.0,631.0,0.14998893
632.0,632.0,0.83115923
633.0,633.0,0.2693691
634.0,634.0,0.030377023
635.0,635.0,0.0084605925
636.0,636.0,0.08523768
637.0,637.0,0.13025069
638.0,638.0,0.004255946
639.0,639.0,0.4391815
640.0,640.0,0.12338601
641.0,641.0,0.13726197
642.0,642.0,0.1801839
643.0,643.0,0.26921853
644.0,644.0,0.5271779
645.0,645.0,0.20976022
646.0,646.0,0.37066272
647.0,647.0,0.4460154
648.0,648.0,0.081169054
649.0,649.0,0.27513018
650.0,650.0,0.08409881
651.0,651.0,0.27589142
652.0,652.0,0.076793335
653.0,653.0,0.36852682
654.0,654.0,0.2706614
655.0,655.0,0.39495403
656.0,656.0,0.36650205
657.0,657.0,0.24883433
658.0,658.0,0.76721185
659.0,659.0,0.070637874
660.0,660.0,0.11846012
661.0,661.0,0.3231961
662.0,662.0,0.26724628
663.0,663.0,0.087886825
664.0,664.0,0.079047434
665.0,665.0,0.17528072
666.0,666.0,0.28332856
667.0,667.0,0.108433545
668.0,668.0,0.022617612
669.0,669.0,0.34544295
670.0,670.0,0.14914972
671.0,671.0,0.09277022
672.0,672.0,0.4005213
673.0,673.0,0.20012732
674.0,674.0,0.57699883
675.0,675.0,0.25363317
676.0,676.0,0.26103717
677.0,677.0,0.13370655
678.0,678.0,0.3166868
679.0,679.0,0.30933508
680.0,680.0,0.22088496
681.0,681.0,0.14692391
682.0,682.0,0.055949047
683.0,683.0,0.07249938
684.0,684.0,0.5158594
685.0,685.0,0.17173402
686.0,686.0,0.51983327
687.0,687.0,0.21753898
688.0,688.0,0.055039044
689.0,689.0,0.057646714
690.0,690.0,0.12435008
691.0,691.0,0.29073074
692.0,692.0,0.39415726
693.0,693.0,0.5820931
694.0,694.0,0.22181194
695.0,695.0,0.091062166
696.0,696.0,0.24510485
697.0,697.0,0.046915032
698.0,698.0,0.038066264
699.0,699.0,0.04802263
700.0,700.0,0.14783224
701.0,701.0,0.11602641
702.0,702.0,0.40177757
703.0,703.0,0.5150402
704.0,704.0,0.20594479
705.0,705.0,0.31672382
706.0,706.0,0.11136249
707.0,707.0,0.38416806
708.0,708.0,0.03401429
709.0,709.0,0.06047399
710.0,710.0,0.4966039
711.0,711.0,0.2693876
712.0,712.0,0.0592765
713.0,713.0,0.8347216
714.0,714.0,0.25944707
715.0,715.0,0.1275801
716.0,716.0,0.04665398
717.0,717.0,0.32067725
718.0,718.0,0.35813862
719.0,719.0,0.29378027
720.0,720.0,0.1271742
721.0,721.0,0.3269125
722.0,722.0,0.042057462
723.0,723.0,0.14674738
724.0,724.0,0.08901993
725.0,725.0,0.04051774
726.0,726.0,0.057285402
727.0,727.0,0.258915
728.0,728.0,0.31283155
729.0,729.0,0.10671103
730.0,730.0,0.29877523
731.0,731.0,0.15997487
732.0,732.0,0.22451402
733.0,733.0,0.086247526
734.0,734.0,0.44315654
735.0,735.0,0.08843488
736.0,736.0,0.26528087
737.0,737.0,0.1731039
738.0,738.0,0.08721861
739.0,739.0,0.16285974
740.0,740.0,0.6360194
741.0,741.0,0.052331846
742.0,742.0,0.36209008
743.0,743.0,0.36619768
744.0,744.0,0.08150568
745.0,745.0,0.20504095
746.0,746.0,0.29796472
747.0,747.0,0.13838175
748.0,748.0,0.17560247
749.0,749.0,0.3715349
750.0,750.0,0.036818765
751.0,751.0,0.15254553
752.0,752.0,0.18984488
753.0,753.0,0.22877869
754.0,754.0,0.18178606
755.0,755.0,0.2847518
756.0,756.0,0.55428576
757.0,757.0,0.29766148
758.0,758.0,0.2872846
759.0,759.0,0.06513138
760.0,760.0,0.127608
761.0,761.0,0.13273528
762.0,762.0,0.071553305
763.0,763.0,0.37303564
764.0,764.0,0.1538196
765.0,765.0,0.41944447
766.0,766.0,0.55752546
767.0,767.0,0.03570936
768.0,768.0,0.5424935
769.0,769.0,0.18688622
770.0,770.0,0.054968316
771.0,771.0,0.15618406
772.0,772.0,0.5128275
773.0,773.0,0.1991095
774.0,774.0,0.30743676
775.0,775.0,0.18502262
776.0,776.0,0.23543368
777.0,777.0,0.33946738
778.0,778.0,0.059245117
779.0,779.0,0.38376442
780.0,780.0,0.368875
781.0,781.0,0.08549249
782.0,782.0,0.4261839
783.0,783.0,0.145247
784.0,784.0,0.5703235
785.0,785.0,0.26419228
786.0,786.0,0.40940747
787.0,787.0,0.19327244
788.0,788.0,0.16429995
789.0,789.0,0.1552563
790.0,790.0,0.41889367
791.0,791.0,0.59914047
792.0,792.0,0.09844639
793.0,793.0,0.27292165
794.0,794.0,0.11343284
795.0,795.0,0.16514294
796.0,796.0,0.3404472
797.0,797.0,0.35218742
798.0,798.0,0.11864724
799.0,799.0,0.12711848
800.0,800.0,0.09772112
801.0,801.0,0.17811254
802.0,802.0,0.045517676
803.0,803.0,0.069853224
804.0,804.0,0.37315813
805.0,805.0,0.46746412
806.0,806.0,0.24259664
807.0,807.0,0.6881663
808.0,808.0,0.4138535
809.0,809.0,0.2556537
810.0,810.0,0.29268768
811.0,811.0,0.021755975
812.0,812.0,0.08520166
813.0,813.0,0.24369383
814.0,814.0,0.20748094
815.0,815.0,0.22800541
816.0,816.0,0.20202392
817.0,817.0,0.15474801
818.0,818.0,0.14018586
819.0,819.0,0.13686271
820.0,820.0,0.10676699
821.0,821.0,0.18630719
822.0,822.0,0.1840658
823.0,823.0,0.19970153
824.0,824.0,0.38689256
825.0,825.0,0.29932725
826.0,826.0,0.050214455
827.0,827.0,0.20908624
828.0,828.0,0.26347622
829.0,829.0,0.03776059
830.0,830.0,0.23732807
831.0,831.0,0.051141825
832.0,832.0,0.33605337
833.0,833.0,0.14937362
834.0,834.0,0.13144474
835.0,835.0,0.26788378
836.0,836.0,0.31233302
837.0,837.0,0.693578
838.0,838.0,0.01916852
839.0,839.0,0.3939268
840.0,840.0,0.12287175
841.0,841.0,0.2594555
842.0,842.0,0.23646608
843.0,843.0,0.4085118
844.0,844.0,0.19203943
845.0,845.0,0.28944936
846.0,846.0,0.13206178
847.0,847.0,0.24104841
848.0,848.0,0.1782105
849.0,849.0,0.022705792
850.0,850.0,0.16755526
851.0,851.0,0.25623333
852.0,852.0,0.13353422
853.0,853.0,0.091462225
854.0,854.0,0.23518103
855.0,855.0,0.40706742
856.0,856.0,0.45128945
857.0,857.0,0.49302754
858.0,858.0,0.25902396
859.0,859.0,0.040139224
860.0,860.0,0.2933992
861.0,861.0,0.4304113
862.0,862.0,0.10356826
863.0,863.0,0.27052322
864.0,864.0,0.16311526
865.0,865.0,0.31998158
866.0,866.0,0.19138864
867.0,867.0,0.060097545
868.0,868.0,0.35555515
869.0,869.0,0.12138108
870.0,870.0,0.10133215
871.0,871.0,0.010708871
872.0,872.0,0.08499166
873.0,873.0,0.04415063
874.0,874.0,0.04037025
875.0,875.0,0.07586792
876.0,876.0,0.2149636
877.0,877.0,0.10715188
878.0,878.0,0.6159012
879.0,879.0,0.18526538
880.0,880.0,0.034445956
881.0,881.0,0.045846876
882.0,882.0,0.50818616
883.0,883.0,0.16523626
884.0,884.0,0.060399614
885.0,885.0,0.33507192
886.0,886.0,0.08542754
887.0,887.0,0.22415067
888.0,888.0,0.1331447
889.0,889.0,0.29696864
890.0,890.0,0.3528256
891.0,891.0,0.09997992
892.0,892.0,0.17368828
893.0,893.0,0.03194545
894.0,894.0,0.09886828
895.0,895.0,0.25237292
896.0,896.0,0.09538436
897.0,897.0,0.23924473
898.0,898.0,0.3291969
899.0,899.0,0.1789984
900.0,900.0,0.25585178
901.0,901.0,0.08736967
902.0,902.0,0.25465062
903.0,903.0,0.15781155
904.0,904.0,0.09112647
905.0,905.0,0.22718643
906.0,906.0,0.14592852
907.0,907.0,0.13852187
908.0,908.0,0.2172431
909.0,909.0,0.2046453
910.0,910.0,0.10771727
911.0,911.0,0.165091
912.0,912.0,0.08413959
913.0,913.0,0.2918534
914.0,914.0,0.19471195
915.0,915.0,0.41817057
916.0,916.0,0.37048265
917.0,917.0,0.37114826
918.0,918.0,0.038388055
919.0,919.0,0.66894746
920.0,920.0,0.099466965
921.0,921.0,0.11723094
922.0,922.0,0.37148532
923.0,923.0,0.15299517
924.0,924.0,0.097300686
925.0,925.0,0.10509811
926.0,926.0,0.12164326
927.0,927.0,0.049082574
928.0,928.0,0.30853033
929.0,929.0,0.09897817
930.0,930.0,0.06717395
931.0,931.0,0.18684766
932.0,932.0,0.39230004
933.0,933.0,0.02636902
934.0,934.0,0.16495891
935.0,935.0,0.19495347
936.0,936.0,0.18730706
937.0,937.0,0.25542462
938.0,938.0,0.43096846
939.0,939.0,0.1998845
940.0,940.0,0.25216118
941.0,941.0,0.20181155
942.0,942.0,0.027808392
943.0,943.0,0.062106397
944.0,944.0,0.17384756
945.0,945.0,0.030457787
946.0,946.0,0.23283091
947.0,947.0,0.18646923
948.0,948.0,0.08727177
949.0,949.0,0.4991504
950.0,950.0,0.035073116
951.0,951.0,0.0065935194
952.0,952.0,0.541427
953.0,953.0,0.36855412
954.0,954.0,0.13523252
955.0,955.0,0.6917193
956.0,956.0,0.17351036
957.0,957.0,0.03650643
958.0,958.0,0.2547154
959.0,959.0,0.05336173
960.0,960.0,0.25733438
961.0,961.0,0.14464554
962.0,962.0,0.2814355
963.0,963.0,0.22895227
964.0,964.0,0.21476522
965.0,965.0,0.21506621
966.0,966.0,0.26923674
967.0,967.0,0.6346832
968.0,968.0,0.21589379
969.0,969.0,0.057973303
970.0,970.0,0.22988765
971.0,971.0,0.21720514
972.0,972.0,0.36103886
973.0,973.0,0.4233394
974.0,974.0,0.0341713
975.0,975.0,0.1662635
976.0,976.0,0.40343258
977.0,977.0,0.11996115
978.0,978.0,0.52560014
979.0,979.0,0.104730114
980.0,980.0,0.07483514
981.0,981.0,0.19323125
982.0,982.0,0.04473738
983.0,983.0,0.5084017
984.0,984.0,0.064822815
985.0,985.0,0.04735886
986.0,986.0,0.02216012
987.0,987.0,0.38191852
988.0,988.0,0.07999996
989.0,989.0,0.286526
990.0,990.0,0.15707517
991.0,991.0,0.41330913
992.0,992.0,0.09389592
993.0,993.0,0.18552789
994.0,994.0,0.16622157
995.0,995.0,0.24157685
996.0,996.0,0.057720106
997.0,997.0,0.35957438
998.0,998.0,0.24712656
999.0,999.0,0.20713486
1000.0,1000.0,0.052091166
1001.0,1001.0,0.22620656
1002.0,1002.0,0.12767556
1003.0,1003.0,0.08780541
1004.0,1004.0,0.26784667
1005.0,1005.0,0.5461438
1006.0,1006.0,0.046772115
1007.0,1007.0,0.25332555
1008.0,1008.0,0.18177517
1009.0,1009.0,0.044893414
1010.0,1010.0,0.38802344
1011.0,1011.0,0.046686776
1012.0,1012.0,0.252275
1013.0,1013.0,0.34204513
1014.0,1014.0,0.3419579
1015.0,1015.0,0.22871219
1016.0,1016.0,0.26709443
1017.0,1017.0,0.072449155
1018.0,1018.0,0.24769439
1019.0,1019.0,0.087101944
1020.0,1020.0,0.04063925
1021.0,1021.0,0.2961014
1022.0,1022.0,0.20355842
1023.0,1023.0,0.09508447
1024.0,1024.0,0.086418435
1025.0,1025.0,0.16955401
1026.0,1026.0,0.0595857
1027.0,1027.0,0.040845286
1028.0,1028.0,0.09328431
1029.0,1029.0,0.28207317
1030.0,1030.0,0.14659071
1031.0,1031.0,0.18906705
1032.0,1032.0,0.45981842
1033.0,1033.0,0.08207504
1034.0,1034.0,0.14894481
1035.0,1035.0,0.12269882
1036.0,1036.0,0.0638402
1037.0,1037.0,0.16957219
1038.0,1038.0,0.062435634
1039.0,1039.0,0.43931302
1040.0,1040.0,0.16112892
1041.0,1041.0,0.19768016
1042.0,1042.0,0.4156929
1043.0,1043.0,0.023567226
1044.0,1044.0,0.03753667
1045.0,1045.0,0.031302236
1046.0,1046.0,0.12706675
1047.0,1047.0,0.32647577
1048.0,1048.0,0.3947737
1049.0,1049.0,0.31032872
1050.0,1050.0,0.4997205
1051.0,1051.0,0.23867358
1052.0,1052.0,0.33082867
1053.0,1053.0,0.06316367
1054.0,1054.0,0.34962234
1055.0,1055.0,0.008188261
1056.0,1056.0,0.104559
1057.0,1057.0,0.25616926
1058.0,1058.0,0.15016119
1059.0,1059.0,0.054871097
1060.0,1060.0,0.27422023
1061.0,1061.0,0.2749837
1062.0,1062.0,0.039240945
1063.0,1063.0,0.4536145
1064.0,1064.0,0.027235325
1065.0,1065.0,0.36526427
1066.0,1066.0,0.10614251
1067.0,1067.0,0.3134196
1068.0,1068.0,0.41553015
1069.0,1069.0,0.15096705
1070.0,1070.0,0.13128446
1071.0,1071.0,0.053082384
1072.0,1072.0,0.094102584
1073.0,1073.0,0.04909195
1074.0,1074.0,0.26110068
1075.0,1075.0,0.009246584
1076.0,1076.0,0.44808787
1077.0,1077.0,0.31274295
1078.0,1078.0,0.2846113
1079.0,1079.0,0.1264333
1080.0,1080.0,0.22011882
1081.0,1081.0,0.3061649
1082.0,1082.0,0.080636136
1083.0,1083.0,0.06381797
1084.0,1084.0,0.40561524
1085.0,1085.0,0.2898844
1086.0,1086.0,0.14462823
1087.0,1087.0,0.16429888
1088.0,1088.0,0.37064806
1089.0,1089.0,0.24204339
1090.0,1090.0,0.06626094
1091.0,1091.0,0.3064636
1092.0,1092.0,0.9006038
1093.0,1093.0,0.25423285
1094.0,1094.0,0.121388875
1095.0,1095.0,0.09927981
1096.0,1096.0,0.065825246
1097.0,1097.0,0.44146758
1098.0,1098.0,0.17312017
1099.0,1099.0,0.117775954
1100.0,1100.0,0.25435224
1101.0,1101.0,0.19028205
1102.0,1102.0,0.34003794
1103.0,1103.0,0.24841444
1104.0,1104.0,0.3423454
1105.0,1105.0,0.28604642
1106.0,1106.0,0.056250807
1107.0,1107.0,0.007979458
1108.0,1108.0,0.09650928
1109.0,1109.0,0.166501
1110.0,1110.0,0.18584435
1111.0,1111.0,0.40538254
1112.0,1112.0,0.15113361
1113.0,1113.0,0.70969415
1114.0,1114.0,0.37244144
1115.0,1115.0,0.37041888
1116.0,1116.0,0.21310069
1117.0,1117.0,0.435632
1118.0,1118.0,0.50593376
1119.0,1119.0,0.17720135
1120.0,1120.0,0.10410264
1121.0,1121.0,0.15413645
1122.0,1122.0,0.010179099
1123.0,1123.0,0.3229679
1124.0,1124.0,0.15074117
1125.0,1125.0,0.29607695
1126.0,1126.0,0.8328518
1127.0,1127.0,0.13297015
1128.0,1128.0,0.2376177
1129.0,1129.0,0.36989677
1130.0,1130.0,0.05365175
1131.0,1131.0,0.2244427
1132.0,1132.0,0.21622035
1133.0,1133.0,0.10401155
1134.0,1134.0,0.26441586
1135.0,1135.0,0.5240545
1136.0,1136.0,0.26492926
1137.0,1137.0,0.35405368
1138.0,1138.0,0.26971295
1139.0,1139.0,0.272112
1140.0,1140.0,0.060053628
1141.0,1141.0,0.279095
1142.0,1142.0,0.04956294
1143.0,1143.0,0.09597453
1144.0,1144.0,0.14285755
1145.0,1145.0,0.054904208
1146.0,1146.0,0.16920811
1147.0,1147.0,0.21667787
1148.0,1148.0,0.2320639
1149.0,1149.0,0.53409064
1150.0,1150.0,0.44692165
1151.0,1151.0,0.06510854
1152.0,1152.0,0.2115353
1153.0,1153.0,0.066706195
1154.0,1154.0,0.123016596
1155.0,1155.0,0.14308526
1156.0,1156.0,0.12455919
1157.0,1157.0,0.019421294
1158.0,1158.0,0.19871761
1159.0,1159.0,0.31256288
1160.0,1160.0,0.11148885
1161.0,1161.0,0.06630927
1162.0,1162.0,0.4938076
1163.0,1163.0,0.26074588
1164.0,1164.0,0.17079918
1165.0,1165.0,0.4378443
1166.0,1166.0,0.5059872
1167.0,1167.0,0.81698906
1168.0,1168.0,0.18880606
1169.0,1169.0,0.14822486
1170.0,1170.0,0.05714495
1171.0,1171.0,0.12214632
1172.0,1172.0,0.5798419
1173.0,1173.0,0.12429993
1174.0,1174.0,0.057197254
1175.0,1175.0,0.3040053
1176.0,1176.0,0.5144568
1177.0,1177.0,0.20926921
1178.0,1178.0,0.24821219
1179.0,1179.0,0.09258989
1180.0,1180.0,0.44910756
1181.0,1181.0,0.120683104
1182.0,1182.0,0.06130358
1183.0,1183.0,0.0046915836
1184.0,1184.0,0.4354207
1185.0,1185.0,0.039920785
1186.0,1186.0,0.11458563
1187.0,1187.0,0.38799447
1188.0,1188.0,0.19053663
1189.0,1189.0,0.3262722
1190.0,1190.0,0.4288222
1191.0,1191.0,0.05340589
1192.0,1192.0,0.30055246
1193.0,1193.0,0.037750714
1194.0,1194.0,0.04881151
1195.0,1195.0,0.4113658
1196.0,1196.0,0.25087652
1197.0,1197.0,0.18258934
1198.0,1198.0,0.25403976
1199.0,1199.0,0.037494123
1200.0,1200.0,0.05960783
1201.0,1201.0,0.20459895
1202.0,1202.0,0.18241234
1203.0,1203.0,0.060232203
1204.0,1204.0,0.29831865
1205.0,1205.0,0.092777796
1206.0,1206.0,0.30486134
1207.0,1207.0,0.29688358
1208.0,1208.0,0.7614294
1209.0,1209.0,0.010051056
1210.0,1210.0,0.08292829
1211.0,1211.0,0.4723606
1212.0,1212.0,0.26212832
1213.0,1213.0,0.081153765
1214.0,1214.0,0.12903719
1215.0,1215.0,0.14581789
1216.0,1216.0,0.09806457
1217.0,1217.0,0.36414674
1218.0,1218.0,0.06248357
1219.0,1219.0,0.009405812
1220.0,1220.0,0.22842483
1221.0,1221.0,0.2297217
1222.0,1222.0,0.31145668
1223.0,1223.0,0.46541977
1224.0,1224.0,0.13354573
1225.0,1225.0,0.12294614
1226.0,1226.0,0.18496786
1227.0,1227.0,0.053497832
1228.0,1228.0,0.18462016
1229.0,1229.0,0.7302038
1230.0,1230.0,0.0844682
1231.0,1231.0,0.31318924
1232.0,1232.0,0.236048
1233.0,1233.0,0.22339109
1234.0,1234.0,0.057441887
1235.0,1235.0,0.07587604
1236.0,1236.0,0.28251362
1237.0,1237.0,0.4058485
1238.0,1238.0,0.2758705
1239.0,1239.0,0.32987154
1240.0,1240.0,0.07498265
1241.0,1241.0,0.18580699
1242.0,1242.0,0.29301986
1243.0,1243.0,0.046329316
1244.0,1244.0,0.20816135
1245.0,1245.0,0.07035978
1246.0,1246.0,0.37924972
1247.0,1247.0,0.0070878956
1248.0,1248.0,0.25685817
1249.0,1249.0,0.3299483
1250.0,1250.0,0.21802752
1251.0,1251.0,0.17862256
1252.0,1252.0,0.16785964
1253.0,1253.0,0.02711203
1254.0,1254.0,0.075588234
1255.0,1255.0,0.25023594
1256.0,1256.0,0.062502995
1257.0,1257.0,0.24804677
1258.0,1258.0,0.1844142
1259.0,1259.0,0.33187902
1260.0,1260.0,0.1784312
1261.0,1261.0,0.24577866
1262.0,1262.0,0.25426129
1263.0,1263.0,0.058681477
1264.0,1264.0,0.4571224
1265.0,1265.0,0.25517097
1266.0,1266.0,0.35525525
1267.0,1267.0,0.25147772
1268.0,1268.0,0.5402651
1269.0,1269.0,0.2475044
1270.0,1270.0,0.27560437
1271.0,1271.0,0.44620243
1272.0,1272.0,0.1743534
1273.0,1273.0,0.114663154
1274.0,1274.0,0.18523917
1275.0,1275.0,0.23329638
1276.0,1276.0,0.4352434
1277.0,1277.0,0.26143643
1278.0,1278.0,0.45194238
1279.0,1279.0,0.5628292
1280.0,1280.0,0.4487468
1281.0,1281.0,0.25855547
1282.0,1282.0,0.16303205
1283.0,1283.0,0.2410761
1284.0,1284.0,0.14598882
1285.0,1285.0,0.14711334
1286.0,1286.0,0.15204574
1287.0,1287.0,0.12021643
1288.0,1288.0,0.068375535
1289.0,1289.0,0.5299057
1290.0,1290.0,0.38854167
1291.0,1291.0,0.16364935
1292.0,1292.0,0.005717105
1293.0,1293.0,0.098045915
1294.0,1294.0,0.33340117
1295.0,1295.0,0.28555128
1296.0,1296.0,0.81626546
1297.0,1297.0,0.29126412
1298.0,1298.0,0.14971308
1299.0,1299.0,0.29493332
1300.0,1300.0,0.31727993
1301.0,1301.0,0.41640982
1302.0,1302.0,0.13883352
1303.0,1303.0,0.23837326
1304.0,1304.0,0.3839534
1305.0,1305.0,0.14463942
1306.0,1306.0,0.22362362
1307.0,1307.0,0.39052728
1308.0,1308.0,0.1996621
1309.0,1309.0,0.4446329
1310.0,1310.0,0.21990591
1311.0,1311.0,0.13290094
1312.0,1312.0,0.12580158
1313.0,1313.0,0.04732587
1314.0,1314.0,0.49271128
1315.0,1315.0,0.24929065
1316.0,1316.0,0.030901274
1317.0,1317.0,0.2701991
1318.0,1318.0,0.07726281
1319.0,1319.0,0.44308847
1320.0,1320.0,0.06673943
1321.0,1321.0,0.27951458
1322.0,1322.0,0.2728945
1323.0,1323.0,0.12966631
1324.0,1324.0,0.028846906
1325.0,1325.0,0.14811262
1326.0,1326.0,0.06540301
1327.0,1327.0,0.089353964
1328.0,1328.0,0.080476545
1329.0,1329.0,0.110549614
1330.0,1330.0,0.35443616
1331.0,1331.0,0.1647625
1332.0,1332.0,0.34837782
1333.0,1333.0,0.474297
1334.0,1334.0,0.039205734
1335.0,1335.0,0.27544472
1336.0,1336.0,0.12170967
1337.0,1337.0,0.657799
1338.0,1338.0,0.15991348
1339.0,1339.0,0.77797043
1340.0,1340.0,0.21671097
1341.0,1341.0,0.17624097
1342.0,1342.0,0.11586821
1343.0,1343.0,0.3807985
1344.0,1344.0,0.30754584
1345.0,1345.0,0.33951953
1346.0,1346.0,0.035888493
1347.0,1347.0,0.09699458
1348.0,1348.0,0.14941822
1349.0,1349.0,0.055486828
1350.0,1350.0,0.26812476
1351.0,1351.0,0.17777601
1352.0,1352.0,0.5983812
1353.0,1353.0,0.18041489
1354.0,1354.0,0.047755066
1355.0,1355.0,0.40824524
1356.0,1356.0,0.5262295
1357.0,1357.0,0.30019894
1358.0,1358.0,0.6685735
1359.0,1359.0,0.117245734
1360.0,1360.0,0.08416748
1361.0,1361.0,0.26832777
1362.0,1362.0,0.20116036
1363.0,1363.0,0.13434806
1364.0,1364.0,0.36324772
1365.0,1365.0,0.2196079
1366.0,1366.0,0.24406137
1367.0,1367.0,0.035215598
1368.0,1368.0,0.18579975
1369.0,1369.0,0.09610106
1370.0,1370.0,0.26635265
1371.0,1371.0,0.088495165
1372.0,1372.0,0.04184539
1373.0,1373.0,0.11811996
1374.0,1374.0,0.25066105
1375.0,1375.0,0.276914
1376.0,1376.0,0.14048436
1377.0,1377.0,0.04119137
1378.0,1378.0,0.22816573
1379.0,1379.0,0.101483695
1380.0,1380.0,0.49100825
1381.0,1381.0,0.11606565
1382.0,1382.0,0.23485519
1383.0,1383.0,0.08139863
1384.0,1384.0,0.0506502
1385.0,1385.0,0.27828825
1386.0,1386.0,0.20692177
1387.0,1387.0,0.17812924
1388.0,1388.0,0.049445402
1389.0,1389.0,0.2558241
1390.0,1390.0,0.47822866
1391.0,1391.0,0.12301989
1392.0,1392.0,0.30797017
1393.0,1393.0,0.20587333
1394.0,1394.0,0.06785758
1395.0,1395.0,0.43754828
1396.0,1396.0,0.0049147257
1397.0,1397.0,0.2512944
1398.0,1398.0,0.32164305
1399.0,1399.0,0.2571401
1400.0,1400.0,0.21611717
1401.0,1401.0,0.26893425
1402.0,1402.0,0.28607497
1403.0,1403.0,0.22908331
1404.0,1404.0,0.29346257
1405.0,1405.0,0.19636467
1406.0,1406.0,0.19050713
1407.0,1407.0,0.42861152
1408.0,1408.0,0.12061682
1409.0,1409.0,0.27657193
1410.0,1410.0,0.32477397
1411.0,1411.0,0.5926533
1412.0,1412.0,0.12848814
1413.0,1413.0,0.079660505
1414.0,1414.0,0.06519528
1415.0,1415.0,0.21546826
1416.0,1416.0,0.59094036
1417.0,1417.0,0.2219004
1418.0,1418.0,0.090581544
1419.0,1419.0,0.41679066
1420.0,1420.0,0.10927333
1421.0,1421.0,0.4850479
1422.0,1422.0,0.5376035
1423.0,1423.0,0.25135812
1424.0,1424.0,0.16199712
1425.0,1425.0,0.8120613
1426.0,1426.0,0.25438553
1427.0,1427.0,0.6406075
1428.0,1428.0,0.29953668
1429.0,1429.0,0.053802684
1430.0,1430.0,0.4098631
1431.0,1431.0,0.7781004
1432.0,1432.0,0.056633726
1433.0,1433.0,0.07742604
1434.0,1434.0,0.43853235
1435.0,1435.0,0.06610057
1436.0,1436.0,0.063418426
1437.0,1437.0,0.12184398
1438.0,1438.0,0.25297818
1439.0,1439.0,0.18844089
1440.0,1440.0,0.1373825
1441.0,1441.0,0.10102349
1442.0,1442.0,0.4846913
1443.0,1443.0,0.20725492
1444.0,1444.0,0.041005295
1445.0,1445.0,0.26231083
1446.0,1446.0,0.04429133
1447.0,1447.0,0.3162263
1448.0,1448.0,0.022140333
1449.0,1449.0,0.11582697
1450.0,1450.0,0.042405542
1451.0,1451.0,0.025304921
1452.0,1452.0,0.014158408
1453.0,1453.0,0.70524
1454.0,1454.0,0.009879213
1455.0,1455.0,0.35004258
1456.0,1456.0,0.05619941
1457.0,1457.0,0.30745992
1458.0,1458.0,0.13613467
1459.0,1459.0,0.19452444
1460.0,1460.0,0.08540046
1461.0,1461.0,0.10854933
1462.0,1462.0,0.24830745
1463.0,1463.0,0.137531
1464.0,1464.0,0.14482345
1465.0,1465.0,0.3223262
1466.0,1466.0,0.23518439
1467.0,1467.0,0.046009015
1468.0,1468.0,0.3963306
1469.0,1469.0,0.32417253
1470.0,1470.0,0.1519172
1471.0,1471.0,0.033863578
1472.0,1472.0,0.24658874
1473.0,1473.0,0.068423145
1474.0,1474.0,0.26320082
1475.0,1475.0,0.049075037
1476.0,1476.0,0.17197183
1477.0,1477.0,0.074833035
1478.0,1478.0,0.025594136
1479.0,1479.0,0.21293005
1480.0,1480.0,0.51686686
1481.0,1481.0,0.051641718
1482.0,1482.0,0.2839006
1483.0,1483.0,0.2353504
1484.0,1484.0,0.18404679
1485.0,1485.0,0.09700483
1486.0,1486.0,0.1337097
1487.0,1487.0,0.2734525
1488.0,1488.0,0.08689215
1489.0,1489.0,0.51768804
1490.0,1490.0,0.2754982
1491.0,1491.0,0.7074662
1492.0,1492.0,0.31252834
1493.0,1493.0,0.062246587
1494.0,1494.0,0.036621988
1495.0,1495.0,0.36023894
1496.0,1496.0,0.21933359
1497.0,1497.0,0.04752666
1498.0,1498.0,0.35098863
1499.0,1499.0,0.04366166
1500.0,1500.0,0.1468249
1501.0,1501.0,0.42574918
1502.0,1502.0,0.111734435
1503.0,1503.0,0.5187287
1504.0,1504.0,0.063172884
1505.0,1505.0,0.2646783
1506.0,1506.0,0.30610353
1507.0,1507.0,0.15107977
1508.0,1508.0,0.1473401
1509.0,1509.0,0.061164588
1510.0,1510.0,0.31169644
1511.0,1511.0,0.30833036
1512.0,1512.0,0.08830195
1513.0,1513.0,0.39527494
1514.0,1514.0,0.010399075
1515.0,1515.0,0.062236983
1516.0,1516.0,0.2782716
1517.0,1517.0,0.06698584
1518.0,1518.0,0.44874865
1519.0,1519.0,0.24207103
1520.0,1520.0,0.59370035
1521.0,1521.0,0.4490501
1522.0,1522.0,0.12288763
1523.0,1523.0,0.11499648
1524.0,1524.0,0.72217387
1525.0,1525.0,0.5847275
1526.0,1526.0,0.28941405
1527.0,1527.0,0.31646958
1528.0,1528.0,0.28740463
1529.0,1529.0,0.047603592
1530.0,1530.0,0.09278772
1531.0,1531.0,0.42132884
1532.0,1532.0,0.26299182
1533.0,1533.0,0.09767005
1534.0,1534.0,0.15734416
1535.0,1535.0,0.4762957
1536.0,1536.0,0.23519967
1537.0,1537.0,0.2078075
1538.0,1538.0,0.07794605
1539.0,1539.0,0.06638168
1540.0,1540.0,0.19101767
1541.0,1541.0,0.050077405
1542.0,1542.0,0.27863932
1543.0,1543.0,0.34919333
1544.0,1544.0,0.20284098
1545.0,1545.0,0.05647195
1546.0,1546.0,0.032526307
1547.0,1547.0,0.06631284
1548.0,1548.0,0.2550481
1549.0,1549.0,0.13175096
1550.0,1550.0,0.071565546
1551.0,1551.0,0.43359473
1552.0,1552.0,0.031472504
1553.0,1553.0,0.4223609
1554.0,1554.0,0.114457116
1555.0,1555.0,0.1849996
1556.0,1556.0,0.14064646
1557.0,1557.0,0.24060781
1558.0,1558.0,0.298148
1559.0,1559.0,0.15933442
1560.0,1560.0,0.1619212
1561.0,1561.0,0.09368362
1562.0,1562.0,0.095722
1563.0,1563.0,0.7698047
1564.0,1564.0,0.12186971
1565.0,1565.0,0.26278374
1566.0,1566.0,0.23855372
1567.0,1567.0,0.04850365
1568.0,1568.0,0.26691735
1569.0,1569.0,0.43385842
1570.0,1570.0,0.27842188
1571.0,1571.0,0.07133072
1572.0,1572.0,0.02933221
1573.0,1573.0,0.12445428
1574.0,1574.0,0.39006025
1575.0,1575.0,0.014848816
1576.0,1576.0,0.09114653
1577.0,1577.0,0.43565047
1578.0,1578.0,0.13962586
1579.0,1579.0,0.44307858
1580.0,1580.0,0.29091805
1581.0,1581.0,0.24334124
1582.0,1582.0,0.41365477
1583.0,1583.0,0.13307424
1584.0,1584.0,0.3612604
1585.0,1585.0,0.43975225
1586.0,1586.0,0.2808985
1587.0,1587.0,0.13881989
1588.0,1588.0,0.17571431
1589.0,1589.0,0.19340394
1590.0,1590.0,0.07290691
1591.0,1591.0,0.22508791
1592.0,1592.0,0.5207754
1593.0,1593.0,0.157335
1594.0,1594.0,0.2834095
1595.0,1595.0,0.2656711
1596.0,1596.0,0.052171454
1597.0,1597.0,0.28459597
1598.0,1598.0,0.39750522
1599.0,1599.0,0.068047
1600.0,1600.0,0.11106974
1601.0,1601.0,0.10444301
1602.0,1602.0,0.39173618
1603.0,1603.0,0.2429994
1604.0,1604.0,0.14171234
1605.0,1605.0,0.26435235
1606.0,1606.0,0.112741776
1607.0,1607.0,0.1773206
1608.0,1608.0,0.14184691
1609.0,1609.0,0.06606997
1610.0,1610.0,0.21054117
1611.0,1611.0,0.19254994
1612.0,1612.0,0.05914176
1613.0,1613.0,0.35272494
1614.0,1614.0,0.053919327
1615.0,1615.0,0.15476151
1616.0,1616.0,0.085005805
1617.0,1617.0,0.030302571
1618.0,1618.0,0.06777653
1619.0,1619.0,0.25382587
1620.0,1620.0,0.12579964
1621.0,1621.0,0.26623955
1622.0,1622.0,0.1084116
1623.0,1623.0,0.109125175
1624.0,1624.0,0.18702261
1625.0,1625.0,0.39558896
1626.0,1626.0,0.2782328
1627.0,1627.0,0.5091133
1628.0,1628.0,0.48096758
1629.0,1629.0,0.21287651
1630.0,1630.0,0.14301738
1631.0,1631.0,0.042187653
1632.0,1632.0,0.04791951
1633.0,1633.0,0.20547134
1634.0,1634.0,0.046350893
1635.0,1635.0,0.2528737
1636.0,1636.0,0.22809263
1637.0,1637.0,0.02901037
1638.0,1638.0,0.37912014
1639.0,1639.0,0.04120879
1640.0,1640.0,0.03466865
1641.0,1641.0,0.15626413
1642.0,1642.0,0.2419518
1643.0,1643.0,0.07134727
1644.0,1644.0,0.24369642
1645.0,1645.0,0.52020216
1646.0,1646.0,0.1328836
1647.0,1647.0,0.054493785
1648.0,1648.0,0.28239956
1649.0,1649.0,0.19006342
1650.0,1650.0,0.20100048
1651.0,1651.0,0.11522937
1652.0,1652.0,0.076498136
1653.0,1653.0,0.04637358
1654.0,1654.0,0.4752089
1655.0,1655.0,0.0617534
1656.0,1656.0,0.119295865
1657.0,1657.0,0.2986969
1658.0,1658.0,0.5473343
1659.0,1659.0,0.4854762
1660.0,1660.0,0.047642834
1661.0,1661.0,0.7404496
1662.0,1662.0,0.13727741
1663.0,1663.0,0.07950157
1664.0,1664.0,0.27935156
1665.0,1665.0,0.18089776
1666.0,1666.0,0.18860488
1667.0,1667.0,0.26776198
1668.0,1668.0,0.048083346
1669.0,1669.0,0.17221485
1670.0,1670.0,0.09103605
1671.0,1671.0,0.338195
1672.0,1672.0,0.10447586
1673.0,1673.0,0.35479206
1674.0,1674.0,0.38207608
1675.0,1675.0,0.24996494
1676.0,1676.0,0.21463175
1677.0,1677.0,0.086475596
1678.0,1678.0,0.274334
1679.0,1679.0,0.11760733
1680.0,1680.0,0.021492252
1681.0,1681.0,0.41369566
1682.0,1682.0,0.5782385
1683.0,1683.0,0.22103634
1684.0,1684.0,0.36417806
1685.0,1685.0,0.11526084
1686.0,1686.0,0.26702085
1687.0,1687.0,0.21300659
1688.0,1688.0,0.06312325
1689.0,1689.0,0.20422901
1690.0,1690.0,0.21396719
1691.0,1691.0,0.1967975
1692.0,1692.0,0.14117378
1693.0,1693.0,0.20831181
1694.0,1694.0,0.054959074
1695.0,1695.0,0.1282987
1696.0,1696.0,0.06664949
1697.0,1697.0,0.26503655
1698.0,1698.0,0.019802678
1699.0,1699.0,0.27880034
1700.0,1700.0,0.108701475
1701.0,1701.0,0.2088719
1702.0,1702.0,0.017852161
1703.0,1703.0,0.25289235
1704.0,1704.0,0.1026728
1705.0,1705.0,0.2919226
1706.0,1706.0,0.48146844
1707.0,1707.0,0.09952542
1708.0,1708.0,0.117417075
1709.0,1709.0,0.3240769
1710.0,1710.0,0.19445989
1711.0,1711.0,0.42544118
1712.0,1712.0,0.10590668
1713.0,1713.0,0.24515171
1714.0,1714.0,0.123329
1715.0,1715.0,0.09124649
1716.0,1716.0,0.2958598
1717.0,1717.0,0.1445912
1718.0,1718.0,0.03299364
1719.0,1719.0,0.4353137
1720.0,1720.0,0.27593488
1721.0,1721.0,0.07772775
1722.0,1722.0,0.043624032
1723.0,1723.0,0.06842043
1724.0,1724.0,0.21044809
1725.0,1725.0,0.25884956
1726.0,1726.0,0.47816354
1727.0,1727.0,0.11430121
1728.0,1728.0,0.35303828
1729.0,1729.0,0.1858709
1730.0,1730.0,0.21715271
1731.0,1731.0,0.30997252
1732.0,1732.0,0.23136777
1733.0,1733.0,0.28747854
1734.0,1734.0,0.19688335
1735.0,1735.0,0.07246528
1736.0,1736.0,0.067453444
1737.0,1737.0,0.25089028
1738.0,1738.0,0.08571895
1739.0,1739.0,0.046688657
1740.0,1740.0,0.068625726
1741.0,1741.0,0.41714
1742.0,1742.0,0.43249384
1743.0,1743.0,0.03480189
1744.0,1744.0,0.2459086
1745.0,1745.0,0.2864666
1746.0,1746.0,0.048655324
1747.0,1747.0,0.42651954
1748.0,1748.0,0.46111798
1749.0,1749.0,0.1478446
1750.0,1750.0,0.15846924
1751.0,1751.0,0.23893154
1752.0,1752.0,0.12590626
1753.0,1753.0,0.049984585
1754.0,1754.0,0.06900263
1755.0,1755.0,0.028595172
1756.0,1756.0,0.27542636
1757.0,1757.0,0.068991035
1758.0,1758.0,0.12758672
1759.0,1759.0,0.2677183
1760.0,1760.0,0.18180305
1761.0,1761.0,0.83614147
1762.0,1762.0,0.068894826
1763.0,1763.0,0.061412554
1764.0,1764.0,0.02448716
1765.0,1765.0,0.08859036
1766.0,1766.0,0.48138973
1767.0,1767.0,0.18500103
1768.0,1768.0,0.66759086
1769.0,1769.0,0.049267713
1770.0,1770.0,0.09719529
1771.0,1771.0,0.23945586
1772.0,1772.0,0.28343096
1773.0,1773.0,0.24111052
1774.0,1774.0,0.2937897
1775.0,1775.0,0.619213
1776.0,1776.0,0.11739915
1777.0,1777.0,0.65344965
1778.0,1778.0,0.5571598
1779.0,1779.0,0.76109064
1780.0,1780.0,0.05004273
1781.0,1781.0,0.22514561
1782.0,1782.0,0.38174197
1783.0,1783.0,0.453247
1784.0,1784.0,0.35080466
1785.0,1785.0,0.091006905
1786.0,1786.0,0.22674474
1787.0,1787.0,0.22922315
1788.0,1788.0,0.18064438
1789.0,1789.0,0.12627116
1790.0,1790.0,0.053194035
1791.0,1791.0,0.18394221
1792.0,1792.0,0.31677538
1793.0,1793.0,0.30334
1794.0,1794.0,0.20360945
1795.0,1795.0,0.19776815
1796.0,1796.0,0.3241561
1797.0,1797.0,0.07081729
1798.0,1798.0,0.15330283
1799.0,1799.0,0.13357462
1800.0,1800.0,0.09772539
1801.0,1801.0,0.37599525
1802.0,1802.0,0.18527125
1803.0,1803.0,0.38902804
1804.0,1804.0,0.16203
1805.0,1805.0,0.20728886
1806.0,1806.0,0.2164743
1807.0,1807.0,0.15091906
1808.0,1808.0,0.42271295
1809.0,1809.0,0.1319939
1810.0,1810.0,0.20731606
1811.0,1811.0,0.6800798
1812.0,1812.0,0.4157487
1813.0,1813.0,0.19522522
1814.0,1814.0,0.16172907
1815.0,1815.0,0.2317325
1816.0,1816.0,0.24153948
1817.0,1817.0,0.08783592
1818.0,1818.0,0.34789294
1819.0,1819.0,0.15803164
1820.0,1820.0,0.08444074
1821.0,1821.0,0.011517953
1822.0,1822.0,0.4480778
1823.0,1823.0,0.26789287
1824.0,1824.0,0.68088365
1825.0,1825.0,0.007026869
1826.0,1826.0,0.2698941
1827.0,1827.0,0.20657893
1828.0,1828.0,0.33995977
1829.0,1829.0,0.42127708
1830.0,1830.0,0.17936347
1831.0,1831.0,0.03114704
1832.0,1832.0,0.481204
1833.0,1833.0,0.15096897
1834.0,1834.0,0.14517175
1835.0,1835.0,0.08026795
1836.0,1836.0,0.13989662
1837.0,1837.0,0.075301826
1838.0,1838.0,0.60349286
1839.0,1839.0,0.7293529
1840.0,1840.0,0.14904451
1841.0,1841.0,0.05776268
1842.0,1842.0,0.26599446
1843.0,1843.0,0.19881986
1844.0,1844.0,0.43453786
1845.0,1845.0,0.22890341
1846.0,1846.0,0.086842924
1847.0,1847.0,0.2728127
1848.0,1848.0,0.31125194
1849.0,1849.0,0.010483888
1850.0,1850.0,0.5651264
1851.0,1851.0,0.806378
1852.0,1852.0,0.11549011
1853.0,1853.0,0.45164227
1854.0,1854.0,0.32378802
1855.0,1855.0,0.10624683
1856.0,1856.0,0.26251575
1857.0,1857.0,0.06268217
1858.0,1858.0,0.2546894
1859.0,1859.0,0.14491084
1860.0,1860.0,0.34455168
1861.0,1861.0,0.2586213
1862.0,1862.0,0.42417145
1863.0,1863.0,0.070972025
1864.0,1864.0,0.26619437
1865.0,1865.0,0.0917166
1866.0,1866.0,0.05640077
1867.0,1867.0,0.05253345
1868.0,1868.0,0.14060262
1869.0,1869.0,0.08940146
1870.0,1870.0,0.5175149
1871.0,1871.0,0.43089992
1872.0,1872.0,0.043165736
1873.0,1873.0,0.12350327
1874.0,1874.0,0.34295282
1875.0,1875.0,0.050344963
1876.0,1876.0,0.11538968
1877.0,1877.0,0.15548971
1878.0,1878.0,0.16447823
1879.0,1879.0,0.27539152
1880.0,1880.0,0.39360324
1881.0,1881.0,0.47779697
1882.0,1882.0,0.39940932
1883.0,1883.0,0.23899363
1884.0,1884.0,0.12778753
1885.0,1885.0,0.34135854
1886.0,1886.0,0.17927203
1887.0,1887.0,0.23603545
1888.0,1888.0,0.24847408
1889.0,1889.0,0.15454644
1890.0,1890.0,0.17129828
1891.0,1891.0,0.1375882
1892.0,1892.0,0.2622476
1893.0,1893.0,0.121257395
1894.0,1894.0,0.4895707
1895.0,1895.0,0.01028083
1896.0,1896.0,0.18450236
1897.0,1897.0,0.36221942
1898.0,1898.0,0.13978879
1899.0,1899.0,0.22015998
1900.0,1900.0,0.4842157
1901.0,1901.0,0.8416057
1902.0,1902.0,0.09715725
1903.0,1903.0,0.028386664
1904.0,1904.0,0.1521405
1905.0,1905.0,0.27524087
1906.0,1906.0,0.041488804
1907.0,1907.0,0.11945611
1908.0,1908.0,0.38063285
1909.0,1909.0,0.082785204
1910.0,1910.0,0.18521832
1911.0,1911.0,0.31829867
1912.0,1912.0,0.3932016
1913.0,1913.0,0.04382418
1914.0,1914.0,0.32489666
1915.0,1915.0,0.6057325
1916.0,1916.0,0.19844566
1917.0,1917.0,0.5928324
1918.0,1918.0,0.4361574
1919.0,1919.0,0.62169605
1920.0,1920.0,0.10895914
1921.0,1921.0,0.008245336
1922.0,1922.0,0.25214818
1923.0,1923.0,0.3771564
1924.0,1924.0,0.27940133
1925.0,1925.0,0.20609668
1926.0,1926.0,0.19705589
1927.0,1927.0,0.43662208
1928.0,1928.0,0.24686427
1929.0,1929.0,0.032557275
1930.0,1930.0,0.15554489
1931.0,1931.0,0.2418605
1932.0,1932.0,0.28659084
1933.0,1933.0,0.23389009
1934.0,1934.0,0.2826425
1935.0,1935.0,0.14916483
1936.0,1936.0,0.36669835
1937.0,1937.0,0.24512851
1938.0,1938.0,0.11699881
1939.0,1939.0,0.14424586
1940.0,1940.0,0.22976123
1941.0,1941.0,0.20355263
1942.0,1942.0,0.11167138
1943.0,1943.0,0.32100937
1944.0,1944.0,0.063446045
1945.0,1945.0,0.1177469
1946.0,1946.0,0.056746155
1947.0,1947.0,0.21972266
1948.0,1948.0,0.16964571
1949.0,1949.0,0.115260944
1950.0,1950.0,0.1318398
1951.0,1951.0,0.090767376
1952.0,1952.0,0.38659084
1953.0,1953.0,0.2501585
1954.0,1954.0,0.8369104
1955.0,1955.0,0.68556255
1956.0,1956.0,0.91131794
1957.0,1957.0,0.40399933
1958.0,1958.0,0.35430676
1959.0,1959.0,0.08028325
1960.0,1960.0,0.51261604
1961.0,1961.0,0.27154306
1962.0,1962.0,0.1074368
1963.0,1963.0,0.110166796
1964.0,1964.0,0.036714476
1965.0,1965.0,0.11110462
1966.0,1966.0,0.12832479
1967.0,1967.0,0.10401483
1968.0,1968.0,0.028644746
1969.0,1969.0,0.15117034
1970.0,1970.0,0.40125307
1971.0,1971.0,0.22291778
1972.0,1972.0,0.02646564
1973.0,1973.0,0.83652884
1974.0,1974.0,0.26160696
1975.0,1975.0,0.3774744
1976.0,1976.0,0.14624305
1977.0,1977.0,0.22963941
1978.0,1978.0,0.062176213
1979.0,1979.0,0.42861307
1980.0,1980.0,0.09680032
1981.0,1981.0,0.15158111
1982.0,1982.0,0.17610759
1983.0,1983.0,0.45014417
1984.0,1984.0,0.3352379
1985.0,1985.0,0.22312467
1986.0,1986.0,0.52279884
1987.0,1987.0,0.061706226
1988.0,1988.0,0.68859583
1989.0,1989.0,0.14236516
1990.0,1990.0,0.18930897
1991.0,1991.0,0.1358612
1992.0,1992.0,0.35461658
1993.0,1993.0,0.27515948
1994.0,1994.0,0.5821148
1995.0,1995.0,0.19578925
1996.0,1996.0,0.05345756
1997.0,1997.0,0.14495388
1998.0,1998.0,0.25969467
1999.0,1999.0,0.19013286
2000.0,2000.0,0.12138945
2001.0,2001.0,0.13086396
2002.0,2002.0,0.15162171
2003.0,2003.0,0.22581625
2004.0,2004.0,0.80616546
2005.0,2005.0,0.22661823
2006.0,2006.0,0.17273964
2007.0,2007.0,0.16437
2008.0,2008.0,0.024938215
2009.0,2009.0,0.16567887
2010.0,2010.0,0.17166698
2011.0,2011.0,0.05107051
2012.0,2012.0,0.24747731
2013.0,2013.0,0.26944676
2014.0,2014.0,0.31543392
2015.0,2015.0,0.2799465
2016.0,2016.0,0.20276982
2017.0,2017.0,0.38189793
2018.0,2018.0,0.011578588
2019.0,2019.0,0.218427
2020.0,2020.0,0.3078871
2021.0,2021.0,0.21352644
2022.0,2022.0,0.1082909
2023.0,2023.0,0.41633898
2024.0,2024.0,0.4262716
2025.0,2025.0,0.4235446
2026.0,2026.0,0.23830011
2027.0,2027.0,0.5232238
2028.0,2028.0,0.22129594
2029.0,2029.0,0.02772687
2030.0,2030.0,0.13761409
2031.0,2031.0,0.07242153
2032.0,2032.0,0.17095692
2033.0,2033.0,0.12638225
2034.0,2034.0,0.10469604
2035.0,2035.0,0.20313573
2036.0,2036.0,0.039629877
2037.0,2037.0,0.10959163
2038.0,2038.0,0.14283311
2039.0,2039.0,0.70020175
2040.0,2040.0,0.06254814
2041.0,2041.0,0.22317918
2042.0,2042.0,0.050487302
2043.0,2043.0,0.37396494
2044.0,2044.0,0.14598387
2045.0,2045.0,0.35765436
2046.0,2046.0,0.083405696
2047.0,2047.0,0.049931824
2048.0,2048.0,0.26178536
2049.0,2049.0,0.3006501
2050.0,2050.0,0.39350045
2051.0,2051.0,0.16460043
2052.0,2052.0,0.07107296
2053.0,2053.0,0.05390831
2054.0,2054.0,0.020648679
2055.0,2055.0,0.19089536
2056.0,2056.0,0.61899143
2057.0,2057.0,0.2590621
2058.0,2058.0,0.1768125
2059.0,2059.0,0.23342915
2060.0,2060.0,0.56668603
2061.0,2061.0,0.08558608
2062.0,2062.0,0.2692243
2063.0,2063.0,0.20938776
2064.0,2064.0,0.19022693
2065.0,2065.0,0.08351004
2066.0,2066.0,0.23917496
2067.0,2067.0,0.089018494
2068.0,2068.0,0.058685683
2069.0,2069.0,0.06194179
2070.0,2070.0,0.25717205
2071.0,2071.0,0.2589458
2072.0,2072.0,0.32258606
2073.0,2073.0,0.10889275
2074.0,2074.0,0.34151977
2075.0,2075.0,0.2910756
2076.0,2076.0,0.583656
2077.0,2077.0,0.31068847
2078.0,2078.0,0.03409088
2079.0,2079.0,0.16085644
2080.0,2080.0,0.051145945
2081.0,2081.0,0.1741664
2082.0,2082.0,0.017513577
2083.0,2083.0,0.2120876
2084.0,2084.0,0.1377206
2085.0,2085.0,0.020123463
2086.0,2086.0,0.14816958
2087.0,2087.0,0.010436666
2088.0,2088.0,0.03750265
2089.0,2089.0,0.097286984
2090.0,2090.0,0.136741
2091.0,2091.0,0.40809324
2092.0,2092.0,0.17497307
2093.0,2093.0,0.318364
2094.0,2094.0,0.019093951
2095.0,2095.0,0.15528195
2096.0,2096.0,0.065461695
2097.0,2097.0,0.060550652
2098.0,2098.0,0.13170604
2099.0,2099.0,0.10644213
2100.0,2100.0,0.06907546
2101.0,2101.0,0.098303355
2102.0,2102.0,0.28232622
2103.0,2103.0,0.06330158
2104.0,2104.0,0.059972245
2105.0,2105.0,0.067000516
2106.0,2106.0,0.3787003
2107.0,2107.0,0.81942815
2108.0,2108.0,0.2768855
2109.0,2109.0,0.057980448
2110.0,2110.0,0.20467368
2111.0,2111.0,0.093191825
2112.0,2112.0,0.11959508
2113.0,2113.0,0.061019324
2114.0,2114.0,0.37260303
2115.0,2115.0,0.3869774
2116.0,2116.0,0.27019548
2117.0,2117.0,0.27923748
2118.0,2118.0,0.19890997
2119.0,2119.0,0.09747556
2120.0,2120.0,0.20115481
2121.0,2121.0,0.21395221
2122.0,2122.0,0.05278749
2123.0,2123.0,0.2654048
2124.0,2124.0,0.19002639
2125.0,2125.0,0.3677005
2126.0,2126.0,0.17194302
2127.0,2127.0,0.40531632
2128.0,2128.0,0.3739998
2129.0,2129.0,0.37568846
2130.0,2130.0,0.13999398
2131.0,2131.0,0.05537803
2132.0,2132.0,0.06040275
2133.0,2133.0,0.0106536
2134.0,2134.0,0.28345343
2135.0,2135.0,0.0099289175
2136.0,2136.0,0.23980546
2137.0,2137.0,0.07934324
2138.0,2138.0,0.12543888
2139.0,2139.0,0.025664087
2140.0,2140.0,0.3110499
2141.0,2141.0,0.19953585
2142.0,2142.0,0.42749208
2143.0,2143.0,0.103733644
2144.0,2144.0,0.2664012
2145.0,2145.0,0.1782471
2146.0,2146.0,0.06385477
2147.0,2147.0,0.058288846
2148.0,2148.0,0.3904075
2149.0,2149.0,0.2636904
2150.0,2150.0,0.32740098
2151.0,2151.0,0.23593977
2152.0,2152.0,0.44994593
2153.0,2153.0,0.23018198
2154.0,2154.0,0.30321553
2155.0,2155.0,0.25025892
2156.0,2156.0,0.0922778
2157.0,2157.0,0.22871211
2158.0,2158.0,0.4089839
2159.0,2159.0,0.4102471
2160.0,2160.0,0.23694712
2161.0,2161.0,0.6251662
2162.0,2162.0,0.18688893
2163.0,2163.0,0.5230891
2164.0,2164.0,0.08382099
2165.0,2165.0,0.43338388
2166.0,2166.0,0.05019534
2167.0,2167.0,0.29622632
2168.0,2168.0,0.37624887
2169.0,2169.0,0.22868556
2170.0,2170.0,0.12159991
2171.0,2171.0,0.14111286
2172.0,2172.0,0.06775367
2173.0,2173.0,0.34619042
2174.0,2174.0,0.15388118
2175.0,2175.0,0.039659604
2176.0,2176.0,0.14122501
2177.0,2177.0,0.037237562
2178.0,2178.0,0.03780394
2179.0,2179.0,0.09389379
2180.0,2180.0,0.047527004
2181.0,2181.0,0.07120062
2182.0,2182.0,0.24165991
2183.0,2183.0,0.0517036
2184.0,2184.0,0.26079226
2185.0,2185.0,0.13880806
2186.0,2186.0,0.27395645
2187.0,2187.0,0.19523118
2188.0,2188.0,0.1672732
2189.0,2189.0,0.4163339
2190.0,2190.0,0.14197907
2191.0,2191.0,0.41312197
2192.0,2192.0,0.34531265
2193.0,2193.0,0.23657906
2194.0,2194.0,0.8434445
2195.0,2195.0,0.33999136
2196.0,2196.0,0.478028
2197.0,2197.0,0.22194739
2198.0,2198.0,0.26940608
2199.0,2199.0,0.18454011
2200.0,2200.0,0.15608855
2201.0,2201.0,0.19133638
2202.0,2202.0,0.0635292
2203.0,2203.0,0.04221328
2204.0,2204.0,0.061101943
2205.0,2205.0,0.5912062
2206.0,2206.0,0.15025859
2207.0,2207.0,0.044105377
2208.0,2208.0,0.10524115
2209.0,2209.0,0.30838627
2210.0,2210.0,0.1895264
2211.0,2211.0,0.16085403
2212.0,2212.0,0.13066533
2213.0,2213.0,0.073923424
2214.0,2214.0,0.37335542
2215.0,2215.0,0.13753982
2216.0,2216.0,0.7144061
2217.0,2217.0,0.2761553
2218.0,2218.0,0.11082586
2219.0,2219.0,0.71199393
2220.0,2220.0,0.26193058
2221.0,2221.0,0.22083074
2222.0,2222.0,0.15729192
2223.0,2223.0,0.40970558
2224.0,2224.0,0.07795743
2225.0,2225.0,0.23304674
2226.0,2226.0,0.3615185
2227.0,2227.0,0.12885764
2228.0,2228.0,0.4448016
2229.0,2229.0,0.38434973
2230.0,2230.0,0.27837634
2231.0,2231.0,0.21716395
2232.0,2232.0,0.553983
2233.0,2233.0,0.17179881
2234.0,2234.0,0.38238233
2235.0,2235.0,0.29573163
2236.0,2236.0,0.09774085
2237.0,2237.0,0.31649023
2238.0,2238.0,0.09048038
2239.0,2239.0,0.2759898
2240.0,2240.0,0.14381176
2241.0,2241.0,0.11923396
2242.0,2242.0,0.049404383
2243.0,2243.0,0.37231246
2244.0,2244.0,0.6002664
2245.0,2245.0,0.2283027
2246.0,2246.0,0.2880464
2247.0,2247.0,0.29349026
2248.0,2248.0,0.179229
2249.0,2249.0,0.27404532
2250.0,2250.0,0.20392169
2251.0,2251.0,0.39910713
2252.0,2252.0,0.26705024
2253.0,2253.0,0.30329573
2254.0,2254.0,0.13981405
2255.0,2255.0,0.25886983
2256.0,2256.0,0.075335875
2257.0,2257.0,0.087946005
2258.0,2258.0,0.23621543
2259.0,2259.0,0.05884291
2260.0,2260.0,0.40853783
2261.0,2261.0,0.18855764
2262.0,2262.0,0.24438314
2263.0,2263.0,0.36362746
2264.0,2264.0,0.26756355
2265.0,2265.0,0.06987621
2266.0,2266.0,0.18712297
2267.0,2267.0,0.08173607
2268.0,2268.0,0.36377624
2269.0,2269.0,0.5680253
2270.0,2270.0,0.12410146
2271.0,2271.0,0.22337517
2272.0,2272.0,0.2483387
2273.0,2273.0,0.21157785
2274.0,2274.0,0.09298914
2275.0,2275.0,0.23779602
2276.0,2276.0,0.14891768
2277.0,2277.0,0.2012566
2278.0,2278.0,0.043395326
2279.0,2279.0,0.3216322
2280.0,2280.0,0.06290474
2281.0,2281.0,0.061573986
2282.0,2282.0,0.1536544
2283.0,2283.0,0.26091495
2284.0,2284.0,0.11257352
2285.0,2285.0,0.301317
2286.0,2286.0,0.32562447
2287.0,2287.0,0.08944615
2288.0,2288.0,0.32110813
2289.0,2289.0,0.17827538
2290.0,2290.0,0.14645186
2291.0,2291.0,0.028074726
2292.0,2292.0,0.08824949
2293.0,2293.0,0.44296023
2294.0,2294.0,0.027690489
2295.0,2295.0,0.1427166
2296.0,2296.0,0.1142815
2297.0,2297.0,0.2636032
2298.0,2298.0,0.14206667
2299.0,2299.0,0.24289106
2300.0,2300.0,0.25092256
2301.0,2301.0,0.24016777
2302.0,2302.0,0.24464978
2303.0,2303.0,0.44058245
2304.0,2304.0,0.17729558
2305.0,2305.0,0.02302369
2306.0,2306.0,0.22475675
2307.0,2307.0,0.050973736
2308.0,2308.0,0.09262552
2309.0,2309.0,0.14218907
2310.0,2310.0,0.41080418
2311.0,2311.0,0.2931343
2312.0,2312.0,0.044940554
2313.0,2313.0,0.26935107
2314.0,2314.0,0.4438512
2315.0,2315.0,0.1085023
2316.0,2316.0,0.39987335
2317.0,2317.0,0.05163202
2318.0,2318.0,0.58848816
2319.0,2319.0,0.17522053
2320.0,2320.0,0.053801306
2321.0,2321.0,0.2102562
2322.0,2322.0,0.22013009
2323.0,2323.0,0.11569688
2324.0,2324.0,0.04673875
2325.0,2325.0,0.08477092
2326.0,2326.0,0.14922826
2327.0,2327.0,0.1259499
2328.0,2328.0,0.49064752
2329.0,2329.0,0.1788129
2330.0,2330.0,0.34410805
2331.0,2331.0,0.22316113
2332.0,2332.0,0.4267862
2333.0,2333.0,0.099187866
2334.0,2334.0,0.24125966
2335.0,2335.0,0.12416573
2336.0,2336.0,0.2916288
2337.0,2337.0,0.22692668
2338.0,2338.0,0.27603975
2339.0,2339.0,0.11232359
2340.0,2340.0,0.18834494
2341.0,2341.0,0.081665605
2342.0,2342.0,0.30313998
2343.0,2343.0,0.027162869
2344.0,2344.0,0.41060594
2345.0,2345.0,0.43521637
2346.0,2346.0,0.51128125
2347.0,2347.0,0.43325913
2348.0,2348.0,0.24046837
2349.0,2349.0,0.18534589
2350.0,2350.0,0.2920163
2351.0,2351.0,0.09169974
2352.0,2352.0,0.23507674
2353.0,2353.0,0.161991
2354.0,2354.0,0.09381735
2355.0,2355.0,0.058054205
2356.0,2356.0,0.019264918
2357.0,2357.0,0.054765116
2358.0,2358.0,0.068782434
2359.0,2359.0,0.16899475
2360.0,2360.0,0.07697832
2361.0,2361.0,0.04709771
2362.0,2362.0,0.053983115
2363.0,2363.0,0.13564377
2364.0,2364.0,0.20927303
2365.0,2365.0,0.15265124
2366.0,2366.0,0.36879772
2367.0,2367.0,0.06859041
2368.0,2368.0,0.40036756
2369.0,2369.0,0.26003832
2370.0,2370.0,0.41454828
2371.0,2371.0,0.16281517
2372.0,2372.0,0.2506777
2373.0,2373.0,0.12291343
2374.0,2374.0,0.25240213
2375.0,2375.0,0.25997823
2376.0,2376.0,0.20152901
2377.0,2377.0,0.3125602
2378.0,2378.0,0.2912309
2379.0,2379.0,0.25329268
2380.0,2380.0,0.09209046
2381.0,2381.0,0.19996728
2382.0,2382.0,0.38927665
2383.0,2383.0,0.17147517
2384.0,2384.0,0.24113517
2385.0,2385.0,0.18125474
2386.0,2386.0,0.15678126
2387.0,2387.0,0.2699452
2388.0,2388.0,0.12483423
2389.0,2389.0,0.45808765
2390.0,2390.0,0.09077125
2391.0,2391.0,0.74554783
2392.0,2392.0,0.5515294
2393.0,2393.0,0.3950209
2394.0,2394.0,0.07588223
2395.0,2395.0,0.31979167
2396.0,2396.0,0.14928053
2397.0,2397.0,0.12905559
2398.0,2398.0,0.12901148
2399.0,2399.0,0.16654478
2400.0,2400.0,0.041494988
2401.0,2401.0,0.06755708
2402.0,2402.0,0.046177547
2403.0,2403.0,0.069683455
2404.0,2404.0,0.06155239
2405.0,2405.0,0.39572844
2406.0,2406.0,0.10090499
2407.0,2407.0,0.1840402
2408.0,2408.0,0.26093367
2409.0,2409.0,0.121522374
2410.0,2410.0,0.11367479
2411.0,2411.0,0.13295363
2412.0,2412.0,0.12197195
2413.0,2413.0,0.14372183
2414.0,2414.0,0.41684407
2415.0,2415.0,0.030972544
2416.0,2416.0,0.21629837
2417.0,2417.0,0.24484529
2418.0,2418.0,0.22925639
2419.0,2419.0,0.0996329
2420.0,2420.0,0.38415834
2421.0,2421.0,0.30711356
2422.0,2422.0,0.7707731
2423.0,2423.0,0.25804293
2424.0,2424.0,0.29244503
2425.0,2425.0,0.36742565
2426.0,2426.0,0.19690408
2427.0,2427.0,0.1998981
2428.0,2428.0,0.27354062
2429.0,2429.0,0.26109868
2430.0,2430.0,0.43889397
2431.0,2431.0,0.18495984
2432.0,2432.0,0.057846546
2433.0,2433.0,0.2828468
2434.0,2434.0,0.12933752
2435.0,2435.0,0.23351552
2436.0,2436.0,0.16801892
2437.0,2437.0,0.2818337
2438.0,2438.0,0.27379617
2439.0,2439.0,0.16627084
2440.0,2440.0,0.26627865
2441.0,2441.0,0.21323378
2442.0,2442.0,0.3022076
2443.0,2443.0,0.028426029
2444.0,2444.0,0.1512999
2445.0,2445.0,0.40385732
2446.0,2446.0,0.09357422
2447.0,2447.0,0.04745909
2448.0,2448.0,0.14801003
2449.0,2449.0,0.061278928
2450.0,2450.0,0.25135258
2451.0,2451.0,0.09692255
2452.0,2452.0,0.47667885
2453.0,2453.0,0.29545718
2454.0,2454.0,0.21015495
2455.0,2455.0,0.18105286
2456.0,2456.0,0.08454178
2457.0,2457.0,0.30883548
2458.0,2458.0,0.12690537
2459.0,2459.0,0.0637026
2460.0,2460.0,0.08213466
2461.0,2461.0,0.2758347
2462.0,2462.0,0.019736264
2463.0,2463.0,0.029069306
2464.0,2464.0,0.2722804
2465.0,2465.0,0.28540978
2466.0,2466.0,0.063214265
2467.0,2467.0,0.09239964
2468.0,2468.0,0.019489627
2469.0,2469.0,0.060923997
2470.0,2470.0,0.6758488
2471.0,2471.0,0.6865866
2472.0,2472.0,0.2508735
2473.0,2473.0,0.14685473
2474.0,2474.0,0.1342532
2475.0,2475.0,0.094350316
2476.0,2476.0,0.24960834
2477.0,2477.0,0.23869239
2478.0,2478.0,0.28513864
2479.0,2479.0,0.16430096
2480.0,2480.0,0.15984754
2481.0,2481.0,0.14347541
2482.0,2482.0,0.22442324
2483.0,2483.0,0.30455273
2484.0,2484.0,0.18194062
2485.0,2485.0,0.018572612
2486.0,2486.0,0.059343047
2487.0,2487.0,0.32022992
2488.0,2488.0,0.20778114
2489.0,2489.0,0.5175818
2490.0,2490.0,0.3668117
2491.0,2491.0,0.2836739
2492.0,2492.0,0.073261745
2493.0,2493.0,0.13226683
2494.0,2494.0,0.24439101
2495.0,2495.0,0.062167384
2496.0,2496.0,0.39595056
2497.0,2497.0,0.33226448
2498.0,2498.0,0.15415354
2499.0,2499.0,0.044970013
2500.0,2500.0,0.2800333
2501.0,2501.0,0.5734719
2502.0,2502.0,0.17836365
2503.0,2503.0,0.06384205
2504.0,2504.0,0.25171325
2505.0,2505.0,0.27715746
2506.0,2506.0,0.10950425
2507.0,2507.0,0.22992933
2508.0,2508.0,0.23104975
2509.0,2509.0,0.0375127
2510.0,2510.0,0.65255374
2511.0,2511.0,0.107214905
2512.0,2512.0,0.09863506
2513.0,2513.0,0.08991146
2514.0,2514.0,0.31355023
2515.0,2515.0,0.8007832
2516.0,2516.0,0.4020686
2517.0,2517.0,0.110653125
2518.0,2518.0,0.2821868
2519.0,2519.0,0.108687036
2520.0,2520.0,0.30119842
2521.0,2521.0,0.1368823
2522.0,2522.0,0.06779177
2523.0,2523.0,0.21677327
2524.0,2524.0,0.26828647
2525.0,2525.0,0.35094815
2526.0,2526.0,0.19774294
2527.0,2527.0,0.5159016
2528.0,2528.0,0.38313773
2529.0,2529.0,0.10483995
2530.0,2530.0,0.20690696
2531.0,2531.0,0.137873
2532.0,2532.0,0.7313348
2533.0,2533.0,0.407245
2534.0,2534.0,0.06983432
2535.0,2535.0,0.26934406
2536.0,2536.0,0.2552404
2537.0,2537.0,0.23322706
2538.0,2538.0,0.38721427
2539.0,2539.0,0.06972313
2540.0,2540.0,0.40875033
2541.0,2541.0,0.092480876
2542.0,2542.0,0.25153583
2543.0,2543.0,0.08308663
2544.0,2544.0,0.04041757
2545.0,2545.0,0.24774167
2546.0,2546.0,0.13131084
2547.0,2547.0,0.32303756
2548.0,2548.0,0.04892376
2549.0,2549.0,0.18033423
2550.0,2550.0,0.05584334
2551.0,2551.0,0.2565477
2552.0,2552.0,0.33390188
2553.0,2553.0,0.08344193
2554.0,2554.0,0.17474078
2555.0,2555.0,0.056897756
2556.0,2556.0,0.022373801
2557.0,2557.0,0.18127818
2558.0,2558.0,0.14803964
2559.0,2559.0,0.2503899
2560.0,2560.0,0.18381809
2561.0,2561.0,0.12117835
2562.0,2562.0,0.09430825
2563.0,2563.0,0.054445032
2564.0,2564.0,0.21177304
2565.0,2565.0,0.23930283
2566.0,2566.0,0.058170028
2567.0,2567.0,0.14466347
2568.0,2568.0,0.09177008
2569.0,2569.0,0.2020629
2570.0,2570.0,0.38227758
2571.0,2571.0,0.066977076
2572.0,2572.0,0.55733484
2573.0,2573.0,0.10604142
2574.0,2574.0,0.089409344
2575.0,2575.0,0.06841736
2576.0,2576.0,0.026193611
2577.0,2577.0,0.27424434
2578.0,2578.0,0.43371204
2579.0,2579.0,0.008485339
2580.0,2580.0,0.09452837
2581.0,2581.0,0.12485232
2582.0,2582.0,0.035875857
2583.0,2583.0,0.3538374
2584.0,2584.0,0.084992304
2585.0,2585.0,0.05997242
2586.0,2586.0,0.14923644
2587.0,2587.0,0.20509677
2588.0,2588.0,0.27604005
2589.0,2589.0,0.25058404
2590.0,2590.0,0.32795814
2591.0,2591.0,0.06303128
2592.0,2592.0,0.02576926
2593.0,2593.0,0.21517867
2594.0,2594.0,0.24732423
2595.0,2595.0,0.2411328
2596.0,2596.0,0.036993176
2597.0,2597.0,0.6780672
2598.0,2598.0,0.37569234
2599.0,2599.0,0.45439532
2600.0,2600.0,0.37056625
2601.0,2601.0,0.23048961
2602.0,2602.0,0.030891206
2603.0,2603.0,0.34945485
2604.0,2604.0,0.025234982
2605.0,2605.0,0.4463187
2606.0,2606.0,0.1953184
2607.0,2607.0,0.23811655
2608.0,2608.0,0.13584562
2609.0,2609.0,0.030985342
2610.0,2610.0,0.17291771
2611.0,2611.0,0.6788624
2612.0,2612.0,0.060718328
2613.0,2613.0,0.18386129
2614.0,2614.0,0.17736302
2615.0,2615.0,0.26931375
2616.0,2616.0,0.20579444
2617.0,2617.0,0.2774353
2618.0,2618.0,0.2562862
2619.0,2619.0,0.16137704
2620.0,2620.0,0.050441
2621.0,2621.0,0.2596021
2622.0,2622.0,0.037679654
2623.0,2623.0,0.12346218
2624.0,2624.0,0.15880762
2625.0,2625.0,0.20292377
2626.0,2626.0,0.25649482
2627.0,2627.0,0.40271953
2628.0,2628.0,0.22894524
2629.0,2629.0,0.09431229
2630.0,2630.0,0.21595977
2631.0,2631.0,0.2789541
2632.0,2632.0,0.0057820673
2633.0,2633.0,0.22313495
2634.0,2634.0,0.6884941
2635.0,2635.0,0.27891862
2636.0,2636.0,0.027833084
2637.0,2637.0,0.10434522
2638.0,2638.0,0.23162355
2639.0,2639.0,0.10913142
2640.0,2640.0,0.39514852
2641.0,2641.0,0.4142331
2642.0,2642.0,0.11339638
2643.0,2643.0,0.057180673
2644.0,2644.0,0.24520442
2645.0,2645.0,0.5992338
2646.0,2646.0,0.104513414
2647.0,2647.0,0.055124372
2648.0,2648.0,0.10488041
2649.0,2649.0,0.21511093
2650.0,2650.0,0.24404094
2651.0,2651.0,0.19260067
2652.0,2652.0,0.35033873
2653.0,2653.0,0.22325875
2654.0,2654.0,0.25403106
2655.0,2655.0,0.37871283
2656.0,2656.0,0.23235105
2657.0,2657.0,0.13920446
2658.0,2658.0,0.13844278
2659.0,2659.0,0.080079384
2660.0,2660.0,0.90116733
2661.0,2661.0,0.28913987
2662.0,2662.0,0.5241387
2663.0,2663.0,0.057962567
2664.0,2664.0,0.2422964
2665.0,2665.0,0.6159982
2666.0,2666.0,0.23584086
2667.0,2667.0,0.3958406
2668.0,2668.0,0.100861944
2669.0,2669.0,0.2327205
2670.0,2670.0,0.1048377
2671.0,2671.0,0.1683886
2672.0,2672.0,0.30566394
2673.0,2673.0,0.11609181
2674.0,2674.0,0.0867159
2675.0,2675.0,0.12825522
2676.0,2676.0,0.3509731
2677.0,2677.0,0.056566387
2678.0,2678.0,0.137852
2679.0,2679.0,0.20037593
2680.0,2680.0,0.06995236
2681.0,2681.0,0.1533691
2682.0,2682.0,0.829441
2683.0,2683.0,0.22218639
2684.0,2684.0,0.057976495
2685.0,2685.0,0.102184884
2686.0,2686.0,0.07337452
2687.0,2687.0,0.21328458
2688.0,2688.0,0.24355917
2689.0,2689.0,0.05478977
2690.0,2690.0,0.3884698
2691.0,2691.0,0.041159775
2692.0,2692.0,0.23004611
2693.0,2693.0,0.16558884
2694.0,2694.0,0.16605572
2695.0,2695.0,0.32680508
2696.0,2696.0,0.21305995
2697.0,2697.0,0.08150677
2698.0,2698.0,0.27322435
2699.0,2699.0,0.26124516
2700.0,2700.0,0.09439972
2701.0,2701.0,0.25914612
2702.0,2702.0,0.22549675
2703.0,2703.0,0.14754282
2704.0,2704.0,0.4182748
2705.0,2705.0,0.24208479
2706.0,2706.0,0.107790634
2707.0,2707.0,0.69729286
2708.0,2708.0,0.2970396
2709.0,2709.0,0.18585305
2710.0,2710.0,0.123478636
2711.0,2711.0,0.6081403
2712.0,2712.0,0.47664285
2713.0,2713.0,0.20195824
2714.0,2714.0,0.20854665
2715.0,2715.0,0.2577069
2716.0,2716.0,0.2698143
2717.0,2717.0,0.14889444
2718.0,2718.0,0.3047857
2719.0,2719.0,0.23053107
2720.0,2720.0,0.019412506
2721.0,2721.0,0.31306785
2722.0,2722.0,0.14373145
2723.0,2723.0,0.2774401
2724.0,2724.0,0.08604856
2725.0,2725.0,0.27001885
2726.0,2726.0,0.4049574
2727.0,2727.0,0.16000703
2728.0,2728.0,0.3768081
2729.0,2729.0,0.24346274
2730.0,2730.0,0.33892894
2731.0,2731.0,0.36791936
2732.0,2732.0,0.4615035
2733.0,2733.0,0.6732656
2734.0,2734.0,0.026020765
2735.0,2735.0,0.56581926
2736.0,2736.0,0.5851801
2737.0,2737.0,0.062839106
2738.0,2738.0,0.13529618
2739.0,2739.0,0.15912084
2740.0,2740.0,0.51389825
2741.0,2741.0,0.21003062
2742.0,2742.0,0.03807716
2743.0,2743.0,0.13323322
2744.0,2744.0,0.16946453
2745.0,2745.0,0.45336843
2746.0,2746.0,0.44302592
2747.0,2747.0,0.2625446
2748.0,2748.0,0.12063206
2749.0,2749.0,0.3742727
2750.0,2750.0,0.42894316
2751.0,2751.0,0.04706964
2752.0,2752.0,0.20077378
2753.0,2753.0,0.19626151
2754.0,2754.0,0.3987494
2755.0,2755.0,0.02194402
2756.0,2756.0,0.08386621
2757.0,2757.0,0.5345459
2758.0,2758.0,0.19872633
2759.0,2759.0,0.12224708
2760.0,2760.0,0.21416177
2761.0,2761.0,0.22304463
2762.0,2762.0,0.054429315
2763.0,2763.0,0.042978548
2764.0,2764.0,0.79415584
2765.0,2765.0,0.12890255
2766.0,2766.0,0.25270808
2767.0,2767.0,0.4237608
2768.0,2768.0,0.23788044
2769.0,2769.0,0.19237775
2770.0,2770.0,0.47348148
2771.0,2771.0,0.22289953
2772.0,2772.0,0.31202057
2773.0,2773.0,0.2919974
2774.0,2774.0,0.11347885
2775.0,2775.0,0.39006853
2776.0,2776.0,0.24162008
2777.0,2777.0,0.06753479
2778.0,2778.0,0.12547864
2779.0,2779.0,0.21463403
2780.0,2780.0,0.25459892
2781.0,2781.0,0.50344956
2782.0,2782.0,0.3165583
2783.0,2783.0,0.047605753
2784.0,2784.0,0.26815587
2785.0,2785.0,0.63578755
2786.0,2786.0,0.7969122
2787.0,2787.0,0.09324395
2788.0,2788.0,0.35026032
2789.0,2789.0,0.2903138
2790.0,2790.0,0.048396397
2791.0,2791.0,0.2191899
2792.0,2792.0,0.16623476
2793.0,2793.0,0.10611829
2794.0,2794.0,0.2847223
2795.0,2795.0,0.18516096
2796.0,2796.0,0.246897
2797.0,2797.0,0.086498536
2798.0,2798.0,0.27330232
2799.0,2799.0,0.1575485
2800.0,2800.0,0.43435428
2801.0,2801.0,0.09011484
2802.0,2802.0,0.40411225
2803.0,2803.0,0.2867853
2804.0,2804.0,0.37010905
2805.0,2805.0,0.38012707
2806.0,2806.0,0.0917381
2807.0,2807.0,0.13044442
2808.0,2808.0,0.03295908
2809.0,2809.0,0.08543944
2810.0,2810.0,0.18426247
2811.0,2811.0,0.07415184
2812.0,2812.0,0.30507183
2813.0,2813.0,0.12911344
2814.0,2814.0,0.16890728
2815.0,2815.0,0.39448634
2816.0,2816.0,0.0630321
2817.0,2817.0,0.17336674
2818.0,2818.0,0.09632306
2819.0,2819.0,0.36163753
2820.0,2820.0,0.18096383
2821.0,2821.0,0.32709974
2822.0,2822.0,0.26710644
2823.0,2823.0,0.5431492
2824.0,2824.0,0.26861146
2825.0,2825.0,0.24900462
2826.0,2826.0,0.17676817
2827.0,2827.0,0.28228527
2828.0,2828.0,0.018130666
2829.0,2829.0,0.031144956
2830.0,2830.0,0.069167726
2831.0,2831.0,0.5684886
2832.0,2832.0,0.2878916
2833.0,2833.0,0.036011126
2834.0,2834.0,0.25911894
2835.0,2835.0,0.16416276
2836.0,2836.0,0.019999083
2837.0,2837.0,0.66459584
2838.0,2838.0,0.33327025
2839.0,2839.0,0.21609893
2840.0,2840.0,0.2559348
2841.0,2841.0,0.0915197
2842.0,2842.0,0.3446729
2843.0,2843.0,0.4566189
2844.0,2844.0,0.10922313
2845.0,2845.0,0.27555653
2846.0,2846.0,0.5529768
2847.0,2847.0,0.2594765
2848.0,2848.0,0.5956151
2849.0,2849.0,0.21996218
2850.0,2850.0,0.1081241
2851.0,2851.0,0.12068406
2852.0,2852.0,0.023661714
2853.0,2853.0,0.33474264
2854.0,2854.0,0.2742462
2855.0,2855.0,0.38720363
2856.0,2856.0,0.06349942
2857.0,2857.0,0.062216666
2858.0,2858.0,0.21721973
2859.0,2859.0,0.3140252
2860.0,2860.0,0.104669906
2861.0,2861.0,0.16698577
2862.0,2862.0,0.28016114
2863.0,2863.0,0.57623094
2864.0,2864.0,0.24964263
2865.0,2865.0,0.32564858
2866.0,2866.0,0.18333249
2867.0,2867.0,0.31635934
2868.0,2868.0,0.14217095
2869.0,2869.0,0.1298734
2870.0,2870.0,0.18582147
2871.0,2871.0,0.05172852
2872.0,2872.0,0.036051124
2873.0,2873.0,0.048846915
2874.0,2874.0,0.034730826
2875.0,2875.0,0.19912955
2876.0,2876.0,0.3152938
2877.0,2877.0,0.23008566
2878.0,2878.0,0.27012837
2879.0,2879.0,0.28115928
2880.0,2880.0,0.10747644
2881.0,2881.0,0.2730813
2882.0,2882.0,0.28673035
2883.0,2883.0,0.18641962
2884.0,2884.0,0.20487157
2885.0,2885.0,0.15720278
2886.0,2886.0,0.61834484
2887.0,2887.0,0.043646246
2888.0,2888.0,0.08776071
2889.0,2889.0,0.07951547
2890.0,2890.0,0.064682536
2891.0,2891.0,0.6424434
2892.0,2892.0,0.2332211
2893.0,2893.0,0.51058733
2894.0,2894.0,0.24622482
2895.0,2895.0,0.31834954
2896.0,2896.0,0.0683202
2897.0,2897.0,0.041034345
2898.0,2898.0,0.395626
2899.0,2899.0,0.26304325
2900.0,2900.0,0.39362583
2901.0,2901.0,0.10547543
2902.0,2902.0,0.31716058
2903.0,2903.0,0.05579982
2904.0,2904.0,0.047072988
2905.0,2905.0,0.5993348
2906.0,2906.0,0.07473967
2907.0,2907.0,0.1077465
2908.0,2908.0,0.69903594
2909.0,2909.0,0.08707505
2910.0,2910.0,0.32275072
2911.0,2911.0,0.2666799
2912.0,2912.0,0.1369763
2913.0,2913.0,0.11530542
2914.0,2914.0,0.09195009
2915.0,2915.0,0.15922698
2916.0,2916.0,0.2076459
2917.0,2917.0,0.13137282
2918.0,2918.0,0.37218603
2919.0,2919.0,0.24620369
2920.0,2920.0,0.854763
2921.0,2921.0,0.2265589
2922.0,2922.0,0.08042771
2923.0,2923.0,0.10460656
2924.0,2924.0,0.59479254
2925.0,2925.0,0.11753252
2926.0,2926.0,0.41435412
2927.0,2927.0,0.056773417
2928.0,2928.0,0.30748975
2929.0,2929.0,0.12571345
2930.0,2930.0,0.2733192
2931.0,2931.0,0.4374822
2932.0,2932.0,0.21092772
2933.0,2933.0,0.23458338
2934.0,2934.0,0.39124626
2935.0,2935.0,0.16320558
2936.0,2936.0,0.074263036
2937.0,2937.0,0.19010937
2938.0,2938.0,0.1381068
2939.0,2939.0,0.35969225
2940.0,2940.0,0.1571323
2941.0,2941.0,0.1983457
2942.0,2942.0,0.085281126
2943.0,2943.0,0.010987001
2944.0,2944.0,0.02989414
2945.0,2945.0,0.20301156
2946.0,2946.0,0.32774246
2947.0,2947.0,0.15262343
2948.0,2948.0,0.2299953
2949.0,2949.0,0.4300466
2950.0,2950.0,0.17587589
2951.0,2951.0,0.2588328
2952.0,2952.0,0.020265505
2953.0,2953.0,0.48309317
2954.0,2954.0,0.4614501
2955.0,2955.0,0.38546374
2956.0,2956.0,0.24536474
2957.0,2957.0,0.28991395
2958.0,2958.0,0.026385592
2959.0,2959.0,0.56263053
2960.0,2960.0,0.13103981
2961.0,2961.0,0.33743635
2962.0,2962.0,0.18693669
2963.0,2963.0,0.049325757
2964.0,2964.0,0.14750154
2965.0,2965.0,0.580126
2966.0,2966.0,0.16203007
2967.0,2967.0,0.604087
2968.0,2968.0,0.10242703
2969.0,2969.0,0.10997651
2970.0,2970.0,0.50515616
2971.0,2971.0,0.08114945
2972.0,2972.0,0.2112212
2973.0,2973.0,0.062398214
2974.0,2974.0,0.16954514
2975.0,2975.0,0.20894127
2976.0,2976.0,0.28538534
2977.0,2977.0,0.182033
2978.0,2978.0,0.2977943
2979.0,2979.0,0.2133962
2980.0,2980.0,0.7052495
2981.0,2981.0,0.28006127
2982.0,2982.0,0.5531388
2983.0,2983.0,0.11699762
2984.0,2984.0,0.29201847
2985.0,2985.0,0.14660735
2986.0,2986.0,0.122642346
2987.0,2987.0,0.17680496
2988.0,2988.0,0.11500059
2989.0,2989.0,0.16600408
2990.0,2990.0,0.15379964
2991.0,2991.0,0.22377463
2992.0,2992.0,0.40835732
2993.0,2993.0,0.2866781
2994.0,2994.0,0.054388836
2995.0,2995.0,0.09985086
2996.0,2996.0,0.11136878
2997.0,2997.0,0.6485464
2998.0,2998.0,0.03721301
2999.0,2999.0,0.17059763
3000.0,3000.0,0.031663988
3001.0,3001.0,0.055079415
3002.0,3002.0,0.11919282
3003.0,3003.0,0.4532419
3004.0,3004.0,0.22218001
3005.0,3005.0,0.22027397
3006.0,3006.0,0.16561699
3007.0,3007.0,0.06672358
3008.0,3008.0,0.11001829
3009.0,3009.0,0.1934565
3010.0,3010.0,0.24765432
3011.0,3011.0,0.4304864
3012.0,3012.0,0.1292802
3013.0,3013.0,0.27693608
3014.0,3014.0,0.053665586
3015.0,3015.0,0.08218649
3016.0,3016.0,0.21666428
3017.0,3017.0,0.2814008
3018.0,3018.0,0.28299758
3019.0,3019.0,0.054556523
3020.0,3020.0,0.053277794
3021.0,3021.0,0.6452339
3022.0,3022.0,0.13845468
3023.0,3023.0,0.72584057
3024.0,3024.0,0.20023245
3025.0,3025.0,0.04251496
3026.0,3026.0,0.068519674
3027.0,3027.0,0.5766569
3028.0,3028.0,0.18507774
3029.0,3029.0,0.14055376
3030.0,3030.0,0.1108798
3031.0,3031.0,0.2840231
3032.0,3032.0,0.39853722
3033.0,3033.0,0.09887795
3034.0,3034.0,0.1341891
3035.0,3035.0,0.08672655
3036.0,3036.0,0.20849885
3037.0,3037.0,0.110403545
3038.0,3038.0,0.14593236
3039.0,3039.0,0.04416301
3040.0,3040.0,0.055136614
3041.0,3041.0,0.2919816
3042.0,3042.0,0.21833394
3043.0,3043.0,0.008540518
3044.0,3044.0,0.35891825
3045.0,3045.0,0.5477819
3046.0,3046.0,0.22569208
3047.0,3047.0,0.0899449
3048.0,3048.0,0.4410783
3049.0,3049.0,0.24601775
3050.0,3050.0,0.34103122
3051.0,3051.0,0.068414815
3052.0,3052.0,0.1807839
3053.0,3053.0,0.061634175
3054.0,3054.0,0.2433976
3055.0,3055.0,0.32765692
3056.0,3056.0,0.24612069
3057.0,3057.0,0.2172672
3058.0,3058.0,0.06870547
3059.0,3059.0,0.009272147
3060.0,3060.0,0.22357894
3061.0,3061.0,0.28912517
3062.0,3062.0,0.06933135
3063.0,3063.0,0.18696587
3064.0,3064.0,0.08507386
3065.0,3065.0,0.046714246
3066.0,3066.0,0.47520763
3067.0,3067.0,0.23566225
3068.0,3068.0,0.27620614
3069.0,3069.0,0.2075627
3070.0,3070.0,0.06375227
3071.0,3071.0,0.5492437
3072.0,3072.0,0.19242051
3073.0,3073.0,0.1302273
3074.0,3074.0,0.26664066
3075.0,3075.0,0.27099904
3076.0,3076.0,0.27648526
3077.0,3077.0,0.3523129
3078.0,3078.0,0.2241701
3079.0,3079.0,0.15233323
3080.0,3080.0,0.37102845
3081.0,3081.0,0.36170828
3082.0,3082.0,0.061340135
3083.0,3083.0,0.09183629
3084.0,3084.0,0.41184074
3085.0,3085.0,0.36435276
3086.0,3086.0,0.17457773
3087.0,3087.0,0.19176239
3088.0,3088.0,0.069560185
3089.0,3089.0,0.3444487
3090.0,3090.0,0.2586202
3091.0,3091.0,0.27252567
3092.0,3092.0,0.05377311
3093.0,3093.0,0.35000297
3094.0,3094.0,0.09484712
3095.0,3095.0,0.06169876
3096.0,3096.0,0.091217354
3097.0,3097.0,0.1285523
3098.0,3098.0,0.04599024
3099.0,3099.0,0.50640774
3100.0,3100.0,0.30945522
3101.0,3101.0,0.51839846
3102.0,3102.0,0.18179281
3103.0,3103.0,0.3881081
3104.0,3104.0,0.37379304
3105.0,3105.0,0.0588755
3106.0,3106.0,0.068517156
3107.0,3107.0,0.3874236
3108.0,3108.0,0.14754234
3109.0,3109.0,0.0906391
3110.0,3110.0,0.20825693
3111.0,3111.0,0.0827751
3112.0,3112.0,0.12270539
3113.0,3113.0,0.06497505
3114.0,3114.0,0.07168258
3115.0,3115.0,0.23368771
3116.0,3116.0,0.26379135
3117.0,3117.0,0.4065311
3118.0,3118.0,0.07160427
3119.0,3119.0,0.061038442
3120.0,3120.0,0.030257642
3121.0,3121.0,0.01659327
3122.0,3122.0,0.04271391
3123.0,3123.0,0.13098514
3124.0,3124.0,0.022239247
3125.0,3125.0,0.10405819
3126.0,3126.0,0.21262412
3127.0,3127.0,0.12066866
3128.0,3128.0,0.098114684
3129.0,3129.0,0.25143638
3130.0,3130.0,0.34853825
3131.0,3131.0,0.18356377
3132.0,3132.0,0.21206944
3133.0,3133.0,0.46959668
3134.0,3134.0,0.04023596
3135.0,3135.0,0.2951713
3136.0,3136.0,0.031613577
3137.0,3137.0,0.043838933
3138.0,3138.0,0.18898384
3139.0,3139.0,0.42306367
3140.0,3140.0,0.20262304
3141.0,3141.0,0.14481784
3142.0,3142.0,0.24934374
3143.0,3143.0,0.5262492
3144.0,3144.0,0.08962944
3145.0,3145.0,0.25299805
3146.0,3146.0,0.10165291
3147.0,3147.0,0.057982974
3148.0,3148.0,0.06358912
3149.0,3149.0,0.04796085
3150.0,3150.0,0.66114473
3151.0,3151.0,0.35679412
3152.0,3152.0,0.31161582
3153.0,3153.0,0.20988454
3154.0,3154.0,0.2528349
3155.0,3155.0,0.1668592
3156.0,3156.0,0.271159
3157.0,3157.0,0.24756023
3158.0,3158.0,0.56209105
3159.0,3159.0,0.34725165
3160.0,3160.0,0.15689059
3161.0,3161.0,0.2533729
3162.0,3162.0,0.39376447
3163.0,3163.0,0.7051323
3164.0,3164.0,0.057565447
3165.0,3165.0,0.26614493
3166.0,3166.0,0.34829718
3167.0,3167.0,0.16874675
3168.0,3168.0,0.07442835
3169.0,3169.0,0.12268822
3170.0,3170.0,0.32191998
3171.0,3171.0,0.051958986
3172.0,3172.0,0.017917648
3173.0,3173.0,0.037131242
3174.0,3174.0,0.44725809
3175.0,3175.0,0.49893633
3176.0,3176.0,0.1710166
3177.0,3177.0,0.29479456
3178.0,3178.0,0.18994628
3179.0,3179.0,0.03271942
3180.0,3180.0,0.26265606
3181.0,3181.0,0.0577249
3182.0,3182.0,0.13847417
3183.0,3183.0,0.1594753
3184.0,3184.0,0.15975553
3185.0,3185.0,0.22326794
3186.0,3186.0,0.15836824
3187.0,3187.0,0.022020182
3188.0,3188.0,0.131527
3189.0,3189.0,0.25957182
3190.0,3190.0,0.37876138
3191.0,3191.0,0.25254077
3192.0,3192.0,0.5990949
3193.0,3193.0,0.13685666
3194.0,3194.0,0.15294874
3195.0,3195.0,0.06366156
3196.0,3196.0,0.23352054
3197.0,3197.0,0.24439336
3198.0,3198.0,0.16426982
3199.0,3199.0,0.09976085
3200.0,3200.0,0.066499315
3201.0,3201.0,0.35573605
3202.0,3202.0,0.09214337
3203.0,3203.0,0.21061844
3204.0,3204.0,0.70245486
3205.0,3205.0,0.14273857
3206.0,3206.0,0.14014651
3207.0,3207.0,0.024866544
3208.0,3208.0,0.11020485
3209.0,3209.0,0.42869592
3210.0,3210.0,0.32162085
3211.0,3211.0,0.18226598
3212.0,3212.0,0.03331725
3213.0,3213.0,0.2943698
3214.0,3214.0,0.21584943
3215.0,3215.0,0.14595671
3216.0,3216.0,0.27379483
3217.0,3217.0,0.3227763
3218.0,3218.0,0.20280772
3219.0,3219.0,0.025397534
3220.0,3220.0,0.2155488
3221.0,3221.0,0.19931622
3222.0,3222.0,0.022998989
3223.0,3223.0,0.06990264
3224.0,3224.0,0.26326013
3225.0,3225.0,0.096086144
3226.0,3226.0,0.097850405
3227.0,3227.0,0.15318103
3228.0,3228.0,0.29415244
3229.0,3229.0,0.107478745
3230.0,3230.0,0.27276
3231.0,3231.0,0.084472634
3232.0,3232.0,0.035186164
3233.0,3233.0,0.052265424
3234.0,3234.0,0.043724585
3235.0,3235.0,0.24883726
3236.0,3236.0,0.13697618
3237.0,3237.0,0.8493109
3238.0,3238.0,0.40703833
3239.0,3239.0,0.3787778
3240.0,3240.0,0.35462767
3241.0,3241.0,0.10596661
3242.0,3242.0,0.31435654
3243.0,3243.0,0.4154444
3244.0,3244.0,0.23508637
3245.0,3245.0,0.091731675
3246.0,3246.0,0.27842882
3247.0,3247.0,0.18036798
3248.0,3248.0,0.25234058
3249.0,3249.0,0.10085051
3250.0,3250.0,0.12276785
3251.0,3251.0,0.33763283
3252.0,3252.0,0.047124192
3253.0,3253.0,0.039261676
3254.0,3254.0,0.43197542
3255.0,3255.0,0.080409385
3256.0,3256.0,0.30472386
3257.0,3257.0,0.72679085
3258.0,3258.0,0.11319016
3259.0,3259.0,0.34121346
3260.0,3260.0,0.055388413
3261.0,3261.0,0.19749375
3262.0,3262.0,0.7676392
3263.0,3263.0,0.0099280905
3264.0,3264.0,0.20817329
3265.0,3265.0,0.010687658
3266.0,3266.0,0.3068313
3267.0,3267.0,0.17861852
3268.0,3268.0,0.116461605
3269.0,3269.0,0.25903308
3270.0,3270.0,0.24735624
3271.0,3271.0,0.20582983
3272.0,3272.0,0.20542452
3273.0,3273.0,0.04569372
3274.0,3274.0,0.056464124
3275.0,3275.0,0.1612087
3276.0,3276.0,0.018803677
3277.0,3277.0,0.58507204
3278.0,3278.0,0.30823705
3279.0,3279.0,0.03810374
3280.0,3280.0,0.08838545
3281.0,3281.0,0.031795263
3282.0,3282.0,0.093752645
3283.0,3283.0,0.13164364
3284.0,3284.0,0.45152217
3285.0,3285.0,0.3394271
3286.0,3286.0,0.20788261
3287.0,3287.0,0.21049508
3288.0,3288.0,0.14781553
3289.0,3289.0,0.078621216
3290.0,3290.0,0.39447826
3291.0,3291.0,0.39288324
3292.0,3292.0,0.23421942
3293.0,3293.0,0.13068476
3294.0,3294.0,0.07185784
3295.0,3295.0,0.019502992
3296.0,3296.0,0.35797545
3297.0,3297.0,0.092615716
3298.0,3298.0,0.476225
3299.0,3299.0,0.31978732
3300.0,3300.0,0.42150825
3301.0,3301.0,0.22508788
3302.0,3302.0,0.15739632
3303.0,3303.0,0.37113482
3304.0,3304.0,0.34861594
3305.0,3305.0,0.026522301
3306.0,3306.0,0.08262476
3307.0,3307.0,0.6228103
3308.0,3308.0,0.050605893
3309.0,3309.0,0.03125281
3310.0,3310.0,0.13485043
3311.0,3311.0,0.17337874
3312.0,3312.0,0.46126425
3313.0,3313.0,0.24549912
3314.0,3314.0,0.49172008
3315.0,3315.0,0.19204874
3316.0,3316.0,0.030086678
3317.0,3317.0,0.5175491
3318.0,3318.0,0.45404398
3319.0,3319.0,0.33794916
3320.0,3320.0,0.19123703
3321.0,3321.0,0.06291041
3322.0,3322.0,0.14531858
3323.0,3323.0,0.10558194
3324.0,3324.0,0.16992491
3325.0,3325.0,0.17075473
3326.0,3326.0,0.35574296
3327.0,3327.0,0.43102142
3328.0,3328.0,0.23647806
3329.0,3329.0,0.23659271
3330.0,3330.0,0.2807755
3331.0,3331.0,0.25873157
3332.0,3332.0,0.08703813
3333.0,3333.0,0.18570161
3334.0,3334.0,0.13216056
3335.0,3335.0,0.08093919
3336.0,3336.0,0.36311266
3337.0,3337.0,0.23490675
3338.0,3338.0,0.10008424
3339.0,3339.0,0.006113875
3340.0,3340.0,0.17407101
3341.0,3341.0,0.25429273
3342.0,3342.0,0.1621753
3343.0,3343.0,0.12153629
3344.0,3344.0,0.27919832
3345.0,3345.0,0.05168397
3346.0,3346.0,0.29045278
3347.0,3347.0,0.17133653
3348.0,3348.0,0.24531308
3349.0,3349.0,0.24933471
3350.0,3350.0,0.15588303
3351.0,3351.0,0.56742734
3352.0,3352.0,0.13935459
3353.0,3353.0,0.14363237
3354.0,3354.0,0.25929964
3355.0,3355.0,0.17952703
3356.0,3356.0,0.27390337
3357.0,3357.0,0.19468644
3358.0,3358.0,0.541449
3359.0,3359.0,0.0104873665
3360.0,3360.0,0.28121653
3361.0,3361.0,0.52078444
3362.0,3362.0,0.19049183
3363.0,3363.0,0.5243598
3364.0,3364.0,0.27348578
3365.0,3365.0,0.4761137
3366.0,3366.0,0.31869102
3367.0,3367.0,0.2681371
3368.0,3368.0,0.06330428
3369.0,3369.0,0.18511187
3370.0,3370.0,0.33486953
3371.0,3371.0,0.40609145
3372.0,3372.0,0.58665574
3373.0,3373.0,0.27129826
3374.0,3374.0,0.26054138
3375.0,3375.0,0.07209589
3376.0,3376.0,0.22682203
3377.0,3377.0,0.18771775
3378.0,3378.0,0.11401669
3379.0,3379.0,0.46652955
3380.0,3380.0,0.1414661
3381.0,3381.0,0.23102182
3382.0,3382.0,0.28850842
3383.0,3383.0,0.34379682
3384.0,3384.0,0.3361633
3385.0,3385.0,0.19060658
3386.0,3386.0,0.06327476
3387.0,3387.0,0.061112326
3388.0,3388.0,0.07330161
3389.0,3389.0,0.3201311
3390.0,3390.0,0.38226873
3391.0,3391.0,0.06654644
3392.0,3392.0,0.06714534
3393.0,3393.0,0.05166264
3394.0,3394.0,0.2859491
3395.0,3395.0,0.04895087
3396.0,3396.0,0.30797717
3397.0,3397.0,0.08749907
3398.0,3398.0,0.45759845
3399.0,3399.0,0.09361816
3400.0,3400.0,0.3086813
3401.0,3401.0,0.03605709
3402.0,3402.0,0.2393427
3403.0,3403.0,0.078579865
3404.0,3404.0,0.04604947
3405.0,3405.0,0.09503232
3406.0,3406.0,0.26945496
3407.0,3407.0,0.031016491
3408.0,3408.0,0.10294982
3409.0,3409.0,0.18537444
3410.0,3410.0,0.2680125
3411.0,3411.0,0.8256821
3412.0,3412.0,0.3240615
3413.0,3413.0,0.39389515
3414.0,3414.0,0.493091
3415.0,3415.0,0.12566206
3416.0,3416.0,0.12853813
3417.0,3417.0,0.083698295
3418.0,3418.0,0.31882098
3419.0,3419.0,0.23483297
3420.0,3420.0,0.11212235
3421.0,3421.0,0.17039123
3422.0,3422.0,0.06421354
3423.0,3423.0,0.81386375
3424.0,3424.0,0.61207575
3425.0,3425.0,0.15195715
3426.0,3426.0,0.04645511
3427.0,3427.0,0.11655768
3428.0,3428.0,0.4329285
3429.0,3429.0,0.096895404
3430.0,3430.0,0.03805843
3431.0,3431.0,0.042643145
3432.0,3432.0,0.047542293
3433.0,3433.0,0.22446336
3434.0,3434.0,0.32660937
3435.0,3435.0,0.23619437
3436.0,3436.0,0.16700083
3437.0,3437.0,0.030905066
3438.0,3438.0,0.35846967
3439.0,3439.0,0.051834915
3440.0,3440.0,0.22531287
3441.0,3441.0,0.06786721
3442.0,3442.0,0.17078045
3443.0,3443.0,0.34216654
3444.0,3444.0,0.08148363
3445.0,3445.0,0.08414131
3446.0,3446.0,0.5782058
3447.0,3447.0,0.33618298
3448.0,3448.0,0.052996423
3449.0,3449.0,0.2142123
3450.0,3450.0,0.4014907
3451.0,3451.0,0.090057924
3452.0,3452.0,0.08376594
3453.0,3453.0,0.32961887
3454.0,3454.0,0.28737473
3455.0,3455.0,0.33884633
3456.0,3456.0,0.02379962
3457.0,3457.0,0.16932291
3458.0,3458.0,0.3096627
3459.0,3459.0,0.16216274
3460.0,3460.0,0.1402337
3461.0,3461.0,0.28230542
3462.0,3462.0,0.39411432
3463.0,3463.0,0.0772506
3464.0,3464.0,0.20764178
3465.0,3465.0,0.21185544
3466.0,3466.0,0.08862197
3467.0,3467.0,0.2572771
3468.0,3468.0,0.4217653
3469.0,3469.0,0.38561025
3470.0,3470.0,0.3968268
3471.0,3471.0,0.119888
3472.0,3472.0,0.045921568
3473.0,3473.0,0.27393344
3474.0,3474.0,0.08859798
3475.0,3475.0,0.2316097
3476.0,3476.0,0.128041
3477.0,3477.0,0.32853118
3478.0,3478.0,0.09329299
3479.0,3479.0,0.101976775
3480.0,3480.0,0.21118382
3481.0,3481.0,0.28572276
3482.0,3482.0,0.09198618
3483.0,3483.0,0.23844895
3484.0,3484.0,0.43921265
3485.0,3485.0,0.4508484
3486.0,3486.0,0.5512536
3487.0,3487.0,0.21016295
3488.0,3488.0,0.142714
3489.0,3489.0,0.23305099
3490.0,3490.0,0.17435485
3491.0,3491.0,0.29280478
3492.0,3492.0,0.3299508
3493.0,3493.0,0.31512317
3494.0,3494.0,0.034801923
3495.0,3495.0,0.3059725
3496.0,3496.0,0.028434927
3497.0,3497.0,0.48991254
3498.0,3498.0,0.034449626
3499.0,3499.0,0.29730192
3500.0,3500.0,0.08699846
3501.0,3501.0,0.27199435
3502.0,3502.0,0.22478633
3503.0,3503.0,0.30166253
3504.0,3504.0,0.5694885
3505.0,3505.0,0.064831614
3506.0,3506.0,0.35438243
3507.0,3507.0,0.1117394
3508.0,3508.0,0.14854246
3509.0,3509.0,0.492678
3510.0,3510.0,0.17753752
3511.0,3511.0,0.12056271
3512.0,3512.0,0.17432532
3513.0,3513.0,0.2764605
3514.0,3514.0,0.38338423
3515.0,3515.0,0.09844577
3516.0,3516.0,0.31311077
3517.0,3517.0,0.033927932
3518.0,3518.0,0.52818274
3519.0,3519.0,0.009575526
3520.0,3520.0,0.23413268
3521.0,3521.0,0.21985625
3522.0,3522.0,0.18074562
3523.0,3523.0,0.056475874
3524.0,3524.0,0.42583492
3525.0,3525.0,0.04680725
3526.0,3526.0,0.2374721
3527.0,3527.0,0.08922854
3528.0,3528.0,0.5914524
3529.0,3529.0,0.1662501
3530.0,3530.0,0.14913869
3531.0,3531.0,0.47012195
3532.0,3532.0,0.16387941
3533.0,3533.0,0.15692429
3534.0,3534.0,0.17280391
3535.0,3535.0,0.2428869
3536.0,3536.0,0.49616045
3537.0,3537.0,0.12462585
3538.0,3538.0,0.03798237
3539.0,3539.0,0.058719795
3540.0,3540.0,0.42979947
3541.0,3541.0,0.33632702
3542.0,3542.0,0.13822241
3543.0,3543.0,0.19317894
3544.0,3544.0,0.14057891
3545.0,3545.0,0.2127129
3546.0,3546.0,0.13940097
3547.0,3547.0,0.14011452
3548.0,3548.0,0.27756125
3549.0,3549.0,0.28155202
3550.0,3550.0,0.1624513
3551.0,3551.0,0.0668045
3552.0,3552.0,0.08132437
3553.0,3553.0,0.06161323
3554.0,3554.0,0.28230286
3555.0,3555.0,0.13580766
3556.0,3556.0,0.12945387
3557.0,3557.0,0.11977463
3558.0,3558.0,0.44995713
3559.0,3559.0,0.16419286
3560.0,3560.0,0.31842408
3561.0,3561.0,0.4726293
3562.0,3562.0,0.49517846
3563.0,3563.0,0.034528177
3564.0,3564.0,0.058496784
3565.0,3565.0,0.23866539
3566.0,3566.0,0.0833549
3567.0,3567.0,0.14542538
3568.0,3568.0,0.05208913
3569.0,3569.0,0.08829799
3570.0,3570.0,0.3046735
3571.0,3571.0,0.3416428
3572.0,3572.0,0.019605221
3573.0,3573.0,0.27190232
3574.0,3574.0,0.25436255
3575.0,3575.0,0.18874922
3576.0,3576.0,0.2072879
3577.0,3577.0,0.22074579
3578.0,3578.0,0.0057095517
3579.0,3579.0,0.38487086
3580.0,3580.0,0.12914379
3581.0,3581.0,0.13188511
3582.0,3582.0,0.43367156
3583.0,3583.0,0.23567541
3584.0,3584.0,0.28719714
3585.0,3585.0,0.4236543
3586.0,3586.0,0.25543243
3587.0,3587.0,0.4391212
3588.0,3588.0,0.4339065
3589.0,3589.0,0.091217175
3590.0,3590.0,0.3506134
3591.0,3591.0,0.22114274
3592.0,3592.0,0.16585542
3593.0,3593.0,0.22005786
3594.0,3594.0,0.21033351
3595.0,3595.0,0.30783704
3596.0,3596.0,0.33907008
3597.0,3597.0,0.33950597
3598.0,3598.0,0.06924475
3599.0,3599.0,0.41269892
3600.0,3600.0,0.5036365
3601.0,3601.0,0.51930135
3602.0,3602.0,0.3399971
3603.0,3603.0,0.25229397
3604.0,3604.0,0.18916789
3605.0,3605.0,0.2703129
3606.0,3606.0,0.10147471
3607.0,3607.0,0.08129569
3608.0,3608.0,0.062107768
3609.0,3609.0,0.131642
3610.0,3610.0,0.10517914
3611.0,3611.0,0.265222
3612.0,3612.0,0.25821927
3613.0,3613.0,0.03256526
3614.0,3614.0,0.030489426
3615.0,3615.0,0.2107042
3616.0,3616.0,0.34638345
3617.0,3617.0,0.061313685
3618.0,3618.0,0.32891223
3619.0,3619.0,0.26131132
3620.0,3620.0,0.29260305
3621.0,3621.0,0.5455476
3622.0,3622.0,0.24301377
3623.0,3623.0,0.4158452
3624.0,3624.0,0.16018465
3625.0,3625.0,0.11087916
3626.0,3626.0,0.101957515
3627.0,3627.0,0.06511295
3628.0,3628.0,0.04010343
3629.0,3629.0,0.036572166
3630.0,3630.0,0.20637642
3631.0,3631.0,0.15805224
3632.0,3632.0,0.24556696
3633.0,3633.0,0.28436875
3634.0,3634.0,0.076779924
3635.0,3635.0,0.08056031
3636.0,3636.0,0.37293017
3637.0,3637.0,0.087944865
3638.0,3638.0,0.061420247
3639.0,3639.0,0.1960251
3640.0,3640.0,0.27151492
3641.0,3641.0,0.19739343
3642.0,3642.0,0.18484378
3643.0,3643.0,0.92250174
3644.0,3644.0,0.20293091
3645.0,3645.0,0.047246296
3646.0,3646.0,0.47928584
3647.0,3647.0,0.35571426
3648.0,3648.0,0.100921646
3649.0,3649.0,0.7967295
3650.0,3650.0,0.067722894
3651.0,3651.0,0.10245479
3652.0,3652.0,0.23488988
3653.0,3653.0,0.06784547
3654.0,3654.0,0.23074508
3655.0,3655.0,0.037349664
3656.0,3656.0,0.3800469
3657.0,3657.0,0.43151587
3658.0,3658.0,0.15083393
3659.0,3659.0,0.2507817
3660.0,3660.0,0.14995912
3661.0,3661.0,0.3872954
3662.0,3662.0,0.102151066
3663.0,3663.0,0.2825344
3664.0,3664.0,0.087088965
3665.0,3665.0,0.4713776
3666.0,3666.0,0.12640916
3667.0,3667.0,0.4222941
3668.0,3668.0,0.05800392
3669.0,3669.0,0.4031646
3670.0,3670.0,0.43222553
3671.0,3671.0,0.34024718
3672.0,3672.0,0.12299373
3673.0,3673.0,0.63571846
3674.0,3674.0,0.26027164
3675.0,3675.0,0.34281838
3676.0,3676.0,0.16663858
3677.0,3677.0,0.38242653
3678.0,3678.0,0.08869836
3679.0,3679.0,0.28205696
3680.0,3680.0,0.24422649
3681.0,3681.0,0.2769271
3682.0,3682.0,0.09155149
3683.0,3683.0,0.27444398
3684.0,3684.0,0.1399055
3685.0,3685.0,0.29827178
3686.0,3686.0,0.19213264
3687.0,3687.0,0.21524315
3688.0,3688.0,0.095565416
3689.0,3689.0,0.11087755
3690.0,3690.0,0.24589203
3691.0,3691.0,0.38133836
3692.0,3692.0,0.7152289
3693.0,3693.0,0.22655176
3694.0,3694.0,0.24038549
3695.0,3695.0,0.12757581
3696.0,3696.0,0.5586142
3697.0,3697.0,0.11302689
3698.0,3698.0,0.43366203
3699.0,3699.0,0.26946387
3700.0,3700.0,0.37977564
3701.0,3701.0,0.28750867
3702.0,3702.0,0.069540925
3703.0,3703.0,0.2723978
3704.0,3704.0,0.048152175
3705.0,3705.0,0.06314021
3706.0,3706.0,0.39636427
3707.0,3707.0,0.08234491
3708.0,3708.0,0.47476777
3709.0,3709.0,0.048292123
3710.0,3710.0,0.131463
3711.0,3711.0,0.34357804
3712.0,3712.0,0.14324309
3713.0,3713.0,0.28003252
3714.0,3714.0,0.29229432
3715.0,3715.0,0.123640925
3716.0,3716.0,0.3197135
3717.0,3717.0,0.095725715
3718.0,3718.0,0.38009456
3719.0,3719.0,0.58930665
3720.0,3720.0,0.28103793
3721.0,3721.0,0.46442088
3722.0,3722.0,0.27651516
3723.0,3723.0,0.40116075
3724.0,3724.0,0.28467974
3725.0,3725.0,0.103302635
3726.0,3726.0,0.10868989
3727.0,3727.0,0.2829183
3728.0,3728.0,0.43052837
3729.0,3729.0,0.51773655
3730.0,3730.0,0.059062317
3731.0,3731.0,0.043352116
3732.0,3732.0,0.4046182
3733.0,3733.0,0.72917324
3734.0,3734.0,0.2900577
3735.0,3735.0,0.14506586
3736.0,3736.0,0.23253594
3737.0,3737.0,0.124442115
3738.0,3738.0,0.053041153
3739.0,3739.0,0.11015715
3740.0,3740.0,0.3979754
3741.0,3741.0,0.35376823
3742.0,3742.0,0.1156752
3743.0,3743.0,0.076076694
3744.0,3744.0,0.28635284
3745.0,3745.0,0.17272826
3746.0,3746.0,0.13363339
3747.0,3747.0,0.27176648
3748.0,3748.0,0.08432382
3749.0,3749.0,0.14186762
3750.0,3750.0,0.094994105
3751.0,3751.0,0.14793573
3752.0,3752.0,0.6778944
3753.0,3753.0,0.010107182
3754.0,3754.0,0.05090885
3755.0,3755.0,0.38657153
3756.0,3756.0,0.1529874
3757.0,3757.0,0.11053287
3758.0,3758.0,0.041247804
3759.0,3759.0,0.26935804
3760.0,3760.0,0.08117451
3761.0,3761.0,0.70021373
3762.0,3762.0,0.07721774
3763.0,3763.0,0.4963949
3764.0,3764.0,0.0122799175
3765.0,3765.0,0.26641387
3766.0,3766.0,0.20548199
3767.0,3767.0,0.09737022
3768.0,3768.0,0.10534308
3769.0,3769.0,0.20241101
3770.0,3770.0,0.110381514
3771.0,3771.0,0.07765918
3772.0,3772.0,0.532563
3773.0,3773.0,0.10162388
3774.0,3774.0,0.097896494
3775.0,3775.0,0.29529533
3776.0,3776.0,0.1049986
3777.0,3777.0,0.080032066
3778.0,3778.0,0.4445351
3779.0,3779.0,0.27162737
3780.0,3780.0,0.10720894
3781.0,3781.0,0.23585463
3782.0,3782.0,0.1081388
3783.0,3783.0,0.15432961
3784.0,3784.0,0.20227256
3785.0,3785.0,0.4002718
3786.0,3786.0,0.45740286
3787.0,3787.0,0.13781807
3788.0,3788.0,0.37940142
3789.0,3789.0,0.23433608
3790.0,3790.0,0.21598177
3791.0,3791.0,0.19967622
3792.0,3792.0,0.24169232
3793.0,3793.0,0.15448026
3794.0,3794.0,0.414396
3795.0,3795.0,0.33258438
3796.0,3796.0,0.023095539
3797.0,3797.0,0.06784171
3798.0,3798.0,0.28399307
3799.0,3799.0,0.042566672
3800.0,3800.0,0.3912464
3801.0,3801.0,0.11271871
3802.0,3802.0,0.062822945
3803.0,3803.0,0.14789194
3804.0,3804.0,0.2680603
3805.0,3805.0,0.30488598
3806.0,3806.0,0.11346132
3807.0,3807.0,0.1218579
3808.0,3808.0,0.093042314
3809.0,3809.0,0.19632141
3810.0,3810.0,0.27749696
3811.0,3811.0,0.15404457
3812.0,3812.0,0.19505855
3813.0,3813.0,0.26158655
3814.0,3814.0,0.082020834
3815.0,3815.0,0.05348294
3816.0,3816.0,0.13373028
3817.0,3817.0,0.6776372
3818.0,3818.0,0.24865557
3819.0,3819.0,0.05579707
3820.0,3820.0,0.093795545
3821.0,3821.0,0.034491535
3822.0,3822.0,0.5695733
3823.0,3823.0,0.043892585
3824.0,3824.0,0.26868197
3825.0,3825.0,0.15081877
3826.0,3826.0,0.30638772
3827.0,3827.0,0.16952747
3828.0,3828.0,0.18099494
3829.0,3829.0,0.20263939
3830.0,3830.0,0.21194184
3831.0,3831.0,0.19997983
3832.0,3832.0,0.12788823
3833.0,3833.0,0.19670174
3834.0,3834.0,0.2648789
3835.0,3835.0,0.2561128
3836.0,3836.0,0.06281556
3837.0,3837.0,0.0761436
3838.0,3838.0,0.16427907
3839.0,3839.0,0.26510355
3840.0,3840.0,0.29046226
3841.0,3841.0,0.04188904
3842.0,3842.0,0.03141598
3843.0,3843.0,0.26303455
3844.0,3844.0,0.11862951
3845.0,3845.0,0.22144233
3846.0,3846.0,0.08762171
3847.0,3847.0,0.08513813
3848.0,3848.0,0.0848673
3849.0,3849.0,0.14167504
3850.0,3850.0,0.23004632
3851.0,3851.0,0.5608975
3852.0,3852.0,0.17151439
3853.0,3853.0,0.04177348
3854.0,3854.0,0.24032275
3855.0,3855.0,0.5226728
3856.0,3856.0,0.29594558
3857.0,3857.0,0.64365476
3858.0,3858.0,0.38506302
3859.0,3859.0,0.47264966
3860.0,3860.0,0.04311306
3861.0,3861.0,0.34411258
3862.0,3862.0,0.37455264
3863.0,3863.0,0.05721728
3864.0,3864.0,0.22127675
3865.0,3865.0,0.038490653
3866.0,3866.0,0.05747489
3867.0,3867.0,0.113352984
3868.0,3868.0,0.08058294
3869.0,3869.0,0.16909721
3870.0,3870.0,0.027092641
3871.0,3871.0,0.086405225
3872.0,3872.0,0.29586047
3873.0,3873.0,0.09358461
3874.0,3874.0,0.031232048
3875.0,3875.0,0.004980059
3876.0,3876.0,0.16864496
3877.0,3877.0,0.4202401
3878.0,3878.0,0.34892446
3879.0,3879.0,0.09864511
3880.0,3880.0,0.39245498
3881.0,3881.0,0.031811398
3882.0,3882.0,0.36087915
3883.0,3883.0,0.10273604
3884.0,3884.0,0.07138912
3885.0,3885.0,0.078901805
3886.0,3886.0,0.26431337
3887.0,3887.0,0.15767173
3888.0,3888.0,0.07563772
3889.0,3889.0,0.34865713
3890.0,3890.0,0.13065913
3891.0,3891.0,0.24673961
3892.0,3892.0,0.34572622
3893.0,3893.0,0.06577975
3894.0,3894.0,0.24369574
3895.0,3895.0,0.4177142
3896.0,3896.0,0.08075852
3897.0,3897.0,0.4147463
3898.0,3898.0,0.148833
3899.0,3899.0,0.15976039
3900.0,3900.0,0.23101515
3901.0,3901.0,0.024849782
3902.0,3902.0,0.07761012
3903.0,3903.0,0.09149115
3904.0,3904.0,0.2947222
3905.0,3905.0,0.3589147
3906.0,3906.0,0.05468301
3907.0,3907.0,0.21127853
3908.0,3908.0,0.32954642
3909.0,3909.0,0.12314202
3910.0,3910.0,0.59217364
3911.0,3911.0,0.2410781
3912.0,3912.0,0.4191975
3913.0,3913.0,0.70779514
3914.0,3914.0,0.5045062
3915.0,3915.0,0.25233397
3916.0,3916.0,0.17011675
3917.0,3917.0,0.05356772
3918.0,3918.0,0.18115106
3919.0,3919.0,0.20749791
3920.0,3920.0,0.10037351
3921.0,3921.0,0.69500774
3922.0,3922.0,0.14834033
3923.0,3923.0,0.008940179
3924.0,3924.0,0.07053898
3925.0,3925.0,0.13849127
3926.0,3926.0,0.072721146
3927.0,3927.0,0.33653757
3928.0,3928.0,0.16272572
3929.0,3929.0,0.26997563
3930.0,3930.0,0.027678479
3931.0,3931.0,0.33028764
3932.0,3932.0,0.70758075
3933.0,3933.0,0.21707395
3934.0,3934.0,0.39114392
3935.0,3935.0,0.17100619
3936.0,3936.0,0.16067952
3937.0,3937.0,0.11244451
3938.0,3938.0,0.17313875
3939.0,3939.0,0.10995189
3940.0,3940.0,0.20475638
3941.0,3941.0,0.38924932
3942.0,3942.0,0.028892415
3943.0,3943.0,0.3420912
3944.0,3944.0,0.15770912
3945.0,3945.0,0.43945044
3946.0,3946.0,0.1254394
3947.0,3947.0,0.25715867
3948.0,3948.0,0.22365855
3949.0,3949.0,0.4213078
3950.0,3950.0,0.26028383
3951.0,3951.0,0.012436727
3952.0,3952.0,0.15184765
3953.0,3953.0,0.7257735
3954.0,3954.0,0.14624132
3955.0,3955.0,0.28013483
3956.0,3956.0,0.19827369
3957.0,3957.0,0.36913097
3958.0,3958.0,0.16066103
3959.0,3959.0,0.32285884
3960.0,3960.0,0.07340799
3961.0,3961.0,0.18100676
3962.0,3962.0,0.35679588
3963.0,3963.0,0.037229013
3964.0,3964.0,0.051021423
3965.0,3965.0,0.14085937
3966.0,3966.0,0.25164637
3967.0,3967.0,0.22101924
3968.0,3968.0,0.41982722
3969.0,3969.0,0.04778741
3970.0,3970.0,0.17939223
3971.0,3971.0,0.051363204
3972.0,3972.0,0.046043318
3973.0,3973.0,0.3887193
3974.0,3974.0,0.12382516
3975.0,3975.0,0.06752875
3976.0,3976.0,0.2101438
3977.0,3977.0,0.038494926
3978.0,3978.0,0.15423977
3979.0,3979.0,0.03378617
3980.0,3980.0,0.27584907
3981.0,3981.0,0.42254192
3982.0,3982.0,0.0766416
3983.0,3983.0,0.070368744
3984.0,3984.0,0.72345865
3985.0,3985.0,0.12014165
3986.0,3986.0,0.030264523
3987.0,3987.0,0.47409678
3988.0,3988.0,0.28280875
3989.0,3989.0,0.23164523
3990.0,3990.0,0.24765812
3991.0,3991.0,0.495978
3992.0,3992.0,0.50235724
3993.0,3993.0,0.43836144
3994.0,3994.0,0.18569794
3995.0,3995.0,0.12576666
3996.0,3996.0,0.44278708
3997.0,3997.0,0.04874821
3998.0,3998.0,0.034751903
3999.0,3999.0,0.22953653
4000.0,4000.0,0.094929986
4001.0,4001.0,0.15013169
4002.0,4002.0,0.0767501
4003.0,4003.0,0.42650208
4004.0,4004.0,0.5926447
4005.0,4005.0,0.51916504
4006.0,4006.0,0.17088306
4007.0,4007.0,0.29324585
4008.0,4008.0,0.3606512
4009.0,4009.0,0.2277288
4010.0,4010.0,0.12966417
4011.0,4011.0,0.24696732
4012.0,4012.0,0.23615812
4013.0,4013.0,0.0894723
4014.0,4014.0,0.26819068
4015.0,4015.0,0.151912
4016.0,4016.0,0.21758695
4017.0,4017.0,0.23126595
4018.0,4018.0,0.27825266
4019.0,4019.0,0.78558797
4020.0,4020.0,0.04609905
4021.0,4021.0,0.19383262
4022.0,4022.0,0.22929959
4023.0,4023.0,0.094295405
4024.0,4024.0,0.4095423
4025.0,4025.0,0.16254984
4026.0,4026.0,0.2694895
4027.0,4027.0,0.09889062
4028.0,4028.0,0.47284842
4029.0,4029.0,0.10279526
4030.0,4030.0,0.02189267
4031.0,4031.0,0.18006924
4032.0,4032.0,0.34928983
4033.0,4033.0,0.3682014
4034.0,4034.0,0.39134493
4035.0,4035.0,0.16140047
4036.0,4036.0,0.18946943
4037.0,4037.0,0.48297995
4038.0,4038.0,0.43717334
4039.0,4039.0,0.033828426
4040.0,4040.0,0.2508551
4041.0,4041.0,0.064766124
4042.0,4042.0,0.12735672
4043.0,4043.0,0.1939999
4044.0,4044.0,0.54670984
4045.0,4045.0,0.069869556
4046.0,4046.0,0.23316006
4047.0,4047.0,0.3747295
4048.0,4048.0,0.05892659
4049.0,4049.0,0.36827672
4050.0,4050.0,0.11235217
4051.0,4051.0,0.18066353
4052.0,4052.0,0.51198876
4053.0,4053.0,0.25919473
4054.0,4054.0,0.3482261
4055.0,4055.0,0.2249633
4056.0,4056.0,0.11603741
4057.0,4057.0,0.27305526
4058.0,4058.0,0.27231985
4059.0,4059.0,0.09811761
4060.0,4060.0,0.6963432
4061.0,4061.0,0.056417476
4062.0,4062.0,0.2674781
4063.0,4063.0,0.50900453
4064.0,4064.0,0.2130364
4065.0,4065.0,0.198168
4066.0,4066.0,0.18687923
4067.0,4067.0,0.52699095
4068.0,4068.0,0.32496768
4069.0,4069.0,0.031597365
4070.0,4070.0,0.3564558
4071.0,4071.0,0.12774393
4072.0,4072.0,0.2805681
4073.0,4073.0,0.07543916
4074.0,4074.0,0.25595117
4075.0,4075.0,0.16089886
4076.0,4076.0,0.23846841
4077.0,4077.0,0.06958095
4078.0,4078.0,0.12402257
4079.0,4079.0,0.22747076
4080.0,4080.0,0.34638032
4081.0,4081.0,0.27952966
4082.0,4082.0,0.092396334
4083.0,4083.0,0.088355206
4084.0,4084.0,0.26743606
4085.0,4085.0,0.14572245
4086.0,4086.0,0.17199805
4087.0,4087.0,0.06424648
4088.0,4088.0,0.5808461
4089.0,4089.0,0.1696232
4090.0,4090.0,0.10676588
4091.0,4091.0,0.05113977
4092.0,4092.0,0.24767403
