x,y,species max
1.0,1.0,0.13225287
2.0,2.0,0.5613796
3.0,3.0,0.007662319
4.0,4.0,0.1792765
5.0,5.0,0.55652124
6.0,6.0,0.016769245
7.0,7.0,0.2596856
8.0,8.0,0.28503025
9.0,9.0,0.24992345
10.0,10.0,0.6360394
11.0,11.0,0.3250363
12.0,12.0,0.6033884
13.0,13.0,0.18257636
14.0,14.0,0.4170208
15.0,15.0,0.39197868
16.0,16.0,0.45485133
17.0,17.0,0.50378996
18.0,18.0,0.48062745
19.0,19.0,0.14936166
20.0,20.0,0.32993722
21.0,21.0,0.40592447
22.0,22.0,0.18961434
23.0,23.0,0.41987506
24.0,24.0,0.10815275
25.0,25.0,0.56981623
26.0,26.0,0.09937119
27.0,27.0,0.61827284
28.0,28.0,0.41988152
29.0,29.0,0.34695986
30.0,30.0,0.080590904
31.0,31.0,0.33285698
32.0,32.0,0.061003685
33.0,33.0,0.31888002
34.0,34.0,0.4888016
35.0,35.0,0.40483376
36.0,36.0,0.27408552
37.0,37.0,0.057487287
38.0,38.0,0.15720165
39.0,39.0,0.45800692
40.0,40.0,0.5508136
41.0,41.0,0.6106762
42.0,42.0,0.102753095
43.0,43.0,0.17570822
44.0,44.0,0.5760836
45.0,45.0,0.3270305
46.0,46.0,0.60538036
47.0,47.0,0.4636734
48.0,48.0,0.21646279
49.0,49.0,0.3159401
50.0,50.0,0.37712651
51.0,51.0,0.35115606
52.0,52.0,0.17741849
53.0,53.0,0.53500557
54.0,54.0,0.069284804
55.0,55.0,0.3853179
56.0,56.0,0.26958716
57.0,57.0,0.0070047183
58.0,58.0,0.50001055
59.0,59.0,0.012114629
60.0,60.0,0.056328762
61.0,61.0,0.0026242337
62.0,62.0,0.14428027
63.0,63.0,0.071935765
64.0,64.0,0.31958067
65.0,65.0,0.011721448
66.0,66.0,0.09392067
67.0,67.0,0.03809115
68.0,68.0,0.097377315
69.0,69.0,0.48260874
70.0,70.0,0.12033615
71.0,71.0,0.45167717
72.0,72.0,0.00436804
73.0,73.0,0.58980614
74.0,74.0,0.3241604
75.0,75.0,0.74639887
76.0,76.0,0.090112545
77.0,77.0,0.36905426
78.0,78.0,0.09628569
79.0,79.0,0.757576
80.0,80.0,0.73646575
81.0,81.0,0.0019877814
82.0,82.0,0.2707241
83.0,83.0,0.65998834
84.0,84.0,0.13303855
85.0,85.0,0.05736094
86.0,86.0,0.4105066
87.0,87.0,0.3898839
88.0,88.0,0.6161851
89.0,89.0,0.26963526
90.0,90.0,0.43923777
91.0,91.0,0.18006307
92.0,92.0,0.18315881
93.0,93.0,0.39565948
94.0,94.0,0.12381905
95.0,95.0,0.37545955
96.0,96.0,0.06596176
97.0,97.0,0.4588345
98.0,98.0,0.030759953
99.0,99.0,0.4102206
100.0,100.0,0.6386381
101.0,101.0,0.35673508
102.0,102.0,0.562957
103.0,103.0,0.00451287
104.0,104.0,0.20233402
105.0,105.0,0.45546556
106.0,106.0,0.012079446
107.0,107.0,0.44382656
108.0,108.0,0.32238725
109.0,109.0,0.29076457
110.0,110.0,0.57525766
111.0,111.0,0.62917125
112.0,112.0,0.03214668
113.0,113.0,0.54172397
114.0,114.0,0.072483376
115.0,115.0,0.26050946
116.0,116.0,0.03046007
117.0,117.0,0.35635856
118.0,118.0,0.17915332
119.0,119.0,0.64066327
120.0,120.0,0.36715105
121.0,121.0,0.58478
122.0,122.0,0.109121405
123.0,123.0,0.0070045646
124.0,124.0,0.4962827
125.0,125.0,0.4079393
126.0,126.0,0.3692547
127.0,127.0,0.31437737
128.0,128.0,0.0649889
129.0,129.0,0.35778296
130.0,130.0,0.5089047
131.0,131.0,0.598391
132.0,132.0,0.40170315
133.0,133.0,0.0058881757
134.0,134.0,0.05124717
135.0,135.0,0.40177098
136.0,136.0,0.17868783
137.0,137.0,0.32731915
138.0,138.0,0.757554
139.0,139.0,0.2921853
140.0,140.0,0.00254086
141.0,141.0,0.101220176
142.0,142.0,0.32691404
143.0,143.0,0.36303726
144.0,144.0,0.0340987
145.0,145.0,0.71738
146.0,146.0,0.3764707
147.0,147.0,0.17839043
148.0,148.0,0.6173217
149.0,149.0,0.46114665
150.0,150.0,0.32238725
151.0,151.0,0.27525058
152.0,152.0,0.4019876
153.0,153.0,0.3046229
154.0,154.0,0.4231826
155.0,155.0,0.49011558
156.0,156.0,0.012397496
157.0,157.0,0.034183003
158.0,158.0,0.18678412
159.0,159.0,0.3184135
160.0,160.0,0.5734499
161.0,161.0,0.10160751
162.0,162.0,0.34444574
163.0,163.0,0.7366771
164.0,164.0,0.048551194
165.0,165.0,0.5031823
166.0,166.0,0.0070047183
167.0,167.0,0.03450036
168.0,168.0,0.5329568
169.0,169.0,0.18281391
170.0,170.0,0.3795004
171.0,171.0,0.3908576
172.0,172.0,0.34155667
173.0,173.0,0.7559309
174.0,174.0,0.6111578
175.0,175.0,0.13878568
176.0,176.0,0.029180426
177.0,177.0,0.05089537
178.0,178.0,0.083454885
179.0,179.0,0.060919154
180.0,180.0,0.49429983
181.0,181.0,0.22084133
182.0,182.0,0.37407914
183.0,183.0,0.5278798
184.0,184.0,0.3762289
185.0,185.0,0.48818824
186.0,186.0,0.24998131
187.0,187.0,0.37327898
188.0,188.0,0.26329625
189.0,189.0,0.18207426
190.0,190.0,0.42946482
191.0,191.0,0.10495554
192.0,192.0,0.39431173
193.0,193.0,0.28982693
194.0,194.0,0.7388978
195.0,195.0,0.75533766
196.0,196.0,0.03165158
197.0,197.0,0.39281932
198.0,198.0,0.32691404
199.0,199.0,0.31730965
200.0,200.0,0.13572831
201.0,201.0,0.34155667
202.0,202.0,0.38452268
203.0,203.0,0.071638145
204.0,204.0,0.59879655
205.0,205.0,0.3392092
206.0,206.0,0.39956105
207.0,207.0,0.7495058
208.0,208.0,0.11217915
209.0,209.0,0.00601155
210.0,210.0,0.3333049
211.0,211.0,0.019000247
212.0,212.0,0.11065993
213.0,213.0,0.043680545
214.0,214.0,0.034495622
215.0,215.0,0.100448534
216.0,216.0,0.26014838
217.0,217.0,0.30569503
218.0,218.0,0.5948859
219.0,219.0,0.32125694
220.0,220.0,0.45879874
221.0,221.0,0.45923066
222.0,222.0,0.40910265
223.0,223.0,0.26843518
224.0,224.0,0.10348056
225.0,225.0,0.40463176
226.0,226.0,0.2707548
227.0,227.0,0.06250999
228.0,228.0,0.3383436
229.0,229.0,0.03188922
230.0,230.0,0.0072086942
231.0,231.0,0.56020766
232.0,232.0,0.32491264
233.0,233.0,0.48949188
234.0,234.0,0.5331877
235.0,235.0,0.70162207
236.0,236.0,0.7607655
237.0,237.0,0.099049635
238.0,238.0,0.2593408
239.0,239.0,0.19825175
240.0,240.0,0.0994565
241.0,241.0,0.5518558
242.0,242.0,0.49049032
243.0,243.0,0.26909956
244.0,244.0,0.31244865
245.0,245.0,0.37710607
246.0,246.0,0.5599783
247.0,247.0,0.06800127
248.0,248.0,0.63741773
249.0,249.0,0.42838284
250.0,250.0,0.57745224
251.0,251.0,0.10978635
252.0,252.0,0.21274653
253.0,253.0,0.5395841
254.0,254.0,0.399711
255.0,255.0,0.037611254
256.0,256.0,0.39447704
257.0,257.0,0.04977839
258.0,258.0,0.0020248697
259.0,259.0,0.009052799
260.0,260.0,0.5718489
261.0,261.0,0.59200567
262.0,262.0,0.25617054
263.0,263.0,0.69185036
264.0,264.0,0.015936451
265.0,265.0,0.5082785
266.0,266.0,0.62285155
267.0,267.0,0.09616785
268.0,268.0,0.45902246
269.0,269.0,0.3976119
270.0,270.0,0.35280257
271.0,271.0,0.10465449
272.0,272.0,0.14893113
273.0,273.0,0.068025276
274.0,274.0,0.38925472
275.0,275.0,0.13219614
276.0,276.0,0.42794263
277.0,277.0,0.09970217
278.0,278.0,0.1760254
279.0,279.0,0.63945717
280.0,280.0,0.38970545
281.0,281.0,0.23237422
282.0,282.0,0.62917125
283.0,283.0,0.06409775
284.0,284.0,0.6133172
285.0,285.0,0.317163
286.0,286.0,0.025438689
287.0,287.0,0.024572266
288.0,288.0,0.102753095
289.0,289.0,0.49714765
290.0,290.0,0.7526663
291.0,291.0,0.2215753
292.0,292.0,0.23592159
293.0,293.0,0.008506656
294.0,294.0,0.46147677
295.0,295.0,0.3574262
296.0,296.0,0.5835783
297.0,297.0,0.06409775
298.0,298.0,0.47771794
299.0,299.0,0.33678025
300.0,300.0,0.53316706
301.0,301.0,0.13986395
302.0,302.0,0.56296074
303.0,303.0,0.062880516
304.0,304.0,0.43406582
305.0,305.0,0.36771068
306.0,306.0,0.37455368
307.0,307.0,0.06166495
308.0,308.0,0.19208343
309.0,309.0,0.49386325
310.0,310.0,0.5442727
311.0,311.0,0.62757534
312.0,312.0,0.33813015
313.0,313.0,0.2271704
314.0,314.0,0.4101786
315.0,315.0,0.054358386
316.0,316.0,0.551024
317.0,317.0,0.36403644
318.0,318.0,0.43500903
319.0,319.0,0.36706164
320.0,320.0,0.2905496
321.0,321.0,0.67942744
322.0,322.0,0.25582603
323.0,323.0,0.47762465
324.0,324.0,0.51466024
325.0,325.0,0.40988088
326.0,326.0,0.5118156
327.0,327.0,0.5044017
328.0,328.0,0.2694829
329.0,329.0,0.42191824
330.0,330.0,0.16547874
331.0,331.0,0.31699392
332.0,332.0,0.072162285
333.0,333.0,0.008391265
334.0,334.0,0.39816475
335.0,335.0,0.38598055
336.0,336.0,0.29115942
337.0,337.0,0.03213171
338.0,338.0,0.26052427
339.0,339.0,0.40816563
340.0,340.0,0.0039154743
341.0,341.0,0.61318016
342.0,342.0,0.19115445
343.0,343.0,0.22618707
344.0,344.0,0.37847346
345.0,345.0,0.34168422
346.0,346.0,0.45876065
347.0,347.0,0.0015187808
348.0,348.0,0.10815
349.0,349.0,0.40876028
350.0,350.0,0.21274653
351.0,351.0,0.35162517
352.0,352.0,0.5896387
353.0,353.0,0.1094443
354.0,354.0,0.32614115
355.0,355.0,0.45799938
356.0,356.0,0.18133138
357.0,357.0,0.31681594
358.0,358.0,0.061360568
359.0,359.0,0.57847416
360.0,360.0,0.33377922
361.0,361.0,0.37564388
362.0,362.0,0.0038644145
363.0,363.0,0.48566765
364.0,364.0,0.06071591
365.0,365.0,0.6145886
366.0,366.0,0.03188922
367.0,367.0,0.6274311
368.0,368.0,0.011965297
369.0,369.0,0.56303465
370.0,370.0,0.37782204
371.0,371.0,0.044205133
372.0,372.0,0.3864096
373.0,373.0,0.42751026
374.0,374.0,0.6046357
375.0,375.0,0.56355536
376.0,376.0,0.3526311
377.0,377.0,0.30802247
378.0,378.0,0.56915027
379.0,379.0,0.7574064
380.0,380.0,0.5374453
381.0,381.0,0.2320432
382.0,382.0,0.31459993
383.0,383.0,0.3937811
384.0,384.0,0.49684295
385.0,385.0,0.3374451
386.0,386.0,0.18315881
387.0,387.0,0.28756794
388.0,388.0,0.008935348
389.0,389.0,0.32691404
390.0,390.0,0.4456045
391.0,391.0,0.6282406
392.0,392.0,0.45893618
393.0,393.0,0.18104488
394.0,394.0,0.3385645
395.0,395.0,0.4980573
396.0,396.0,0.10992528
397.0,397.0,3.5728747E-4
398.0,398.0,0.28503025
399.0,399.0,0.28503025
400.0,400.0,0.44765
401.0,401.0,0.64153975
402.0,402.0,0.0013045436
403.0,403.0,0.2550316
404.0,404.0,0.054124095
405.0,405.0,0.512675
406.0,406.0,0.5599783
407.0,407.0,0.06858333
408.0,408.0,0.7473874
409.0,409.0,0.30569503
410.0,410.0,0.292447
411.0,411.0,0.25868955
412.0,412.0,0.32691404
413.0,413.0,0.56848043
414.0,414.0,0.6028157
415.0,415.0,0.5626667
416.0,416.0,0.057776872
417.0,417.0,0.023378553
418.0,418.0,0.4609586
419.0,419.0,0.3353667
420.0,420.0,0.011588436
421.0,421.0,0.12101275
422.0,422.0,0.61001
423.0,423.0,0.428121
424.0,424.0,0.27037156
425.0,425.0,0.5347757
426.0,426.0,0.6129201
427.0,427.0,0.45902246
428.0,428.0,0.37355828
429.0,429.0,0.49393404
430.0,430.0,0.050671104
431.0,431.0,0.2882228
432.0,432.0,0.38861075
433.0,433.0,0.37710607
434.0,434.0,0.57237864
435.0,435.0,0.33928773
436.0,436.0,0.41165704
437.0,437.0,0.064093396
438.0,438.0,0.00436804
439.0,439.0,0.42048523
440.0,440.0,0.36062407
441.0,441.0,0.61330146
442.0,442.0,0.111863144
443.0,443.0,0.04671136
444.0,444.0,0.4028693
445.0,445.0,0.5386147
446.0,446.0,0.39585784
447.0,447.0,0.34775606
448.0,448.0,0.40533403
449.0,449.0,0.10400312
450.0,450.0,0.0089722825
451.0,451.0,0.2960551
452.0,452.0,0.57930833
453.0,453.0,0.1691504
454.0,454.0,0.15328053
455.0,455.0,0.75850636
456.0,456.0,0.17229797
457.0,457.0,0.68116236
458.0,458.0,0.0015059783
459.0,459.0,0.51143485
460.0,460.0,0.43731987
461.0,461.0,0.38109973
462.0,462.0,0.0027993063
463.0,463.0,0.3004694
464.0,464.0,0.47306624
465.0,465.0,0.11217915
466.0,466.0,0.12559822
467.0,467.0,0.13059999
468.0,468.0,0.18976232
469.0,469.0,0.25664932
470.0,470.0,0.31505743
471.0,471.0,0.66378963
472.0,472.0,0.27187893
473.0,473.0,0.82789516
474.0,474.0,0.550432
475.0,475.0,0.45902246
476.0,476.0,0.12994146
477.0,477.0,0.05124717
478.0,478.0,0.50057566
479.0,479.0,0.4936421
480.0,480.0,0.21944281
481.0,481.0,0.09973144
482.0,482.0,0.034120772
483.0,483.0,0.37359244
484.0,484.0,0.550012
485.0,485.0,0.5895565
486.0,486.0,0.6390354
487.0,487.0,0.08289793
488.0,488.0,0.31838635
489.0,489.0,0.41427007
490.0,490.0,0.011953145
491.0,491.0,0.75656784
492.0,492.0,0.43121976
493.0,493.0,0.34227216
494.0,494.0,0.12080691
495.0,495.0,0.17317271
496.0,496.0,0.17391707
497.0,497.0,0.4982543
498.0,498.0,0.4044112
499.0,499.0,0.058002975
500.0,500.0,0.3311518
501.0,501.0,0.28614238
502.0,502.0,0.060605977
503.0,503.0,0.34555677
504.0,504.0,0.3719917
505.0,505.0,0.326328
506.0,506.0,0.45828214
507.0,507.0,0.21610563
508.0,508.0,0.25617054
509.0,509.0,0.1348004
510.0,510.0,0.65024996
511.0,511.0,0.70123786
512.0,512.0,0.42399424
513.0,513.0,0.38013935
514.0,514.0,0.36507758
515.0,515.0,0.6311336
516.0,516.0,0.007072156
517.0,517.0,0.45989376
518.0,518.0,0.5854365
519.0,519.0,0.3637279
520.0,520.0,0.5278798
521.0,521.0,0.29354727
522.0,522.0,0.36022216
523.0,523.0,0.52315766
524.0,524.0,0.514727
525.0,525.0,0.5049927
526.0,526.0,0.0021331115
527.0,527.0,0.6511514
528.0,528.0,0.35394052
529.0,529.0,0.29222026
530.0,530.0,0.6854714
531.0,531.0,0.24637227
532.0,532.0,0.358109
533.0,533.0,0.39135677
534.0,534.0,0.08943898
535.0,535.0,0.33631355
536.0,536.0,0.17945284
537.0,537.0,6.1001E-4
538.0,538.0,0.514727
539.0,539.0,0.119474165
540.0,540.0,0.15336275
541.0,541.0,0.010974512
542.0,542.0,0.5402411
543.0,543.0,0.3442445
544.0,544.0,0.4484913
545.0,545.0,0.7531912
546.0,546.0,0.36448517
547.0,547.0,0.28570738
548.0,548.0,0.01155427
549.0,549.0,0.61740476
550.0,550.0,0.66980416
551.0,551.0,0.7513531
552.0,552.0,0.031882066
553.0,553.0,0.18000513
554.0,554.0,0.26007602
555.0,555.0,0.1752106
556.0,556.0,0.5346793
557.0,557.0,0.1798511
558.0,558.0,0.3522224
559.0,559.0,0.614196
560.0,560.0,0.6172428
561.0,561.0,0.46027502
562.0,562.0,0.3960926
563.0,563.0,0.75535715
564.0,564.0,0.18037018
565.0,565.0,0.0025610272
566.0,566.0,0.2612246
567.0,567.0,0.5696323
568.0,568.0,0.48781398
569.0,569.0,0.3519453
570.0,570.0,0.10409509
571.0,571.0,0.120131336
572.0,572.0,0.48161295
573.0,573.0,0.11780526
574.0,574.0,0.6621657
575.0,575.0,0.48972198
576.0,576.0,0.21572362
577.0,577.0,0.4807464
578.0,578.0,0.35285053
579.0,579.0,0.009047792
580.0,580.0,0.15158623
581.0,581.0,0.32691404
582.0,582.0,0.5037363
583.0,583.0,0.29351
584.0,584.0,0.17759001
585.0,585.0,0.27005368
586.0,586.0,0.009052799
587.0,587.0,0.6368733
588.0,588.0,0.028649189
589.0,589.0,0.034510683
590.0,590.0,0.25880137
591.0,591.0,0.4613972
592.0,592.0,0.071638145
593.0,593.0,0.46050987
594.0,594.0,0.3959703
595.0,595.0,0.8151577
596.0,596.0,0.109271444
597.0,597.0,0.29150453
598.0,598.0,0.7181826
599.0,599.0,0.75647575
600.0,600.0,0.25782326
601.0,601.0,0.1952896
602.0,602.0,0.49842328
603.0,603.0,0.37710607
604.0,604.0,0.56915027
605.0,605.0,0.32550305
606.0,606.0,0.48292106
607.0,607.0,0.42391923
608.0,608.0,0.3458087
609.0,609.0,0.6346853
610.0,610.0,0.3986074
611.0,611.0,0.33519387
612.0,612.0,0.41605327
613.0,613.0,0.5052991
614.0,614.0,0.492189
615.0,615.0,0.4378983
616.0,616.0,0.31985053
617.0,617.0,0.05736094
618.0,618.0,0.33340493
619.0,619.0,0.04345366
620.0,620.0,0.22800712
621.0,621.0,0.2671061
622.0,622.0,0.6587396
623.0,623.0,0.39189628
624.0,624.0,0.40337744
625.0,625.0,0.09998711
626.0,626.0,0.61381036
627.0,627.0,0.6397619
628.0,628.0,0.13528131
629.0,629.0,0.37771448
630.0,630.0,0.3665965
631.0,631.0,0.6480768
632.0,632.0,0.40708947
633.0,633.0,0.06858333
634.0,634.0,0.2540525
635.0,635.0,0.4193415
636.0,636.0,0.0070291613
637.0,637.0,0.48084378
638.0,638.0,0.59543836
639.0,639.0,0.011993294
640.0,640.0,0.34438676
641.0,641.0,0.18621522
642.0,642.0,0.49330148
643.0,643.0,0.43537936
644.0,644.0,0.034535386
645.0,645.0,0.3207872
646.0,646.0,0.011977858
647.0,647.0,0.15317094
648.0,648.0,0.026397575
649.0,649.0,0.03188922
650.0,650.0,0.31334776
651.0,651.0,0.1426543
652.0,652.0,0.37772056
653.0,653.0,0.020096203
654.0,654.0,0.32527265
655.0,655.0,0.551024
656.0,656.0,0.62917125
657.0,657.0,0.56030726
658.0,658.0,0.40264356
659.0,659.0,0.75816953
660.0,660.0,0.4998618
661.0,661.0,0.31260985
662.0,662.0,0.4095529
663.0,663.0,0.35184062
664.0,664.0,0.028560678
665.0,665.0,0.031463835
666.0,666.0,0.05677903
667.0,667.0,0.533915
668.0,668.0,0.05358387
669.0,669.0,0.5505024
670.0,670.0,0.02957808
671.0,671.0,0.3224737
672.0,672.0,0.0509875
673.0,673.0,0.49938855
674.0,674.0,0.6279262
675.0,675.0,0.060163345
676.0,676.0,0.166264
677.0,677.0,0.031861424
678.0,678.0,0.11139537
679.0,679.0,0.50254524
680.0,680.0,0.2936432
681.0,681.0,0.39124265
682.0,682.0,0.38145012
683.0,683.0,0.001998864
684.0,684.0,0.0357037
685.0,685.0,0.36397168
686.0,686.0,0.06692313
687.0,687.0,0.30780908
688.0,688.0,0.42393038
689.0,689.0,0.4595793
690.0,690.0,0.34868345
691.0,691.0,0.15328053
692.0,692.0,0.21357965
693.0,693.0,0.43809497
694.0,694.0,0.048551194
695.0,695.0,0.75775796
696.0,696.0,0.32074478
697.0,697.0,0.45557803
698.0,698.0,0.0020289044
699.0,699.0,0.14549254
700.0,700.0,0.53576964
701.0,701.0,0.040375505
702.0,702.0,0.60162663
703.0,703.0,0.034256842
704.0,704.0,0.52800894
705.0,705.0,0.38666075
706.0,706.0,0.44217592
707.0,707.0,0.051062915
708.0,708.0,0.039732143
709.0,709.0,0.3555523
710.0,710.0,0.24637227
711.0,711.0,0.37109464
712.0,712.0,0.50551695
713.0,713.0,0.5261921
714.0,714.0,0.406835
715.0,715.0,0.652552
716.0,716.0,0.1346946
717.0,717.0,0.2901421
718.0,718.0,0.74839145
719.0,719.0,0.13859709
720.0,720.0,0.37988096
721.0,721.0,0.33425227
722.0,722.0,0.35211608
723.0,723.0,0.57237864
724.0,724.0,0.008987843
725.0,725.0,0.6407869
726.0,726.0,0.45902246
727.0,727.0,0.68185246
728.0,728.0,0.13304113
729.0,729.0,0.23592159
730.0,730.0,0.2887905
731.0,731.0,0.64600575
732.0,732.0,0.2658553
733.0,733.0,0.008977637
734.0,734.0,0.15328053
735.0,735.0,0.0049969777
736.0,736.0,0.7510341
737.0,737.0,0.39085865
738.0,738.0,0.4254655
739.0,739.0,0.4787231
740.0,740.0,0.19971146
741.0,741.0,0.0021936323
742.0,742.0,0.21286045
743.0,743.0,0.246539
744.0,744.0,0.27463686
745.0,745.0,0.109271444
746.0,746.0,0.17399982
747.0,747.0,0.6083168
748.0,748.0,0.49756908
749.0,749.0,0.25135994
750.0,750.0,0.3630895
751.0,751.0,0.25737563
752.0,752.0,0.29147843
753.0,753.0,0.05403427
754.0,754.0,0.38623694
755.0,755.0,0.60281897
756.0,756.0,0.6373802
757.0,757.0,0.13845135
758.0,758.0,0.2696342
759.0,759.0,0.4090703
760.0,760.0,0.5741752
761.0,761.0,0.37251613
762.0,762.0,0.4875493
763.0,763.0,0.58589846
764.0,764.0,0.5039598
765.0,765.0,0.07238152
766.0,766.0,0.08377979
767.0,767.0,0.6372935
768.0,768.0,0.59158
769.0,769.0,0.337576
770.0,770.0,0.002555675
771.0,771.0,0.39914313
772.0,772.0,0.0340987
773.0,773.0,0.57614875
774.0,774.0,0.31549075
775.0,775.0,0.26177683
776.0,776.0,0.23343234
777.0,777.0,0.2724678
778.0,778.0,0.6390074
779.0,779.0,0.050977048
780.0,780.0,0.034057748
781.0,781.0,0.5922633
782.0,782.0,0.0340987
783.0,783.0,0.18634486
784.0,784.0,0.0677447
785.0,785.0,0.05111178
786.0,786.0,0.09200156
787.0,787.0,0.532853
788.0,788.0,0.28654188
789.0,789.0,0.47407126
790.0,790.0,0.17668577
791.0,791.0,0.6504923
792.0,792.0,0.009052799
793.0,793.0,0.14293917
794.0,794.0,0.41254655
795.0,795.0,0.70813316
796.0,796.0,0.30290535
797.0,797.0,0.011680031
798.0,798.0,0.22238287
799.0,799.0,0.031008324
800.0,800.0,0.021532075
801.0,801.0,0.55902964
802.0,802.0,0.49992418
803.0,803.0,0.39181197
804.0,804.0,0.21944281
805.0,805.0,0.5890689
806.0,806.0,0.27471793
807.0,807.0,0.06000234
808.0,808.0,0.55184567
809.0,809.0,0.68185246
810.0,810.0,0.7423287
811.0,811.0,0.097860225
812.0,812.0,0.0069136536
813.0,813.0,0.0293398
814.0,814.0,0.0013002459
815.0,815.0,0.22327389
816.0,816.0,0.23643768
817.0,817.0,0.40324098
818.0,818.0,0.40823865
819.0,819.0,0.10906202
820.0,820.0,0.70714664
821.0,821.0,0.41981855
822.0,822.0,0.59692603
823.0,823.0,0.04316521
824.0,824.0,0.12171476
825.0,825.0,0.34018245
826.0,826.0,0.13005371
827.0,827.0,0.35765696
828.0,828.0,0.16402338
829.0,829.0,0.59991986
830.0,830.0,0.6719697
831.0,831.0,0.45790407
832.0,832.0,0.43897507
833.0,833.0,0.0063913194
834.0,834.0,0.41668367
835.0,835.0,0.103974365
836.0,836.0,0.022175824
837.0,837.0,8.3539E-4
838.0,838.0,0.56343144
839.0,839.0,0.42513266
840.0,840.0,0.31985053
841.0,841.0,0.17587952
842.0,842.0,0.5337651
843.0,843.0,0.13648963
844.0,844.0,0.05340627
845.0,845.0,0.23954676
846.0,846.0,0.4370194
847.0,847.0,0.6787145
848.0,848.0,0.55902964
849.0,849.0,0.48549575
850.0,850.0,0.11133487
851.0,851.0,0.35093307
852.0,852.0,0.5338106
853.0,853.0,0.47164634
854.0,854.0,0.56298316
855.0,855.0,0.5510408
856.0,856.0,0.30328405
857.0,857.0,0.5697204
858.0,858.0,0.23954676
859.0,859.0,0.36139092
860.0,860.0,0.4006979
861.0,861.0,0.2589551
862.0,862.0,0.5446923
863.0,863.0,0.2708191
864.0,864.0,0.32797685
865.0,865.0,0.13152856
866.0,866.0,0.3249817
867.0,867.0,0.45902246
868.0,868.0,0.098877594
869.0,869.0,0.2229337
870.0,870.0,0.31989735
871.0,871.0,0.56405854
872.0,872.0,0.03133454
873.0,873.0,0.28503025
874.0,874.0,0.6005641
875.0,875.0,0.0025610272
876.0,876.0,0.21274653
877.0,877.0,0.45986456
878.0,878.0,0.23584475
879.0,879.0,0.3766444
880.0,880.0,0.46154767
881.0,881.0,0.4546349
882.0,882.0,0.326705
883.0,883.0,0.7672099
884.0,884.0,0.2604651
885.0,885.0,0.6807402
886.0,886.0,0.3937784
887.0,887.0,0.48166537
888.0,888.0,0.37572327
889.0,889.0,0.24195546
890.0,890.0,0.24539027
891.0,891.0,0.4642374
892.0,892.0,0.72918135
893.0,893.0,0.65644646
894.0,894.0,0.25764
895.0,895.0,0.57237864
896.0,896.0,0.33657414
897.0,897.0,0.4020091
898.0,898.0,0.29150453
899.0,899.0,0.31860626
900.0,900.0,0.5720121
901.0,901.0,0.29651067
902.0,902.0,0.18028498
903.0,903.0,0.4078898
904.0,904.0,0.49571815
905.0,905.0,0.10418839
906.0,906.0,0.535927
907.0,907.0,0.0481157
908.0,908.0,0.31708696
909.0,909.0,0.49351528
910.0,910.0,0.5577327
911.0,911.0,0.54004157
912.0,912.0,0.18202963
913.0,913.0,0.57447934
914.0,914.0,0.10936815
915.0,915.0,0.0318582
916.0,916.0,0.5245945
917.0,917.0,0.25079346
918.0,918.0,0.55048054
919.0,919.0,0.37506387
920.0,920.0,0.32413703
921.0,921.0,0.24908026
922.0,922.0,0.27210012
923.0,923.0,0.071222894
924.0,924.0,0.48087636
925.0,925.0,0.35087606
926.0,926.0,0.00599855
927.0,927.0,0.0049969777
928.0,928.0,0.06702583
929.0,929.0,0.009052799
930.0,930.0,0.325672
931.0,931.0,0.36917457
932.0,932.0,0.041925933
933.0,933.0,0.44827548
934.0,934.0,0.7565833
935.0,935.0,0.060605977
936.0,936.0,0.28904542
937.0,937.0,0.57461125
938.0,938.0,0.6812416
939.0,939.0,0.13304113
940.0,940.0,0.7555714
941.0,941.0,0.43924907
942.0,942.0,0.09538568
943.0,943.0,0.64214015
944.0,944.0,0.0085271485
945.0,945.0,0.39609358
946.0,946.0,0.050868165
947.0,947.0,0.005907881
948.0,948.0,0.020345224
949.0,949.0,0.3033171
950.0,950.0,0.50038636
951.0,951.0,0.37191254
952.0,952.0,0.33696204
953.0,953.0,0.31708696
954.0,954.0,0.41427007
955.0,955.0,8.356639E-4
956.0,956.0,0.41664308
957.0,957.0,0.039657254
958.0,958.0,0.57025707
959.0,959.0,0.09928376
960.0,960.0,0.35961452
961.0,961.0,0.18691897
962.0,962.0,0.2671061
963.0,963.0,0.11972383
964.0,964.0,0.32100704
965.0,965.0,0.57237864
966.0,966.0,0.09581136
967.0,967.0,0.610904
968.0,968.0,0.038592637
969.0,969.0,0.6109978
970.0,970.0,0.5697461
971.0,971.0,0.28688353
972.0,972.0,0.13304113
973.0,973.0,0.40518868
974.0,974.0,0.6479081
975.0,975.0,0.3400475
976.0,976.0,0.24668896
977.0,977.0,0.36380494
978.0,978.0,0.34172922
979.0,979.0,0.0082840305
980.0,980.0,0.5363147
981.0,981.0,0.3651374
982.0,982.0,0.00756277
983.0,983.0,0.67978305
984.0,984.0,0.7041056
985.0,985.0,0.17957456
986.0,986.0,0.56706786
987.0,987.0,0.17307524
988.0,988.0,0.3627448
989.0,989.0,0.15328053
990.0,990.0,0.03771673
991.0,991.0,0.5478178
992.0,992.0,0.23527975
993.0,993.0,0.3546353
994.0,994.0,0.48607102
995.0,995.0,0.6250908
996.0,996.0,0.0059345705
997.0,997.0,0.386555
998.0,998.0,0.59951025
999.0,999.0,0.32643783
1000.0,1000.0,0.6351715
1001.0,1001.0,0.41493854
1002.0,1002.0,0.37841496
1003.0,1003.0,0.5395841
1004.0,1004.0,0.38919103
1005.0,1005.0,0.75096714
1006.0,1006.0,0.14549254
1007.0,1007.0,0.40661722
1008.0,1008.0,0.15503567
1009.0,1009.0,0.03972637
1010.0,1010.0,0.0015016983
1011.0,1011.0,0.34265047
1012.0,1012.0,0.5278798
1013.0,1013.0,0.1910985
1014.0,1014.0,0.49118406
1015.0,1015.0,0.3546353
1016.0,1016.0,0.33575463
1017.0,1017.0,0.51741433
1018.0,1018.0,0.5236099
1019.0,1019.0,0.36701742
1020.0,1020.0,0.36139128
1021.0,1021.0,0.40191042
1022.0,1022.0,0.7549301
1023.0,1023.0,0.18300822
1024.0,1024.0,0.0069011124
1025.0,1025.0,0.2607433
1026.0,1026.0,0.60982007
1027.0,1027.0,0.36089966
1028.0,1028.0,0.60047203
1029.0,1029.0,0.021929482
1030.0,1030.0,0.57030165
1031.0,1031.0,0.43227074
1032.0,1032.0,0.37472373
1033.0,1033.0,0.5120324
1034.0,1034.0,0.53896236
1035.0,1035.0,0.040856622
1036.0,1036.0,0.5389678
1037.0,1037.0,0.51315564
1038.0,1038.0,0.2608682
1039.0,1039.0,0.40839285
1040.0,1040.0,0.02196481
1041.0,1041.0,0.2887905
1042.0,1042.0,0.25868955
1043.0,1043.0,0.6273907
1044.0,1044.0,0.053606793
1045.0,1045.0,0.3894265
1046.0,1046.0,0.031597108
1047.0,1047.0,0.41043523
1048.0,1048.0,0.050610244
1049.0,1049.0,0.26815972
1050.0,1050.0,0.0311429
1051.0,1051.0,0.5324073
1052.0,1052.0,0.2887905
1053.0,1053.0,0.18315881
1054.0,1054.0,0.5007047
1055.0,1055.0,0.64730257
1056.0,1056.0,0.0070969746
1057.0,1057.0,0.13510929
1058.0,1058.0,0.75430983
1059.0,1059.0,0.09922748
1060.0,1060.0,0.102753095
1061.0,1061.0,0.1883511
1062.0,1062.0,0.4619716
1063.0,1063.0,0.38593337
1064.0,1064.0,0.4118511
1065.0,1065.0,0.7561838
1066.0,1066.0,0.30344942
1067.0,1067.0,0.11217915
1068.0,1068.0,0.020169942
1069.0,1069.0,0.19944407
1070.0,1070.0,0.53594047
1071.0,1071.0,0.36027873
1072.0,1072.0,0.0025610272
1073.0,1073.0,0.34282857
1074.0,1074.0,0.351114
1075.0,1075.0,0.56006557
1076.0,1076.0,0.38274378
1077.0,1077.0,0.006314317
1078.0,1078.0,0.06721693
1079.0,1079.0,0.37156713
1080.0,1080.0,0.32127568
1081.0,1081.0,0.4995831
1082.0,1082.0,0.008940592
1083.0,1083.0,0.3426199
1084.0,1084.0,0.21479289
1085.0,1085.0,0.15380983
1086.0,1086.0,0.3564523
1087.0,1087.0,0.47515482
1088.0,1088.0,0.31746817
1089.0,1089.0,0.5567288
1090.0,1090.0,0.32613152
1091.0,1091.0,0.5311465
1092.0,1092.0,0.3194198
1093.0,1093.0,0.102753095
1094.0,1094.0,0.14086217
1095.0,1095.0,0.3329963
1096.0,1096.0,0.3642055
1097.0,1097.0,0.25772128
1098.0,1098.0,0.4459605
1099.0,1099.0,0.51242465
1100.0,1100.0,0.57237864
1101.0,1101.0,0.11934262
1102.0,1102.0,0.13152856
1103.0,1103.0,0.33881718
1104.0,1104.0,0.69398195
1105.0,1105.0,0.46215
1106.0,1106.0,0.45714387
1107.0,1107.0,0.5599585
1108.0,1108.0,0.2720265
1109.0,1109.0,0.38009012
1110.0,1110.0,0.022463372
1111.0,1111.0,0.28982693
1112.0,1112.0,0.010475295
1113.0,1113.0,0.29217505
1114.0,1114.0,0.46836382
1115.0,1115.0,0.31708696
1116.0,1116.0,0.0013054131
1117.0,1117.0,0.39121267
1118.0,1118.0,0.3892023
1119.0,1119.0,0.016202101
1120.0,1120.0,0.09937066
1121.0,1121.0,0.6277896
1122.0,1122.0,0.5621392
1123.0,1123.0,0.68656504
1124.0,1124.0,0.38146687
1125.0,1125.0,0.10519046
1126.0,1126.0,0.30923212
1127.0,1127.0,0.57560086
1128.0,1128.0,0.32259506
1129.0,1129.0,0.36391842
1130.0,1130.0,0.3965231
1131.0,1131.0,0.10902968
1132.0,1132.0,0.043324955
1133.0,1133.0,0.4375575
1134.0,1134.0,0.17573465
1135.0,1135.0,0.034273982
1136.0,1136.0,0.11217471
1137.0,1137.0,0.25436467
1138.0,1138.0,0.18094762
1139.0,1139.0,0.23954676
1140.0,1140.0,0.6374259
1141.0,1141.0,0.5177115
1142.0,1142.0,0.13500088
1143.0,1143.0,0.020084234
1144.0,1144.0,0.04977839
1145.0,1145.0,0.2352778
1146.0,1146.0,0.4143766
1147.0,1147.0,0.10160082
1148.0,1148.0,0.3739389
1149.0,1149.0,0.012089381
1150.0,1150.0,0.30298355
1151.0,1151.0,0.023478508
1152.0,1152.0,0.0013054131
1153.0,1153.0,0.11065993
1154.0,1154.0,0.7354558
1155.0,1155.0,0.2533165
1156.0,1156.0,0.020079007
1157.0,1157.0,0.56394327
1158.0,1158.0,0.35299817
1159.0,1159.0,0.59181917
1160.0,1160.0,0.5446239
1161.0,1161.0,0.21355884
1162.0,1162.0,0.0340987
1163.0,1163.0,0.27397174
1164.0,1164.0,0.33245867
1165.0,1165.0,0.36396116
1166.0,1166.0,0.6619672
1167.0,1167.0,0.3989436
1168.0,1168.0,0.11919291
1169.0,1169.0,0.4858704
1170.0,1170.0,0.25962457
1171.0,1171.0,0.7231508
1172.0,1172.0,0.5475762
1173.0,1173.0,0.31985053
1174.0,1174.0,0.099579945
1175.0,1175.0,0.042691812
1176.0,1176.0,0.0340987
1177.0,1177.0,0.2229337
1178.0,1178.0,0.2921853
1179.0,1179.0,0.6346527
1180.0,1180.0,0.3943345
1181.0,1181.0,0.2229337
1182.0,1182.0,0.63897526
1183.0,1183.0,0.38952217
1184.0,1184.0,0.30203715
1185.0,1185.0,0.70493966
1186.0,1186.0,0.3240211
1187.0,1187.0,0.5897528
1188.0,1188.0,0.62917125
1189.0,1189.0,0.5852726
1190.0,1190.0,0.3719917
1191.0,1191.0,0.09920347
1192.0,1192.0,0.269991
1193.0,1193.0,0.00436804
1194.0,1194.0,0.4543615
1195.0,1195.0,0.38980973
1196.0,1196.0,0.67854196
1197.0,1197.0,0.48933896
1198.0,1198.0,0.52404207
1199.0,1199.0,0.053652618
1200.0,1200.0,0.14549254
1201.0,1201.0,0.11971408
1202.0,1202.0,0.060605977
1203.0,1203.0,0.45902246
1204.0,1204.0,0.15328053
1205.0,1205.0,0.76041216
1206.0,1206.0,0.33477035
1207.0,1207.0,0.2075587
1208.0,1208.0,0.41713253
1209.0,1209.0,0.56270874
1210.0,1210.0,0.58907723
1211.0,1211.0,0.11144945
1212.0,1212.0,0.09774419
1213.0,1213.0,0.40554836
1214.0,1214.0,0.0221232
1215.0,1215.0,0.35104036
1216.0,1216.0,0.13878568
1217.0,1217.0,0.3019089
1218.0,1218.0,0.3546265
1219.0,1219.0,0.3876085
1220.0,1220.0,0.38512382
1221.0,1221.0,0.21496193
1222.0,1222.0,0.38192493
1223.0,1223.0,0.75374526
1224.0,1224.0,0.031119376
1225.0,1225.0,0.8163783
1226.0,1226.0,0.049889836
1227.0,1227.0,0.45790407
1228.0,1228.0,0.31858477
1229.0,1229.0,0.4315037
1230.0,1230.0,0.37546864
1231.0,1231.0,0.57988364
1232.0,1232.0,0.58501434
1233.0,1233.0,0.36139864
1234.0,1234.0,0.25915286
1235.0,1235.0,0.6671677
1236.0,1236.0,0.031938553
1237.0,1237.0,0.3676253
1238.0,1238.0,0.58166647
1239.0,1239.0,0.18512616
1240.0,1240.0,0.50308394
1241.0,1241.0,0.02217523
1242.0,1242.0,0.061469372
1243.0,1243.0,0.50964487
1244.0,1244.0,0.1691504
1245.0,1245.0,0.4627137
1246.0,1246.0,0.018909415
1247.0,1247.0,0.37936732
1248.0,1248.0,0.40660587
1249.0,1249.0,0.03188922
1250.0,1250.0,0.5213892
1251.0,1251.0,0.54280007
1252.0,1252.0,0.34549838
1253.0,1253.0,0.50088066
1254.0,1254.0,0.48873377
1255.0,1255.0,0.34862682
1256.0,1256.0,0.7033018
1257.0,1257.0,0.4362699
1258.0,1258.0,0.4919794
1259.0,1259.0,0.25265723
1260.0,1260.0,0.019214634
1261.0,1261.0,0.28520602
1262.0,1262.0,0.5744451
1263.0,1263.0,0.4593856
1264.0,1264.0,0.6172428
1265.0,1265.0,0.032489546
1266.0,1266.0,0.7134335
1267.0,1267.0,0.4316127
1268.0,1268.0,0.17102998
1269.0,1269.0,0.18125613
1270.0,1270.0,0.05637182
1271.0,1271.0,0.22289404
1272.0,1272.0,0.6312799
1273.0,1273.0,0.4948968
1274.0,1274.0,0.39568487
1275.0,1275.0,0.21274653
1276.0,1276.0,0.37484476
1277.0,1277.0,0.028787741
1278.0,1278.0,0.5531984
1279.0,1279.0,0.48910707
1280.0,1280.0,0.40505433
1281.0,1281.0,0.36054546
1282.0,1282.0,0.022206306
1283.0,1283.0,0.44156334
1284.0,1284.0,0.625767
1285.0,1285.0,0.37219146
1286.0,1286.0,0.28402802
1287.0,1287.0,0.005993879
1288.0,1288.0,0.18442842
1289.0,1289.0,0.5422708
1290.0,1290.0,0.6619701
1291.0,1291.0,0.06424041
1292.0,1292.0,0.38201088
1293.0,1293.0,0.37432906
1294.0,1294.0,0.27065635
1295.0,1295.0,0.03218024
1296.0,1296.0,0.40233693
1297.0,1297.0,0.15358338
1298.0,1298.0,0.4274461
1299.0,1299.0,0.18274565
1300.0,1300.0,0.17427644
1301.0,1301.0,0.18113224
1302.0,1302.0,0.7367433
1303.0,1303.0,0.1782479
1304.0,1304.0,0.10934083
1305.0,1305.0,0.39222082
1306.0,1306.0,6.1001E-4
1307.0,1307.0,0.08072749
1308.0,1308.0,0.014764782
1309.0,1309.0,0.2612246
1310.0,1310.0,0.21719402
1311.0,1311.0,0.016442476
1312.0,1312.0,0.43550605
1313.0,1313.0,0.45174664
1314.0,1314.0,0.31422165
1315.0,1315.0,0.39631206
1316.0,1316.0,0.09540463
1317.0,1317.0,0.34155667
1318.0,1318.0,0.5102809
1319.0,1319.0,0.37781924
1320.0,1320.0,0.23203807
1321.0,1321.0,0.14537326
1322.0,1322.0,0.3719917
1323.0,1323.0,0.61346906
1324.0,1324.0,0.47209942
1325.0,1325.0,0.573363
1326.0,1326.0,0.3489005
1327.0,1327.0,0.7241154
1328.0,1328.0,0.3660517
1329.0,1329.0,0.03149445
1330.0,1330.0,0.5868178
1331.0,1331.0,0.4846439
1332.0,1332.0,0.061174057
1333.0,1333.0,0.19094278
1334.0,1334.0,0.3999079
1335.0,1335.0,0.023378553
1336.0,1336.0,0.32635364
1337.0,1337.0,8.2462013E-4
1338.0,1338.0,0.5295715
1339.0,1339.0,0.29629365
1340.0,1340.0,0.5330553
1341.0,1341.0,0.26280683
1342.0,1342.0,0.48375496
1343.0,1343.0,0.39287812
1344.0,1344.0,0.37825668
1345.0,1345.0,0.75564486
1346.0,1346.0,0.51470655
1347.0,1347.0,0.006823764
1348.0,1348.0,0.4807464
1349.0,1349.0,0.33661333
1350.0,1350.0,0.65563244
1351.0,1351.0,0.03142988
1352.0,1352.0,0.6791032
1353.0,1353.0,0.14040339
1354.0,1354.0,0.37749854
1355.0,1355.0,0.092732444
1356.0,1356.0,0.3650708
1357.0,1357.0,0.104835235
1358.0,1358.0,0.67488897
1359.0,1359.0,0.18310234
1360.0,1360.0,0.01884318
1361.0,1361.0,0.06858333
1362.0,1362.0,0.39045304
1363.0,1363.0,0.4533364
1364.0,1364.0,0.4164842
1365.0,1365.0,0.08093193
1366.0,1366.0,0.53453416
1367.0,1367.0,0.053625774
1368.0,1368.0,0.37404856
1369.0,1369.0,0.06409775
1370.0,1370.0,0.33470815
1371.0,1371.0,0.028602323
1372.0,1372.0,0.51417255
1373.0,1373.0,0.22235611
1374.0,1374.0,0.096293055
1375.0,1375.0,0.031922
1376.0,1376.0,0.41107622
1377.0,1377.0,0.13878568
1378.0,1378.0,0.10992528
1379.0,1379.0,0.0025610272
1380.0,1380.0,0.32440424
1381.0,1381.0,0.33502427
1382.0,1382.0,0.32362267
1383.0,1383.0,0.48842242
1384.0,1384.0,0.3556866
1385.0,1385.0,0.03188922
1386.0,1386.0,0.5649864
1387.0,1387.0,0.2840069
1388.0,1388.0,0.10091234
1389.0,1389.0,0.57237864
1390.0,1390.0,0.3538415
1391.0,1391.0,0.25590742
1392.0,1392.0,0.57988364
1393.0,1393.0,0.4403601
1394.0,1394.0,0.38912743
1395.0,1395.0,0.32870245
1396.0,1396.0,0.38585722
1397.0,1397.0,0.29469144
1398.0,1398.0,0.40454575
1399.0,1399.0,0.102753095
1400.0,1400.0,0.5352741
1401.0,1401.0,0.2855936
1402.0,1402.0,0.14769514
1403.0,1403.0,0.57481176
1404.0,1404.0,0.3436517
1405.0,1405.0,0.7425476
1406.0,1406.0,0.4710946
1407.0,1407.0,0.21532509
1408.0,1408.0,0.2229337
1409.0,1409.0,0.13336982
1410.0,1410.0,0.09480181
1411.0,1411.0,0.36518726
1412.0,1412.0,0.4811123
1413.0,1413.0,0.37442344
1414.0,1414.0,0.05603077
1415.0,1415.0,0.7098079
1416.0,1416.0,0.6439295
1417.0,1417.0,0.404954
1418.0,1418.0,0.43303826
1419.0,1419.0,0.5508096
1420.0,1420.0,0.35297918
1421.0,1421.0,0.37569195
1422.0,1422.0,0.65790236
1423.0,1423.0,0.17922643
1424.0,1424.0,0.031362735
1425.0,1425.0,0.49381638
1426.0,1426.0,0.0684779
1427.0,1427.0,0.31354833
1428.0,1428.0,0.51143485
1429.0,1429.0,0.32413703
1430.0,1430.0,0.5509278
1431.0,1431.0,0.1911236
1432.0,1432.0,0.09970693
1433.0,1433.0,0.6337907
1434.0,1434.0,0.17729193
1435.0,1435.0,0.096561484
1436.0,1436.0,0.64290446
1437.0,1437.0,0.36876878
1438.0,1438.0,0.32238725
1439.0,1439.0,0.6566549
1440.0,1440.0,0.575395
1441.0,1441.0,0.7313374
1442.0,1442.0,0.22501846
1443.0,1443.0,0.31893823
1444.0,1444.0,0.6656281
1445.0,1445.0,0.2671061
1446.0,1446.0,0.28503025
1447.0,1447.0,0.30092514
1448.0,1448.0,0.05358387
1449.0,1449.0,0.37598744
1450.0,1450.0,0.6160353
1451.0,1451.0,0.4571151
1452.0,1452.0,0.44130233
1453.0,1453.0,0.27650067
1454.0,1454.0,0.5971151
1455.0,1455.0,0.2903414
1456.0,1456.0,0.762585
1457.0,1457.0,0.39219677
1458.0,1458.0,0.31754157
1459.0,1459.0,0.7558602
1460.0,1460.0,0.54404247
1461.0,1461.0,0.3250567
1462.0,1462.0,0.13528131
1463.0,1463.0,0.031677082
1464.0,1464.0,0.64310783
1465.0,1465.0,0.59130996
1466.0,1466.0,0.33094725
1467.0,1467.0,0.39468682
1468.0,1468.0,0.39172307
1469.0,1469.0,0.20717551
1470.0,1470.0,0.40657476
1471.0,1471.0,0.63790315
1472.0,1472.0,0.29222053
1473.0,1473.0,0.6515525
1474.0,1474.0,0.66761905
1475.0,1475.0,0.13502169
1476.0,1476.0,0.6313363
1477.0,1477.0,0.008935348
1478.0,1478.0,0.4608112
1479.0,1479.0,0.04787017
1480.0,1480.0,0.37368968
1481.0,1481.0,0.13518816
1482.0,1482.0,0.653159
1483.0,1483.0,0.53545034
1484.0,1484.0,0.37234145
1485.0,1485.0,0.45990536
1486.0,1486.0,0.81297463
1487.0,1487.0,0.34155667
1488.0,1488.0,0.028649189
1489.0,1489.0,0.40992823
1490.0,1490.0,0.40405014
1491.0,1491.0,0.16380706
1492.0,1492.0,0.4155798
1493.0,1493.0,0.06456324
1494.0,1494.0,0.3670853
1495.0,1495.0,0.2916517
1496.0,1496.0,0.11973336
1497.0,1497.0,0.60280496
1498.0,1498.0,0.5697204
1499.0,1499.0,0.0026257895
1500.0,1500.0,0.73481226
1501.0,1501.0,0.36809763
1502.0,1502.0,0.7436847
1503.0,1503.0,0.1834384
1504.0,1504.0,0.4186666
1505.0,1505.0,0.024896778
1506.0,1506.0,0.2698831
1507.0,1507.0,0.00601155
1508.0,1508.0,0.73829556
1509.0,1509.0,0.3270305
1510.0,1510.0,0.029055513
1511.0,1511.0,0.10278154
1512.0,1512.0,0.35901636
1513.0,1513.0,0.01196265
1514.0,1514.0,0.5976921
1515.0,1515.0,0.3270305
1516.0,1516.0,0.4393212
1517.0,1517.0,0.5109468
1518.0,1518.0,0.3840602
1519.0,1519.0,0.58629036
1520.0,1520.0,0.62916744
1521.0,1521.0,0.31243452
1522.0,1522.0,0.65479076
1523.0,1523.0,0.020141609
1524.0,1524.0,0.18620479
1525.0,1525.0,0.35966778
1526.0,1526.0,0.43158957
1527.0,1527.0,0.29150453
1528.0,1528.0,0.06897161
1529.0,1529.0,0.36441275
1530.0,1530.0,0.005423656
1531.0,1531.0,0.46098298
1532.0,1532.0,0.46752396
1533.0,1533.0,0.7047689
1534.0,1534.0,0.5362087
1535.0,1535.0,0.018825032
1536.0,1536.0,0.5567288
1537.0,1537.0,0.2223631
1538.0,1538.0,0.0049969777
1539.0,1539.0,0.26116472
1540.0,1540.0,0.5335062
1541.0,1541.0,0.3385325
1542.0,1542.0,0.28695583
1543.0,1543.0,0.2887905
1544.0,1544.0,0.22095637
1545.0,1545.0,0.099556565
1546.0,1546.0,0.6615165
1547.0,1547.0,0.7047925
1548.0,1548.0,0.602062
1549.0,1549.0,0.74356526
1550.0,1550.0,0.3435274
1551.0,1551.0,0.2610939
1552.0,1552.0,0.5035607
1553.0,1553.0,0.28764358
1554.0,1554.0,0.3995108
1555.0,1555.0,0.50336593
1556.0,1556.0,0.34866032
1557.0,1557.0,0.7299633
1558.0,1558.0,0.3959703
1559.0,1559.0,0.11725207
1560.0,1560.0,0.37304974
1561.0,1561.0,0.47771794
1562.0,1562.0,0.4872374
1563.0,1563.0,0.37488005
1564.0,1564.0,0.020345224
1565.0,1565.0,0.397525
1566.0,1566.0,0.8005197
1567.0,1567.0,0.36434206
1568.0,1568.0,0.6752269
1569.0,1569.0,0.31002527
1570.0,1570.0,0.16455555
1571.0,1571.0,0.6370389
1572.0,1572.0,0.05358387
1573.0,1573.0,0.37860307
1574.0,1574.0,0.6794268
1575.0,1575.0,0.47539738
1576.0,1576.0,0.47300583
1577.0,1577.0,0.2612246
1578.0,1578.0,0.1407084
1579.0,1579.0,0.22787209
1580.0,1580.0,0.29306915
1581.0,1581.0,0.4099056
1582.0,1582.0,0.25617054
1583.0,1583.0,0.37772137
1584.0,1584.0,0.13310476
1585.0,1585.0,0.39282292
1586.0,1586.0,0.2773513
1587.0,1587.0,0.38074008
1588.0,1588.0,0.031721093
1589.0,1589.0,0.74944454
1590.0,1590.0,0.40321314
1591.0,1591.0,0.08360979
1592.0,1592.0,0.03452607
1593.0,1593.0,0.4957865
1594.0,1594.0,0.670622
1595.0,1595.0,0.63425285
1596.0,1596.0,0.040912736
1597.0,1597.0,0.05677903
1598.0,1598.0,0.108455636
1599.0,1599.0,0.24908026
1600.0,1600.0,0.18315881
1601.0,1601.0,0.53697586
1602.0,1602.0,0.32945254
1603.0,1603.0,0.57220936
1604.0,1604.0,0.35765696
1605.0,1605.0,0.09744139
1606.0,1606.0,0.35108924
1607.0,1607.0,0.15419869
1608.0,1608.0,0.050101202
1609.0,1609.0,0.35946637
1610.0,1610.0,0.25843087
1611.0,1611.0,0.7562511
1612.0,1612.0,0.041029092
1613.0,1613.0,0.17334911
1614.0,1614.0,0.34897482
1615.0,1615.0,0.4781233
1616.0,1616.0,0.33578965
1617.0,1617.0,0.0954128
1618.0,1618.0,0.0025610272
1619.0,1619.0,0.53639793
1620.0,1620.0,0.06762026
1621.0,1621.0,0.121373296
1622.0,1622.0,0.2799748
1623.0,1623.0,0.13724472
1624.0,1624.0,0.5216924
1625.0,1625.0,0.17535736
1626.0,1626.0,0.113179035
1627.0,1627.0,0.012348041
1628.0,1628.0,0.31246358
1629.0,1629.0,0.31743065
1630.0,1630.0,0.19980323
1631.0,1631.0,0.13426179
1632.0,1632.0,0.1346822
1633.0,1633.0,0.060605977
1634.0,1634.0,0.5544314
1635.0,1635.0,0.40681303
1636.0,1636.0,0.3139924
1637.0,1637.0,0.47218433
1638.0,1638.0,0.52684504
1639.0,1639.0,0.4629513
1640.0,1640.0,0.27851993
1641.0,1641.0,0.3581711
1642.0,1642.0,0.5245945
1643.0,1643.0,0.40021822
1644.0,1644.0,0.3087833
1645.0,1645.0,0.59722984
1646.0,1646.0,0.10380597
1647.0,1647.0,0.07244381
1648.0,1648.0,0.024940949
1649.0,1649.0,0.41539422
1650.0,1650.0,0.095484555
1651.0,1651.0,0.53671104
1652.0,1652.0,0.48064113
1653.0,1653.0,0.36333948
1654.0,1654.0,0.01196265
1655.0,1655.0,0.34293818
1656.0,1656.0,0.026828673
1657.0,1657.0,0.19928631
1658.0,1658.0,0.631692
1659.0,1659.0,0.17550895
1660.0,1660.0,0.09915902
1661.0,1661.0,0.6210838
1662.0,1662.0,0.5102221
1663.0,1663.0,0.76951
1664.0,1664.0,0.31468672
1665.0,1665.0,0.7696295
1666.0,1666.0,0.06948149
1667.0,1667.0,0.36190805
1668.0,1668.0,0.49605644
1669.0,1669.0,0.34251916
1670.0,1670.0,0.5395841
1671.0,1671.0,0.10645657
1672.0,1672.0,0.10018543
1673.0,1673.0,0.21054785
1674.0,1674.0,0.19489135
1675.0,1675.0,0.29228547
1676.0,1676.0,0.32097927
1677.0,1677.0,0.06655891
1678.0,1678.0,0.4657509
1679.0,1679.0,0.18315881
1680.0,1680.0,0.05358387
1681.0,1681.0,0.25759673
1682.0,1682.0,0.4562706
1683.0,1683.0,0.21496193
1684.0,1684.0,0.31708696
1685.0,1685.0,0.49852893
1686.0,1686.0,0.058293927
1687.0,1687.0,0.05349879
1688.0,1688.0,0.35354137
1689.0,1689.0,0.37974593
1690.0,1690.0,0.04787017
1691.0,1691.0,0.31927812
1692.0,1692.0,0.28950554
1693.0,1693.0,0.31847155
1694.0,1694.0,0.6350674
1695.0,1695.0,0.53896236
1696.0,1696.0,0.06510982
1697.0,1697.0,0.17602596
1698.0,1698.0,0.6373805
1699.0,1699.0,0.51143485
1700.0,1700.0,0.32228482
1701.0,1701.0,0.5028633
1702.0,1702.0,0.5649719
1703.0,1703.0,0.04847437
1704.0,1704.0,0.45902246
1705.0,1705.0,0.37507528
1706.0,1706.0,0.01196265
1707.0,1707.0,0.33859932
1708.0,1708.0,0.04789247
1709.0,1709.0,0.15421496
1710.0,1710.0,0.6044527
1711.0,1711.0,0.12923355
1712.0,1712.0,0.020487972
1713.0,1713.0,0.4078898
1714.0,1714.0,0.75785536
1715.0,1715.0,0.37711784
1716.0,1716.0,0.12372058
1717.0,1717.0,0.41107622
1718.0,1718.0,0.6588091
1719.0,1719.0,0.5065137
1720.0,1720.0,0.1052375
1721.0,1721.0,0.35193127
1722.0,1722.0,0.38627297
1723.0,1723.0,0.06549492
1724.0,1724.0,0.10389156
1725.0,1725.0,0.57237864
1726.0,1726.0,0.32993162
1727.0,1727.0,0.3435274
1728.0,1728.0,0.25343958
1729.0,1729.0,0.34099376
1730.0,1730.0,0.31964055
1731.0,1731.0,0.38192493
1732.0,1732.0,0.1094443
1733.0,1733.0,0.6799095
1734.0,1734.0,0.20854285
1735.0,1735.0,0.06642337
1736.0,1736.0,0.32691404
1737.0,1737.0,0.18015435
1738.0,1738.0,0.09820106
1739.0,1739.0,0.4569426
1740.0,1740.0,0.25155312
1741.0,1741.0,0.25617054
1742.0,1742.0,0.42464533
1743.0,1743.0,0.40558764
1744.0,1744.0,0.34374428
1745.0,1745.0,0.42051932
1746.0,1746.0,0.23355445
1747.0,1747.0,0.023378553
1748.0,1748.0,0.56122446
1749.0,1749.0,0.57237864
1750.0,1750.0,0.4883511
1751.0,1751.0,0.057976626
1752.0,1752.0,0.27991813
1753.0,1753.0,0.4548088
1754.0,1754.0,0.35326412
1755.0,1755.0,0.4585926
1756.0,1756.0,0.4274461
1757.0,1757.0,0.483525
1758.0,1758.0,0.6671157
1759.0,1759.0,0.514727
1760.0,1760.0,0.57988364
1761.0,1761.0,0.30923212
1762.0,1762.0,0.46153945
1763.0,1763.0,0.40475065
1764.0,1764.0,0.5632719
1765.0,1765.0,0.013407159
1766.0,1766.0,0.49696112
1767.0,1767.0,0.038081616
1768.0,1768.0,0.4066289
1769.0,1769.0,0.08903564
1770.0,1770.0,0.016064761
1771.0,1771.0,0.29274508
1772.0,1772.0,0.3959703
1773.0,1773.0,0.55812263
1774.0,1774.0,0.06250999
1775.0,1775.0,0.02913607
1776.0,1776.0,0.43827936
1777.0,1777.0,0.34848246
1778.0,1778.0,0.5454997
1779.0,1779.0,0.19585982
1780.0,1780.0,0.09888546
1781.0,1781.0,0.10970438
1782.0,1782.0,0.01196265
1783.0,1783.0,0.38597906
1784.0,1784.0,0.5775703
1785.0,1785.0,0.021792093
1786.0,1786.0,0.13160199
1787.0,1787.0,0.10963727
1788.0,1788.0,0.054923277
1789.0,1789.0,0.32691404
1790.0,1790.0,0.23495
1791.0,1791.0,0.03141395
1792.0,1792.0,0.75056064
1793.0,1793.0,0.15078916
1794.0,1794.0,0.29150453
1795.0,1795.0,0.26949802
1796.0,1796.0,0.3370028
1797.0,1797.0,0.18244386
1798.0,1798.0,0.4078898
1799.0,1799.0,0.49219668
1800.0,1800.0,0.78286564
1801.0,1801.0,0.1006037
1802.0,1802.0,0.3781832
1803.0,1803.0,0.6251547
1804.0,1804.0,0.43921733
1805.0,1805.0,0.053521626
1806.0,1806.0,0.026759766
1807.0,1807.0,0.43500882
1808.0,1808.0,0.28728426
1809.0,1809.0,0.35716003
1810.0,1810.0,0.011987173
1811.0,1811.0,0.33479014
1812.0,1812.0,0.25071234
1813.0,1813.0,0.71769035
1814.0,1814.0,0.7079228
1815.0,1815.0,0.011987173
1816.0,1816.0,0.024577685
1817.0,1817.0,0.5061535
1818.0,1818.0,0.2887905
1819.0,1819.0,0.48834705
1820.0,1820.0,0.028649189
1821.0,1821.0,0.5987109
1822.0,1822.0,0.32381302
1823.0,1823.0,0.107879356
1824.0,1824.0,0.3504507
1825.0,1825.0,0.38656336
1826.0,1826.0,0.72762465
1827.0,1827.0,0.4298658
1828.0,1828.0,0.11334263
1829.0,1829.0,0.21532509
1830.0,1830.0,0.48649296
1831.0,1831.0,0.6499964
1832.0,1832.0,0.20081663
1833.0,1833.0,0.82659334
1834.0,1834.0,0.008392993
1835.0,1835.0,0.008935348
1836.0,1836.0,0.42517972
1837.0,1837.0,0.50952464
1838.0,1838.0,0.565245
1839.0,1839.0,0.2243651
1840.0,1840.0,0.51143485
1841.0,1841.0,0.45991808
1842.0,1842.0,0.48923498
1843.0,1843.0,0.58082896
1844.0,1844.0,0.033972193
1845.0,1845.0,0.48213992
1846.0,1846.0,0.0069136536
1847.0,1847.0,0.113179035
1848.0,1848.0,0.13267964
1849.0,1849.0,0.59788036
1850.0,1850.0,0.54491717
1851.0,1851.0,0.7174235
1852.0,1852.0,0.49173638
1853.0,1853.0,0.0722773
1854.0,1854.0,0.03871187
1855.0,1855.0,0.0071666944
1856.0,1856.0,0.024890097
1857.0,1857.0,0.46335483
1858.0,1858.0,0.2730893
1859.0,1859.0,0.18634486
1860.0,1860.0,0.68961054
1861.0,1861.0,0.57769674
1862.0,1862.0,0.3719917
1863.0,1863.0,0.37458777
1864.0,1864.0,0.24195546
1865.0,1865.0,0.23355445
1866.0,1866.0,0.63534266
1867.0,1867.0,0.569178
1868.0,1868.0,0.37510926
1869.0,1869.0,0.25167865
1870.0,1870.0,0.3665009
1871.0,1871.0,0.15263806
1872.0,1872.0,0.6640115
1873.0,1873.0,0.00601155
1874.0,1874.0,0.29113096
1875.0,1875.0,0.41362292
1876.0,1876.0,0.36551052
1877.0,1877.0,0.31914067
1878.0,1878.0,0.41597536
1879.0,1879.0,0.021891875
1880.0,1880.0,0.4166751
1881.0,1881.0,0.05935762
1882.0,1882.0,0.046776544
1883.0,1883.0,0.21274653
1884.0,1884.0,0.24916898
1885.0,1885.0,0.3548666
1886.0,1886.0,0.26942375
1887.0,1887.0,0.514727
1888.0,1888.0,0.3251934
1889.0,1889.0,0.39045304
1890.0,1890.0,0.514727
1891.0,1891.0,0.5351918
1892.0,1892.0,0.47870454
1893.0,1893.0,0.77972144
1894.0,1894.0,0.10067053
1895.0,1895.0,0.56272596
1896.0,1896.0,0.4427771
1897.0,1897.0,0.011957626
1898.0,1898.0,0.026397575
1899.0,1899.0,0.1691504
1900.0,1900.0,0.32608247
1901.0,1901.0,0.28949693
1902.0,1902.0,0.48815253
1903.0,1903.0,0.44548246
1904.0,1904.0,0.62739253
1905.0,1905.0,0.13336982
1906.0,1906.0,0.30376425
1907.0,1907.0,0.030929325
1908.0,1908.0,0.41033792
1909.0,1909.0,0.6339125
1910.0,1910.0,0.5180178
1911.0,1911.0,0.37974593
1912.0,1912.0,0.3229972
1913.0,1913.0,0.05901251
1914.0,1914.0,0.28938508
1915.0,1915.0,0.6436862
1916.0,1916.0,0.5873422
1917.0,1917.0,0.4102206
1918.0,1918.0,0.22994716
1919.0,1919.0,0.5637977
1920.0,1920.0,0.442794
1921.0,1921.0,0.4192523
1922.0,1922.0,0.5694124
1923.0,1923.0,0.2738976
1924.0,1924.0,0.18803193
1925.0,1925.0,0.07967611
1926.0,1926.0,0.062141754
1927.0,1927.0,0.55095744
1928.0,1928.0,0.4668011
1929.0,1929.0,0.25557646
1930.0,1930.0,0.480985
1931.0,1931.0,0.121901244
1932.0,1932.0,0.39733276
1933.0,1933.0,0.083471015
1934.0,1934.0,0.028809428
1935.0,1935.0,0.18639585
1936.0,1936.0,0.25076142
1937.0,1937.0,0.030759953
1938.0,1938.0,0.50893784
1939.0,1939.0,0.43740395
1940.0,1940.0,0.2721821
1941.0,1941.0,0.5918671
1942.0,1942.0,0.5515916
1943.0,1943.0,0.17857648
1944.0,1944.0,0.46229643
1945.0,1945.0,0.31081936
1946.0,1946.0,0.4588654
1947.0,1947.0,0.10400167
1948.0,1948.0,0.34648988
1949.0,1949.0,0.50651294
1950.0,1950.0,0.50074834
1951.0,1951.0,0.056328762
1952.0,1952.0,0.5990722
1953.0,1953.0,0.47375718
1954.0,1954.0,0.19432122
1955.0,1955.0,8.3040295E-4
1956.0,1956.0,0.19271062
1957.0,1957.0,0.25617054
1958.0,1958.0,0.6964922
1959.0,1959.0,0.28142214
1960.0,1960.0,0.14349952
1961.0,1961.0,0.11395737
1962.0,1962.0,0.063665256
1963.0,1963.0,0.38114864
1964.0,1964.0,0.59896004
1965.0,1965.0,0.6671311
1966.0,1966.0,0.5724086
1967.0,1967.0,0.57679415
1968.0,1968.0,0.6337326
1969.0,1969.0,0.40924987
1970.0,1970.0,0.551024
1971.0,1971.0,0.113592885
1972.0,1972.0,0.4007697
1973.0,1973.0,0.30923212
1974.0,1974.0,0.5245945
1975.0,1975.0,0.35162517
1976.0,1976.0,0.03776453
1977.0,1977.0,0.41427007
1978.0,1978.0,0.46180835
1979.0,1979.0,0.03204274
1980.0,1980.0,0.40446097
1981.0,1981.0,0.32865214
1982.0,1982.0,0.006996083
1983.0,1983.0,0.5027409
1984.0,1984.0,0.41281003
1985.0,1985.0,0.04787017
1986.0,1986.0,0.036119476
1987.0,1987.0,0.6420706
1988.0,1988.0,0.20152101
1989.0,1989.0,0.5345229
1990.0,1990.0,0.33331418
1991.0,1991.0,0.3625935
1992.0,1992.0,0.36504012
1993.0,1993.0,0.13528131
1994.0,1994.0,0.07357713
1995.0,1995.0,0.2607433
1996.0,1996.0,0.39750078
1997.0,1997.0,0.75718385
1998.0,1998.0,0.3550722
1999.0,1999.0,0.44411764
2000.0,2000.0,0.3197913
2001.0,2001.0,0.31853694
2002.0,2002.0,0.41151166
2003.0,2003.0,0.04793479
2004.0,2004.0,0.37362117
2005.0,2005.0,0.040889174
2006.0,2006.0,0.6460528
2007.0,2007.0,0.26107216
2008.0,2008.0,0.051429152
2009.0,2009.0,0.15407978
2010.0,2010.0,0.26239553
2011.0,2011.0,0.33471683
2012.0,2012.0,0.030759953
2013.0,2013.0,0.3347843
2014.0,2014.0,0.40733296
2015.0,2015.0,0.024890097
2016.0,2016.0,0.41642842
2017.0,2017.0,0.37598357
2018.0,2018.0,0.59878534
2019.0,2019.0,0.3868307
2020.0,2020.0,0.006308366
2021.0,2021.0,0.060605977
2022.0,2022.0,0.46091482
2023.0,2023.0,0.6049476
2024.0,2024.0,0.6049476
2025.0,2025.0,0.15273704
2026.0,2026.0,0.5229473
2027.0,2027.0,0.5451502
2028.0,2028.0,0.34094673
2029.0,2029.0,0.44827548
2030.0,2030.0,0.7540868
2031.0,2031.0,0.08943898
2032.0,2032.0,0.11835144
2033.0,2033.0,0.06742581
2034.0,2034.0,0.45908833
2035.0,2035.0,0.66256434
2036.0,2036.0,0.46066666
2037.0,2037.0,0.3643715
2038.0,2038.0,0.56915027
2039.0,2039.0,0.60000014
2040.0,2040.0,0.7031409
2041.0,2041.0,0.29195994
2042.0,2042.0,0.2786514
2043.0,2043.0,0.048109993
2044.0,2044.0,0.37684146
2045.0,2045.0,0.13304113
2046.0,2046.0,3.6640977E-4
2047.0,2047.0,0.23355445
2048.0,2048.0,0.32119662
2049.0,2049.0,0.75522155
2050.0,2050.0,0.11058271
2051.0,2051.0,0.7097849
2052.0,2052.0,0.33966073
2053.0,2053.0,0.45902246
2054.0,2054.0,0.6387809
2055.0,2055.0,0.022152133
2056.0,2056.0,0.631573
2057.0,2057.0,0.17803498
2058.0,2058.0,0.3231444
2059.0,2059.0,0.3222088
2060.0,2060.0,0.12339495
2061.0,2061.0,0.6364654
2062.0,2062.0,0.06851636
2063.0,2063.0,0.2229337
2064.0,2064.0,0.5932519
2065.0,2065.0,0.013430572
2066.0,2066.0,0.23752077
2067.0,2067.0,0.0069136536
2068.0,2068.0,0.45902246
2069.0,2069.0,0.46209553
2070.0,2070.0,0.51143485
2071.0,2071.0,0.08361954
2072.0,2072.0,0.2762846
2073.0,2073.0,0.47922727
2074.0,2074.0,0.2887905
2075.0,2075.0,0.39711523
2076.0,2076.0,0.6675608
2077.0,2077.0,0.13522056
2078.0,2078.0,0.47507668
2079.0,2079.0,0.11739641
2080.0,2080.0,0.020487972
2081.0,2081.0,0.33040732
2082.0,2082.0,0.05358387
2083.0,2083.0,0.2906559
2084.0,2084.0,0.011705964
2085.0,2085.0,0.05326492
2086.0,2086.0,0.50475276
2087.0,2087.0,0.5981249
2088.0,2088.0,0.38907573
2089.0,2089.0,0.56646395
2090.0,2090.0,6.1001E-4
2091.0,2091.0,0.25617054
2092.0,2092.0,0.84014213
2093.0,2093.0,0.2520258
2094.0,2094.0,0.56316537
2095.0,2095.0,0.32590523
2096.0,2096.0,0.460844
2097.0,2097.0,0.6411734
2098.0,2098.0,0.030759953
2099.0,2099.0,0.6320888
2100.0,2100.0,0.15230139
2101.0,2101.0,0.0070969746
2102.0,2102.0,0.105168104
2103.0,2103.0,0.5110508
2104.0,2104.0,0.64606416
2105.0,2105.0,0.007620888
2106.0,2106.0,0.5245945
2107.0,2107.0,0.52968365
2108.0,2108.0,0.13619734
2109.0,2109.0,0.7027397
2110.0,2110.0,0.58484435
2111.0,2111.0,0.10018543
2112.0,2112.0,0.41776744
2113.0,2113.0,0.076052085
2114.0,2114.0,0.317162
2115.0,2115.0,0.13780753
2116.0,2116.0,0.06820024
2117.0,2117.0,0.5176352
2118.0,2118.0,0.6629022
2119.0,2119.0,0.46770194
2120.0,2120.0,0.031182202
2121.0,2121.0,0.5276474
2122.0,2122.0,0.31318337
2123.0,2123.0,0.03204337
2124.0,2124.0,0.022463372
2125.0,2125.0,0.25515354
2126.0,2126.0,0.002368232
2127.0,2127.0,0.25617054
2128.0,2128.0,0.5472239
2129.0,2129.0,0.29195994
2130.0,2130.0,0.40792114
2131.0,2131.0,0.45902246
2132.0,2132.0,0.64030004
2133.0,2133.0,0.565952
2134.0,2134.0,0.029357338
2135.0,2135.0,0.56169593
2136.0,2136.0,0.274661
2137.0,2137.0,0.5395841
2138.0,2138.0,0.3835823
2139.0,2139.0,0.44501862
2140.0,2140.0,0.3194694
2141.0,2141.0,0.22066486
2142.0,2142.0,0.2880829
2143.0,2143.0,0.032076053
2144.0,2144.0,0.10278154
2145.0,2145.0,0.35394052
2146.0,2146.0,0.23355445
2147.0,2147.0,0.002202967
2148.0,2148.0,0.099051386
2149.0,2149.0,0.42264012
2150.0,2150.0,0.3750211
2151.0,2151.0,0.42100877
2152.0,2152.0,0.3727388
2153.0,2153.0,0.5599128
2154.0,2154.0,0.11208986
2155.0,2155.0,0.5723682
2156.0,2156.0,0.54284984
2157.0,2157.0,0.40667248
2158.0,2158.0,0.11063074
2159.0,2159.0,0.4168789
2160.0,2160.0,0.26750958
2161.0,2161.0,0.4014697
2162.0,2162.0,0.5238956
2163.0,2163.0,0.034390256
2164.0,2164.0,0.5158341
2165.0,2165.0,0.56848043
2166.0,2166.0,0.4847729
2167.0,2167.0,0.34708604
2168.0,2168.0,0.06918216
2169.0,2169.0,0.31982484
2170.0,2170.0,0.38005915
2171.0,2171.0,0.35669053
2172.0,2172.0,0.61389756
2173.0,2173.0,0.01196265
2174.0,2174.0,0.18019134
2175.0,2175.0,0.14549254
2176.0,2176.0,0.00601155
2177.0,2177.0,0.5998056
2178.0,2178.0,0.46362942
2179.0,2179.0,0.76558226
2180.0,2180.0,0.13473162
2181.0,2181.0,0.10470615
2182.0,2182.0,0.058706935
2183.0,2183.0,0.5125931
2184.0,2184.0,0.36380574
2185.0,2185.0,0.62127715
2186.0,2186.0,0.42329898
2187.0,2187.0,0.756796
2188.0,2188.0,0.5152144
2189.0,2189.0,0.5457667
2190.0,2190.0,0.48244
2191.0,2191.0,0.28887713
2192.0,2192.0,0.13188505
2193.0,2193.0,0.05736094
2194.0,2194.0,0.27057803
2195.0,2195.0,0.07281856
2196.0,2196.0,0.19006136
2197.0,2197.0,0.2901891
2198.0,2198.0,0.514727
2199.0,2199.0,0.26718467
2200.0,2200.0,0.4092857
2201.0,2201.0,0.022175824
2202.0,2202.0,0.44040337
2203.0,2203.0,0.0025980626
2204.0,2204.0,0.7617814
2205.0,2205.0,0.17338084
2206.0,2206.0,0.7571752
2207.0,2207.0,0.28503403
2208.0,2208.0,0.06635701
2209.0,2209.0,0.58773625
2210.0,2210.0,0.040375505
2211.0,2211.0,0.022206306
2212.0,2212.0,0.14232258
2213.0,2213.0,0.028649189
2214.0,2214.0,0.25515354
2215.0,2215.0,0.47180447
2216.0,2216.0,0.37693146
2217.0,2217.0,0.30092514
2218.0,2218.0,0.048115466
2219.0,2219.0,0.5717595
2220.0,2220.0,0.13526459
2221.0,2221.0,0.31995484
2222.0,2222.0,0.34151566
2223.0,2223.0,0.30843
2224.0,2224.0,0.46456307
2225.0,2225.0,0.022642031
2226.0,2226.0,0.25515354
2227.0,2227.0,0.25155312
2228.0,2228.0,0.3634468
2229.0,2229.0,0.31708696
2230.0,2230.0,0.30718878
2231.0,2231.0,0.4643404
2232.0,2232.0,0.12260344
2233.0,2233.0,0.6083168
2234.0,2234.0,0.08014561
2235.0,2235.0,0.37322316
2236.0,2236.0,0.0025754627
2237.0,2237.0,0.21128455
2238.0,2238.0,0.7529958
2239.0,2239.0,0.13336982
2240.0,2240.0,0.04977839
2241.0,2241.0,0.0025919464
2242.0,2242.0,0.37207443
2243.0,2243.0,0.27847424
2244.0,2244.0,0.13822919
2245.0,2245.0,0.30092514
2246.0,2246.0,0.37507528
2247.0,2247.0,0.31407592
2248.0,2248.0,0.43896055
2249.0,2249.0,0.1423188
2250.0,2250.0,0.29060057
2251.0,2251.0,0.35870573
2252.0,2252.0,0.13673505
2253.0,2253.0,0.18087573
2254.0,2254.0,0.57210463
2255.0,2255.0,0.09515242
2256.0,2256.0,0.011990882
2257.0,2257.0,0.008970163
2258.0,2258.0,0.08245245
2259.0,2259.0,0.4642118
2260.0,2260.0,0.17591733
2261.0,2261.0,0.022175824
2262.0,2262.0,0.32636735
2263.0,2263.0,0.5081388
2264.0,2264.0,0.3349493
2265.0,2265.0,0.28258193
2266.0,2266.0,0.560389
2267.0,2267.0,0.75895005
2268.0,2268.0,0.25461012
2269.0,2269.0,0.635917
2270.0,2270.0,0.014553977
2271.0,2271.0,0.612946
2272.0,2272.0,0.4049496
2273.0,2273.0,0.003914749
2274.0,2274.0,0.48100668
2275.0,2275.0,0.27474272
2276.0,2276.0,0.74149835
2277.0,2277.0,0.5763271
2278.0,2278.0,0.6444944
2279.0,2279.0,0.13152856
2280.0,2280.0,0.0019891646
2281.0,2281.0,0.45890132
2282.0,2282.0,0.6435627
2283.0,2283.0,0.51143485
2284.0,2284.0,0.22065924
2285.0,2285.0,0.26984408
2286.0,2286.0,0.45587727
2287.0,2287.0,0.32032785
2288.0,2288.0,0.029156212
2289.0,2289.0,0.57667005
2290.0,2290.0,0.7370136
2291.0,2291.0,0.45849556
2292.0,2292.0,0.5970041
2293.0,2293.0,0.37922743
2294.0,2294.0,0.09538447
2295.0,2295.0,0.7661344
2296.0,2296.0,0.18315881
2297.0,2297.0,0.34380737
2298.0,2298.0,0.30884543
2299.0,2299.0,0.33427775
2300.0,2300.0,0.13652216
2301.0,2301.0,0.42077947
2302.0,2302.0,0.2121434
2303.0,2303.0,0.56848043
2304.0,2304.0,0.26727363
2305.0,2305.0,0.27618065
2306.0,2306.0,0.3510029
2307.0,2307.0,0.3540164
2308.0,2308.0,0.32228482
2309.0,2309.0,0.38096255
2310.0,2310.0,0.21532509
2311.0,2311.0,0.06250999
2312.0,2312.0,0.63967866
2313.0,2313.0,0.18101193
2314.0,2314.0,0.56848043
2315.0,2315.0,0.020345224
2316.0,2316.0,0.54829323
2317.0,2317.0,0.04093804
2318.0,2318.0,0.5720776
2319.0,2319.0,0.57562923
2320.0,2320.0,0.4599152
2321.0,2321.0,0.25798234
2322.0,2322.0,0.60937124
2323.0,2323.0,0.75543904
2324.0,2324.0,0.07186495
2325.0,2325.0,0.008966647
2326.0,2326.0,0.76045525
2327.0,2327.0,0.58527935
2328.0,2328.0,0.4767091
2329.0,2329.0,0.50622267
2330.0,2330.0,0.39507788
2331.0,2331.0,0.26077572
2332.0,2332.0,0.25769237
2333.0,2333.0,0.4565414
2334.0,2334.0,0.5567288
2335.0,2335.0,0.7570313
2336.0,2336.0,0.15328053
2337.0,2337.0,0.290571
2338.0,2338.0,0.03188922
2339.0,2339.0,0.18315881
2340.0,2340.0,0.41661012
2341.0,2341.0,0.13878568
2342.0,2342.0,0.57758325
2343.0,2343.0,0.4988984
2344.0,2344.0,0.25925022
2345.0,2345.0,0.55144745
2346.0,2346.0,0.25493053
2347.0,2347.0,0.3767429
2348.0,2348.0,0.32333925
2349.0,2349.0,0.74000776
2350.0,2350.0,0.42991
2351.0,2351.0,0.35163033
2352.0,2352.0,0.11386713
2353.0,2353.0,0.11133487
2354.0,2354.0,0.5922633
2355.0,2355.0,0.054246936
2356.0,2356.0,0.56367874
2357.0,2357.0,0.6446248
2358.0,2358.0,0.25240684
2359.0,2359.0,0.260775
2360.0,2360.0,0.47489992
2361.0,2361.0,0.51306725
2362.0,2362.0,0.4648171
2363.0,2363.0,0.5326826
2364.0,2364.0,0.5963104
2365.0,2365.0,0.07095026
2366.0,2366.0,0.29054493
2367.0,2367.0,0.38628
2368.0,2368.0,0.21532509
2369.0,2369.0,0.41425577
2370.0,2370.0,0.28982693
2371.0,2371.0,0.64488924
2372.0,2372.0,0.30374914
2373.0,2373.0,0.32691404
2374.0,2374.0,0.29354516
2375.0,2375.0,0.2740197
2376.0,2376.0,0.0805991
2377.0,2377.0,0.1999115
2378.0,2378.0,0.056775797
2379.0,2379.0,0.57237864
2380.0,2380.0,0.25239882
2381.0,2381.0,0.37944654
2382.0,2382.0,0.6767429
2383.0,2383.0,0.26111385
2384.0,2384.0,0.6026232
2385.0,2385.0,0.51881886
2386.0,2386.0,0.7044368
2387.0,2387.0,0.41353008
2388.0,2388.0,0.5074473
2389.0,2389.0,0.30456364
2390.0,2390.0,0.40911084
2391.0,2391.0,0.60876584
2392.0,2392.0,0.5474069
2393.0,2393.0,0.05124717
2394.0,2394.0,0.34626448
2395.0,2395.0,0.01877146
2396.0,2396.0,0.38289624
2397.0,2397.0,0.18513855
2398.0,2398.0,0.74540085
2399.0,2399.0,0.28323668
2400.0,2400.0,0.6440514
2401.0,2401.0,0.32691404
2402.0,2402.0,0.45087636
2403.0,2403.0,0.64771104
2404.0,2404.0,0.63804734
2405.0,2405.0,0.40672117
2406.0,2406.0,0.4457095
2407.0,2407.0,0.10641415
2408.0,2408.0,0.029447025
2409.0,2409.0,0.3778287
2410.0,2410.0,0.6101874
2411.0,2411.0,0.33413312
2412.0,2412.0,0.067278385
2413.0,2413.0,0.04977839
2414.0,2414.0,0.3806477
2415.0,2415.0,0.7172632
2416.0,2416.0,0.04916355
2417.0,2417.0,0.5278798
2418.0,2418.0,0.050742928
2419.0,2419.0,0.7469479
2420.0,2420.0,0.1751668
2421.0,2421.0,0.36046928
2422.0,2422.0,0.31402484
2423.0,2423.0,0.17725089
2424.0,2424.0,0.18194704
2425.0,2425.0,0.16096483
2426.0,2426.0,0.26971394
2427.0,2427.0,0.52624255
2428.0,2428.0,0.34155667
2429.0,2429.0,0.10391369
2430.0,2430.0,0.565245
2431.0,2431.0,0.5822856
2432.0,2432.0,0.45254382
2433.0,2433.0,0.10487538
2434.0,2434.0,0.32691404
2435.0,2435.0,0.3391993
2436.0,2436.0,0.47771794
2437.0,2437.0,0.05677903
2438.0,2438.0,0.32575127
2439.0,2439.0,0.740375
2440.0,2440.0,0.23954676
2441.0,2441.0,0.57326025
2442.0,2442.0,0.7530717
2443.0,2443.0,0.04360872
2444.0,2444.0,0.6265899
2445.0,2445.0,0.21532509
2446.0,2446.0,0.636716
2447.0,2447.0,0.17957456
2448.0,2448.0,0.74188054
2449.0,2449.0,0.6215657
2450.0,2450.0,0.37812978
2451.0,2451.0,0.38119215
2452.0,2452.0,0.18868305
2453.0,2453.0,0.1827685
2454.0,2454.0,0.4825356
2455.0,2455.0,0.35104036
2456.0,2456.0,0.37684545
2457.0,2457.0,0.17842181
2458.0,2458.0,0.016766561
2459.0,2459.0,0.3674703
2460.0,2460.0,0.35802287
2461.0,2461.0,0.031501587
2462.0,2462.0,0.63752353
2463.0,2463.0,0.14549254
2464.0,2464.0,0.51412266
2465.0,2465.0,0.5175591
2466.0,2466.0,0.26104805
2467.0,2467.0,0.022354763
2468.0,2468.0,0.5647622
2469.0,2469.0,0.25946936
2470.0,2470.0,0.6282406
2471.0,2471.0,8.269174E-4
2472.0,2472.0,0.75535715
2473.0,2473.0,0.047829006
2474.0,2474.0,0.6249079
2475.0,2475.0,0.6369268
2476.0,2476.0,0.44997424
2477.0,2477.0,0.2902844
2478.0,2478.0,0.34178153
2479.0,2479.0,0.36898524
2480.0,2480.0,0.35765696
2481.0,2481.0,0.33276442
2482.0,2482.0,0.30621755
2483.0,2483.0,0.60685396
2484.0,2484.0,0.6334906
2485.0,2485.0,0.46154585
2486.0,2486.0,0.70282185
2487.0,2487.0,0.0038791278
2488.0,2488.0,0.41649464
2489.0,2489.0,0.32522243
2490.0,2490.0,0.13550761
2491.0,2491.0,0.024890097
2492.0,2492.0,0.29563704
2493.0,2493.0,0.407315
2494.0,2494.0,0.057868216
2495.0,2495.0,0.48276567
2496.0,2496.0,0.20394248
2497.0,2497.0,0.27061695
2498.0,2498.0,0.53801405
2499.0,2499.0,0.013031017
2500.0,2500.0,0.032089725
2501.0,2501.0,0.62917125
2502.0,2502.0,0.26329133
2503.0,2503.0,0.260976
2504.0,2504.0,0.39549896
2505.0,2505.0,0.47230405
2506.0,2506.0,0.45902246
2507.0,2507.0,0.533542
2508.0,2508.0,0.41427007
2509.0,2509.0,0.64095443
2510.0,2510.0,8.244629E-4
2511.0,2511.0,0.47407612
2512.0,2512.0,0.18315881
2513.0,2513.0,0.41199955
2514.0,2514.0,0.10520845
2515.0,2515.0,0.35243204
2516.0,2516.0,0.28791025
2517.0,2517.0,0.38292104
2518.0,2518.0,0.010769545
2519.0,2519.0,0.36253315
2520.0,2520.0,0.006305818
2521.0,2521.0,0.49363488
2522.0,2522.0,0.484303
2523.0,2523.0,0.11019999
2524.0,2524.0,0.03188922
2525.0,2525.0,0.65394026
2526.0,2526.0,0.38436663
2527.0,2527.0,0.4206966
2528.0,2528.0,0.66988003
2529.0,2529.0,0.7231357
2530.0,2530.0,0.33114597
2531.0,2531.0,0.53315896
2532.0,2532.0,0.3952706
2533.0,2533.0,0.36655873
2534.0,2534.0,0.2540422
2535.0,2535.0,0.38691327
2536.0,2536.0,0.33499458
2537.0,2537.0,0.57031274
2538.0,2538.0,0.36319283
2539.0,2539.0,0.4584289
2540.0,2540.0,0.29030713
2541.0,2541.0,0.7530139
2542.0,2542.0,0.26081476
2543.0,2543.0,0.56656677
2544.0,2544.0,0.4603112
2545.0,2545.0,0.2060902
2546.0,2546.0,0.5335648
2547.0,2547.0,0.30370453
2548.0,2548.0,0.5150155
2549.0,2549.0,0.49047032
2550.0,2550.0,0.3921831
2551.0,2551.0,0.5225136
2552.0,2552.0,0.38739547
2553.0,2553.0,0.02644758
2554.0,2554.0,0.30665216
2555.0,2555.0,0.36266822
2556.0,2556.0,0.451826
2557.0,2557.0,0.37659538
2558.0,2558.0,0.5699832
2559.0,2559.0,0.32265544
2560.0,2560.0,0.6744206
2561.0,2561.0,0.0059500914
2562.0,2562.0,0.5078573
2563.0,2563.0,0.40327945
2564.0,2564.0,0.31985053
2565.0,2565.0,0.1738059
2566.0,2566.0,0.340364
2567.0,2567.0,0.5742478
2568.0,2568.0,0.5504499
2569.0,2569.0,0.6110177
2570.0,2570.0,0.2524601
2571.0,2571.0,0.54270804
2572.0,2572.0,0.60179406
2573.0,2573.0,0.48852712
2574.0,2574.0,0.47771794
2575.0,2575.0,0.0025400356
2576.0,2576.0,0.38871628
2577.0,2577.0,0.514727
2578.0,2578.0,0.25845265
2579.0,2579.0,0.6522125
2580.0,2580.0,0.63093716
2581.0,2581.0,0.38580865
2582.0,2582.0,0.36155874
2583.0,2583.0,0.09879873
2584.0,2584.0,0.29781023
2585.0,2585.0,0.32894358
2586.0,2586.0,0.14536431
2587.0,2587.0,0.18093748
2588.0,2588.0,0.23923644
2589.0,2589.0,0.030759953
2590.0,2590.0,0.10040491
2591.0,2591.0,0.41485536
2592.0,2592.0,0.46376246
2593.0,2593.0,0.3385951
2594.0,2594.0,0.10517471
2595.0,2595.0,0.12015619
2596.0,2596.0,0.009707724
2597.0,2597.0,0.6575556
2598.0,2598.0,0.25569597
2599.0,2599.0,0.15328053
2600.0,2600.0,0.45186093
2601.0,2601.0,0.05299221
2602.0,2602.0,0.46110648
2603.0,2603.0,0.36375263
2604.0,2604.0,0.14548
2605.0,2605.0,0.012093264
2606.0,2606.0,0.7010226
2607.0,2607.0,0.52442956
2608.0,2608.0,0.50040334
2609.0,2609.0,0.4588996
2610.0,2610.0,0.34216192
2611.0,2611.0,0.034515087
2612.0,2612.0,0.50292873
2613.0,2613.0,0.514727
2614.0,2614.0,0.50519377
2615.0,2615.0,0.3399924
2616.0,2616.0,0.3781257
2617.0,2617.0,0.37831885
2618.0,2618.0,0.7135798
2619.0,2619.0,0.42022008
2620.0,2620.0,0.62595886
2621.0,2621.0,0.103974365
2622.0,2622.0,0.6405158
2623.0,2623.0,0.6005116
2624.0,2624.0,0.056328762
2625.0,2625.0,0.112645335
2626.0,2626.0,0.42490312
2627.0,2627.0,0.5488241
2628.0,2628.0,0.56915027
2629.0,2629.0,0.0070392685
2630.0,2630.0,0.18232009
2631.0,2631.0,0.37157807
2632.0,2632.0,0.654083
2633.0,2633.0,0.26070604
2634.0,2634.0,2.7794484E-4
2635.0,2635.0,0.02881327
2636.0,2636.0,0.46106893
2637.0,2637.0,0.06347915
2638.0,2638.0,0.21905321
2639.0,2639.0,0.618232
2640.0,2640.0,0.058280163
2641.0,2641.0,0.3719917
2642.0,2642.0,0.3327906
2643.0,2643.0,0.4594097
2644.0,2644.0,0.111863144
2645.0,2645.0,0.5444955
2646.0,2646.0,0.45963117
2647.0,2647.0,0.07249123
2648.0,2648.0,0.5087398
2649.0,2649.0,0.31699067
2650.0,2650.0,0.2921853
2651.0,2651.0,0.040375505
2652.0,2652.0,0.3082616
2653.0,2653.0,0.04787017
2654.0,2654.0,0.101987205
2655.0,2655.0,0.56714845
2656.0,2656.0,0.31710893
2657.0,2657.0,0.31699067
2658.0,2658.0,0.53330404
2659.0,2659.0,0.36681122
2660.0,2660.0,0.5316852
2661.0,2661.0,0.10864258
2662.0,2662.0,0.1841538
2663.0,2663.0,0.5122132
2664.0,2664.0,0.57101303
2665.0,2665.0,0.24163267
2666.0,2666.0,0.60244584
2667.0,2667.0,0.4024396
2668.0,2668.0,0.3600233
2669.0,2669.0,0.12033615
2670.0,2670.0,0.5417291
2671.0,2671.0,0.60427284
2672.0,2672.0,0.5309794
2673.0,2673.0,0.65365374
2674.0,2674.0,0.01884318
2675.0,2675.0,0.25650597
2676.0,2676.0,0.27712774
2677.0,2677.0,0.3270305
2678.0,2678.0,0.5336579
2679.0,2679.0,0.07251949
2680.0,2680.0,0.028592588
2681.0,2681.0,0.617945
2682.0,2682.0,0.33831042
2683.0,2683.0,0.120349795
2684.0,2684.0,0.7021484
2685.0,2685.0,0.45955086
2686.0,2686.0,0.30098456
2687.0,2687.0,0.5222063
2688.0,2688.0,0.030759953
2689.0,2689.0,0.63538253
2690.0,2690.0,0.37401578
2691.0,2691.0,0.34339073
2692.0,2692.0,0.2921853
2693.0,2693.0,0.2624618
2694.0,2694.0,0.3323763
2695.0,2695.0,0.29150453
2696.0,2696.0,0.6131228
2697.0,2697.0,0.028649189
2698.0,2698.0,0.14255792
2699.0,2699.0,0.06848068
2700.0,2700.0,0.13751331
2701.0,2701.0,0.74848914
2702.0,2702.0,0.6582296
2703.0,2703.0,0.36347052
2704.0,2704.0,0.38968438
2705.0,2705.0,0.46756673
2706.0,2706.0,0.10137963
2707.0,2707.0,0.18519571
2708.0,2708.0,0.30381685
2709.0,2709.0,0.33896676
2710.0,2710.0,0.32268363
2711.0,2711.0,0.5018109
2712.0,2712.0,0.01196265
2713.0,2713.0,0.28509283
2714.0,2714.0,0.6244652
2715.0,2715.0,0.34296042
2716.0,2716.0,0.13336982
2717.0,2717.0,0.13194975
2718.0,2718.0,0.58718866
2719.0,2719.0,0.3772164
2720.0,2720.0,0.56502247
2721.0,2721.0,0.39417917
2722.0,2722.0,0.75961715
2723.0,2723.0,0.031928603
2724.0,2724.0,0.14229897
2725.0,2725.0,0.27365753
2726.0,2726.0,0.31241772
2727.0,2727.0,0.051127356
2728.0,2728.0,0.510723
2729.0,2729.0,0.1814551
2730.0,2730.0,0.29049343
2731.0,2731.0,0.3042778
2732.0,2732.0,0.03560068
2733.0,2733.0,0.37713873
2734.0,2734.0,0.6474655
2735.0,2735.0,0.4891072
2736.0,2736.0,0.6283783
2737.0,2737.0,0.76158124
2738.0,2738.0,0.50494516
2739.0,2739.0,0.58907723
2740.0,2740.0,0.36580127
2741.0,2741.0,0.2899482
2742.0,2742.0,0.6639508
2743.0,2743.0,0.5751318
2744.0,2744.0,0.5105167
2745.0,2745.0,0.31243348
2746.0,2746.0,0.2611514
2747.0,2747.0,0.031912718
2748.0,2748.0,0.3187345
2749.0,2749.0,0.05064104
2750.0,2750.0,0.37385187
2751.0,2751.0,0.39858928
2752.0,2752.0,0.337573
2753.0,2753.0,0.75601673
2754.0,2754.0,0.01196265
2755.0,2755.0,0.23887604
2756.0,2756.0,0.28503025
2757.0,2757.0,0.1686424
2758.0,2758.0,0.5421095
2759.0,2759.0,0.006996083
2760.0,2760.0,0.27154154
2761.0,2761.0,0.3671107
2762.0,2762.0,0.42984164
2763.0,2763.0,0.37053853
2764.0,2764.0,8.2833023E-4
2765.0,2765.0,0.4491397
2766.0,2766.0,0.5997588
2767.0,2767.0,0.21532509
2768.0,2768.0,0.13436553
2769.0,2769.0,0.38431555
2770.0,2770.0,0.36306125
2771.0,2771.0,0.7667856
2772.0,2772.0,0.2671061
2773.0,2773.0,0.57901335
2774.0,2774.0,0.13593563
2775.0,2775.0,0.10035972
2776.0,2776.0,0.030759953
2777.0,2777.0,0.6690098
2778.0,2778.0,0.022434073
2779.0,2779.0,0.38430724
2780.0,2780.0,0.5599783
2781.0,2781.0,0.30567646
2782.0,2782.0,0.11209931
2783.0,2783.0,0.48619273
2784.0,2784.0,0.10478317
2785.0,2785.0,0.1744513
2786.0,2786.0,8.244629E-4
2787.0,2787.0,0.385631
2788.0,2788.0,0.09726587
2789.0,2789.0,0.26822472
2790.0,2790.0,0.495918
2791.0,2791.0,0.4642261
2792.0,2792.0,0.62955755
2793.0,2793.0,0.14446124
2794.0,2794.0,0.26215234
2795.0,2795.0,0.03809115
2796.0,2796.0,0.20588043
2797.0,2797.0,0.0060347626
2798.0,2798.0,0.13336982
2799.0,2799.0,0.38108614
2800.0,2800.0,0.62609154
2801.0,2801.0,0.015014207
2802.0,2802.0,0.25617054
2803.0,2803.0,0.34155667
2804.0,2804.0,0.2502559
2805.0,2805.0,0.17552389
2806.0,2806.0,0.5123655
2807.0,2807.0,0.3455097
2808.0,2808.0,0.46024883
2809.0,2809.0,0.28565985
2810.0,2810.0,0.59415066
2811.0,2811.0,0.11065993
2812.0,2812.0,0.15483789
2813.0,2813.0,0.347611
2814.0,2814.0,0.514727
2815.0,2815.0,0.23557451
2816.0,2816.0,0.35395917
2817.0,2817.0,0.3821271
2818.0,2818.0,0.63584566
2819.0,2819.0,0.6608241
2820.0,2820.0,0.17909689
2821.0,2821.0,0.2698709
2822.0,2822.0,0.57018864
2823.0,2823.0,0.39110014
2824.0,2824.0,0.37572327
2825.0,2825.0,0.5260608
2826.0,2826.0,0.514727
2827.0,2827.0,0.3735292
2828.0,2828.0,0.5623136
2829.0,2829.0,0.45969865
2830.0,2830.0,0.6404356
2831.0,2831.0,0.3550722
2832.0,2832.0,0.1355506
2833.0,2833.0,0.63798267
2834.0,2834.0,0.34273914
2835.0,2835.0,0.024890566
2836.0,2836.0,0.56506455
2837.0,2837.0,8.244629E-4
2838.0,2838.0,0.023079567
2839.0,2839.0,0.42806777
2840.0,2840.0,0.3886841
2841.0,2841.0,0.38336053
2842.0,2842.0,0.36752778
2843.0,2843.0,0.4277766
2844.0,2844.0,0.5076979
2845.0,2845.0,0.28604993
2846.0,2846.0,0.388379
2847.0,2847.0,0.10302887
2848.0,2848.0,0.066780835
2849.0,2849.0,0.31737626
2850.0,2850.0,0.3278167
2851.0,2851.0,0.10816653
2852.0,2852.0,0.6273996
2853.0,2853.0,0.2887905
2854.0,2854.0,0.12210448
2855.0,2855.0,0.3947632
2856.0,2856.0,0.0049969777
2857.0,2857.0,0.6687335
2858.0,2858.0,0.36421284
2859.0,2859.0,0.0340987
2860.0,2860.0,0.36688122
2861.0,2861.0,0.008416459
2862.0,2862.0,0.08361954
2863.0,2863.0,0.65056413
2864.0,2864.0,0.26843518
2865.0,2865.0,0.50421095
2866.0,2866.0,0.25358915
2867.0,2867.0,0.33989725
2868.0,2868.0,0.3785883
2869.0,2869.0,0.356754
2870.0,2870.0,0.5990745
2871.0,2871.0,0.4558314
2872.0,2872.0,0.63840926
2873.0,2873.0,0.039732143
2874.0,2874.0,0.6377076
2875.0,2875.0,0.022175824
2876.0,2876.0,0.26774582
2877.0,2877.0,0.5016671
2878.0,2878.0,0.66912466
2879.0,2879.0,0.21588267
2880.0,2880.0,0.35848176
2881.0,2881.0,0.3935938
2882.0,2882.0,0.104604155
2883.0,2883.0,0.55933267
2884.0,2884.0,0.71807116
2885.0,2885.0,0.18785687
2886.0,2886.0,0.06699711
2887.0,2887.0,0.13402799
2888.0,2888.0,0.43525183
2889.0,2889.0,0.6526899
2890.0,2890.0,0.26028934
2891.0,2891.0,8.184837E-4
2892.0,2892.0,0.3244634
2893.0,2893.0,0.0340987
2894.0,2894.0,0.27345997
2895.0,2895.0,0.37664708
2896.0,2896.0,0.15227494
2897.0,2897.0,0.017709512
2898.0,2898.0,0.5478119
2899.0,2899.0,0.38192493
2900.0,2900.0,0.68009746
2901.0,2901.0,0.4085327
2902.0,2902.0,0.06762243
2903.0,2903.0,0.3632778
2904.0,2904.0,0.43867093
2905.0,2905.0,0.58624464
2906.0,2906.0,0.49012765
2907.0,2907.0,0.3270305
2908.0,2908.0,0.37912408
2909.0,2909.0,0.37236646
2910.0,2910.0,0.12487951
2911.0,2911.0,0.41399366
2912.0,2912.0,0.52284884
2913.0,2913.0,0.023470344
2914.0,2914.0,0.34561864
2915.0,2915.0,0.14344597
2916.0,2916.0,0.5208969
2917.0,2917.0,0.31699067
2918.0,2918.0,0.37533775
2919.0,2919.0,0.18048018
2920.0,2920.0,0.7157189
2921.0,2921.0,0.7566046
2922.0,2922.0,0.0025526816
2923.0,2923.0,0.45902246
2924.0,2924.0,0.6074893
2925.0,2925.0,0.0025851375
2926.0,2926.0,0.21532509
2927.0,2927.0,0.26014474
2928.0,2928.0,0.700477
2929.0,2929.0,0.048146144
2930.0,2930.0,0.5816176
2931.0,2931.0,0.31537172
2932.0,2932.0,0.10400312
2933.0,2933.0,0.10400312
2934.0,2934.0,0.27471793
2935.0,2935.0,0.3558163
2936.0,2936.0,0.14549254
2937.0,2937.0,0.582561
2938.0,2938.0,0.4195609
2939.0,2939.0,0.50669193
2940.0,2940.0,0.7106537
2941.0,2941.0,0.25809938
2942.0,2942.0,0.005423656
2943.0,2943.0,0.59832937
2944.0,2944.0,0.69984925
2945.0,2945.0,0.36471438
2946.0,2946.0,0.42810318
2947.0,2947.0,0.03189889
2948.0,2948.0,0.27163932
2949.0,2949.0,0.2612246
2950.0,2950.0,0.39582634
2951.0,2951.0,0.019507272
2952.0,2952.0,0.6392239
2953.0,2953.0,0.38947085
2954.0,2954.0,0.15259908
2955.0,2955.0,0.698547
2956.0,2956.0,0.5599783
2957.0,2957.0,0.33634588
2958.0,2958.0,0.44827548
2959.0,2959.0,0.21511295
2960.0,2960.0,0.06391619
2961.0,2961.0,0.20836589
2962.0,2962.0,0.5962809
2963.0,2963.0,0.00436804
2964.0,2964.0,0.3465544
2965.0,2965.0,0.6147059
2966.0,2966.0,0.47653788
2967.0,2967.0,0.6709205
2968.0,2968.0,0.34363934
2969.0,2969.0,0.45800692
2970.0,2970.0,0.6308673
2971.0,2971.0,0.008935348
2972.0,2972.0,0.4190233
2973.0,2973.0,0.4814609
2974.0,2974.0,0.27563658
2975.0,2975.0,0.41649464
2976.0,2976.0,0.34155667
2977.0,2977.0,0.35430923
2978.0,2978.0,0.021910267
2979.0,2979.0,0.45786664
2980.0,2980.0,0.43410972
2981.0,2981.0,0.5995608
2982.0,2982.0,0.39748174
2983.0,2983.0,0.32559106
2984.0,2984.0,0.11990954
2985.0,2985.0,0.3950584
2986.0,2986.0,0.067278385
2987.0,2987.0,0.32044172
2988.0,2988.0,0.40261728
2989.0,2989.0,0.04977839
2990.0,2990.0,0.5871703
2991.0,2991.0,0.2921853
2992.0,2992.0,0.35979494
2993.0,2993.0,0.411374
2994.0,2994.0,0.07236407
2995.0,2995.0,0.5792642
2996.0,2996.0,0.36142877
2997.0,2997.0,0.34779423
2998.0,2998.0,0.393227
2999.0,2999.0,0.70927256
3000.0,3000.0,0.40872496
3001.0,3001.0,0.3985512
3002.0,3002.0,0.48005876
3003.0,3003.0,0.3959703
3004.0,3004.0,0.083454885
3005.0,3005.0,0.3652917
3006.0,3006.0,0.6236898
3007.0,3007.0,0.33708403
3008.0,3008.0,0.35356694
3009.0,3009.0,0.43100065
3010.0,3010.0,0.5234131
3011.0,3011.0,0.75280774
3012.0,3012.0,0.45790783
3013.0,3013.0,0.37507528
3014.0,3014.0,0.25849792
3015.0,3015.0,0.61552215
3016.0,3016.0,0.53069735
3017.0,3017.0,0.19780786
3018.0,3018.0,0.2300047
3019.0,3019.0,0.07237414
3020.0,3020.0,0.07216794
3021.0,3021.0,0.40731624
3022.0,3022.0,0.31699067
3023.0,3023.0,0.5071024
3024.0,3024.0,0.41354227
3025.0,3025.0,0.23355445
3026.0,3026.0,0.70512617
3027.0,3027.0,0.046879597
3028.0,3028.0,0.16730651
3029.0,3029.0,0.62151986
3030.0,3030.0,0.45596078
3031.0,3031.0,0.18129128
3032.0,3032.0,0.30603507
3033.0,3033.0,0.007662319
3034.0,3034.0,0.34885108
3035.0,3035.0,0.007020999
3036.0,3036.0,0.11149877
3037.0,3037.0,0.18315881
3038.0,3038.0,0.1820428
3039.0,3039.0,0.3615796
3040.0,3040.0,0.08943898
3041.0,3041.0,0.25957218
3042.0,3042.0,0.5953228
3043.0,3043.0,0.6513068
3044.0,3044.0,0.023539338
3045.0,3045.0,0.5471686
3046.0,3046.0,0.5296254
3047.0,3047.0,0.5397123
3048.0,3048.0,0.3776386
3049.0,3049.0,0.05736094
3050.0,3050.0,0.111746
3051.0,3051.0,0.491227
3052.0,3052.0,0.3859775
3053.0,3053.0,0.49654678
3054.0,3054.0,0.17570631
3055.0,3055.0,0.0038919812
3056.0,3056.0,0.32238725
3057.0,3057.0,0.3172782
3058.0,3058.0,0.25155312
3059.0,3059.0,0.5966609
3060.0,3060.0,0.21719402
3061.0,3061.0,0.48181993
3062.0,3062.0,0.3195832
3063.0,3063.0,0.001290167
3064.0,3064.0,0.33354154
3065.0,3065.0,0.08943898
3066.0,3066.0,0.19104245
3067.0,3067.0,0.32263714
3068.0,3068.0,0.3719917
3069.0,3069.0,0.10987863
3070.0,3070.0,0.6369755
3071.0,3071.0,0.6236261
3072.0,3072.0,0.024733553
3073.0,3073.0,0.32691404
3074.0,3074.0,0.12125431
3075.0,3075.0,0.06522243
3076.0,3076.0,0.6039308
3077.0,3077.0,0.29075682
3078.0,3078.0,0.2906056
3079.0,3079.0,0.40950078
3080.0,3080.0,0.51070017
3081.0,3081.0,0.12372967
3082.0,3082.0,0.020487972
3083.0,3083.0,0.10018543
3084.0,3084.0,0.051161356
3085.0,3085.0,0.5996515
3086.0,3086.0,0.66322726
3087.0,3087.0,0.34296042
3088.0,3088.0,0.10454898
3089.0,3089.0,0.29150453
3090.0,3090.0,0.18047659
3091.0,3091.0,0.03188922
3092.0,3092.0,0.34646255
3093.0,3093.0,0.6218983
3094.0,3094.0,0.3011886
3095.0,3095.0,0.46452498
3096.0,3096.0,0.028649189
3097.0,3097.0,0.2583428
3098.0,3098.0,0.4098751
3099.0,3099.0,0.3808584
3100.0,3100.0,0.11217915
3101.0,3101.0,0.41339192
3102.0,3102.0,0.63354546
3103.0,3103.0,0.2921853
3104.0,3104.0,0.19315028
3105.0,3105.0,0.30615944
3106.0,3106.0,0.24908026
3107.0,3107.0,0.32238725
3108.0,3108.0,0.45167953
3109.0,3109.0,0.5964068
3110.0,3110.0,0.10816653
3111.0,3111.0,0.27726975
3112.0,3112.0,0.5324073
3113.0,3113.0,0.64046955
3114.0,3114.0,0.36694154
3115.0,3115.0,0.3579528
3116.0,3116.0,0.050834037
3117.0,3117.0,0.39282292
3118.0,3118.0,0.63740885
3119.0,3119.0,0.50716865
3120.0,3120.0,0.46192113
3121.0,3121.0,0.66804075
3122.0,3122.0,0.39472267
3123.0,3123.0,0.27463686
3124.0,3124.0,0.6507077
3125.0,3125.0,0.614507
3126.0,3126.0,0.6487225
3127.0,3127.0,0.66652864
3128.0,3128.0,0.011439417
3129.0,3129.0,0.1051295
3130.0,3130.0,0.2696936
3131.0,3131.0,0.030736666
3132.0,3132.0,0.46095017
3133.0,3133.0,0.5394075
3134.0,3134.0,0.61610985
3135.0,3135.0,0.15115553
3136.0,3136.0,0.39924997
3137.0,3137.0,0.36218676
3138.0,3138.0,0.710754
3139.0,3139.0,0.29096663
3140.0,3140.0,0.13304113
3141.0,3141.0,0.35362798
3142.0,3142.0,0.05753011
3143.0,3143.0,0.036055885
3144.0,3144.0,0.5428561
3145.0,3145.0,0.463168
3146.0,3146.0,0.25195816
3147.0,3147.0,0.5123045
3148.0,3148.0,0.2598281
3149.0,3149.0,0.07190116
3150.0,3150.0,0.4044435
3151.0,3151.0,0.3822317
3152.0,3152.0,0.6315027
3153.0,3153.0,0.67112017
3154.0,3154.0,0.34221134
3155.0,3155.0,0.008424584
3156.0,3156.0,0.6288626
3157.0,3157.0,0.57237864
3158.0,3158.0,0.32319334
3159.0,3159.0,0.58259827
3160.0,3160.0,0.16730696
3161.0,3161.0,0.4078898
3162.0,3162.0,0.37302482
3163.0,3163.0,0.19040647
3164.0,3164.0,0.11065993
3165.0,3165.0,0.1771186
3166.0,3166.0,0.24780436
3167.0,3167.0,0.28620708
3168.0,3168.0,0.0662349
3169.0,3169.0,0.32691404
3170.0,3170.0,0.57525766
3171.0,3171.0,0.13490292
3172.0,3172.0,0.4413164
3173.0,3173.0,0.38646433
3174.0,3174.0,0.35976812
3175.0,3175.0,0.35679817
3176.0,3176.0,0.10579561
3177.0,3177.0,0.17824326
3178.0,3178.0,0.10157269
3179.0,3179.0,0.46014816
3180.0,3180.0,0.3556685
3181.0,3181.0,0.45902246
3182.0,3182.0,0.58795035
3183.0,3183.0,0.3752146
3184.0,3184.0,0.04977839
3185.0,3185.0,0.5628318
3186.0,3186.0,0.052243907
3187.0,3187.0,0.053497035
3188.0,3188.0,0.38279533
3189.0,3189.0,0.27007565
3190.0,3190.0,0.013064035
3191.0,3191.0,0.017543277
3192.0,3192.0,0.545533
3193.0,3193.0,0.011441707
3194.0,3194.0,0.43741
3195.0,3195.0,0.70417124
3196.0,3196.0,0.2528581
3197.0,3197.0,0.5030893
3198.0,3198.0,0.38078246
3199.0,3199.0,0.011736202
3200.0,3200.0,0.46229643
3201.0,3201.0,0.036025904
3202.0,3202.0,0.63457584
3203.0,3203.0,0.26329133
3204.0,3204.0,0.60394
3205.0,3205.0,0.031049471
3206.0,3206.0,0.030012809
3207.0,3207.0,0.4460583
3208.0,3208.0,0.4590373
3209.0,3209.0,0.37343073
3210.0,3210.0,0.16584425
3211.0,3211.0,0.03809115
3212.0,3212.0,0.46060884
3213.0,3213.0,0.4096965
3214.0,3214.0,0.11973336
3215.0,3215.0,0.57881665
3216.0,3216.0,0.18180083
3217.0,3217.0,0.16639175
3218.0,3218.0,0.109271444
3219.0,3219.0,0.33934036
3220.0,3220.0,0.4274461
3221.0,3221.0,0.22065924
3222.0,3222.0,0.45532188
3223.0,3223.0,0.76099604
3224.0,3224.0,0.13728797
3225.0,3225.0,0.009033907
3226.0,3226.0,0.30098456
3227.0,3227.0,0.5918643
3228.0,3228.0,0.37572327
3229.0,3229.0,0.43796346
3230.0,3230.0,0.44186872
3231.0,3231.0,0.026461009
3232.0,3232.0,0.6401431
3233.0,3233.0,0.23477636
3234.0,3234.0,0.53568727
3235.0,3235.0,0.56915027
3236.0,3236.0,0.2749216
3237.0,3237.0,0.40708947
3238.0,3238.0,0.25704044
3239.0,3239.0,0.3560896
3240.0,3240.0,0.24540645
3241.0,3241.0,0.0025610272
3242.0,3242.0,0.320108
3243.0,3243.0,0.54817915
3244.0,3244.0,0.11297413
3245.0,3245.0,0.3623471
3246.0,3246.0,0.21342058
3247.0,3247.0,0.43193585
3248.0,3248.0,0.0556607
3249.0,3249.0,0.099143565
3250.0,3250.0,0.18875906
3251.0,3251.0,0.039852943
3252.0,3252.0,0.110334545
3253.0,3253.0,0.39450088
3254.0,3254.0,0.37606704
3255.0,3255.0,0.4183544
3256.0,3256.0,0.5305722
3257.0,3257.0,0.18255758
3258.0,3258.0,0.22065924
3259.0,3259.0,0.0984068
3260.0,3260.0,0.07242628
3261.0,3261.0,0.3253386
3262.0,3262.0,8.244629E-4
3263.0,3263.0,0.59760684
3264.0,3264.0,0.03043688
3265.0,3265.0,0.5977079
3266.0,3266.0,0.26797086
3267.0,3267.0,0.51750404
3268.0,3268.0,0.5446818
3269.0,3269.0,0.12186312
3270.0,3270.0,0.5044017
3271.0,3271.0,0.002125282
3272.0,3272.0,0.386555
3273.0,3273.0,0.4546349
3274.0,3274.0,0.3270305
3275.0,3275.0,0.51143485
3276.0,3276.0,0.56445456
3277.0,3277.0,0.3626206
3278.0,3278.0,0.5779067
3279.0,3279.0,0.051429152
3280.0,3280.0,0.5086606
3281.0,3281.0,0.6571328
3282.0,3282.0,0.40971947
3283.0,3283.0,0.74149835
3284.0,3284.0,0.18253738
3285.0,3285.0,0.3147661
3286.0,3286.0,0.37974593
3287.0,3287.0,0.386555
3288.0,3288.0,0.026491893
3289.0,3289.0,0.14549254
3290.0,3290.0,0.023297267
3291.0,3291.0,0.11385564
3292.0,3292.0,0.53310096
3293.0,3293.0,0.3571384
3294.0,3294.0,0.5100445
3295.0,3295.0,0.6379428
3296.0,3296.0,0.09977332
3297.0,3297.0,0.76835704
3298.0,3298.0,0.3130997
3299.0,3299.0,0.062880516
3300.0,3300.0,0.54999655
3301.0,3301.0,0.576652
3302.0,3302.0,0.06387007
3303.0,3303.0,0.25555527
3304.0,3304.0,0.5428936
3305.0,3305.0,0.44827548
3306.0,3306.0,0.50940794
3307.0,3307.0,0.57238513
3308.0,3308.0,0.07204434
3309.0,3309.0,0.45917848
3310.0,3310.0,0.43193647
3311.0,3311.0,0.10615694
3312.0,3312.0,0.3997359
3313.0,3313.0,0.057868216
3314.0,3314.0,0.03560068
3315.0,3315.0,0.03195488
3316.0,3316.0,0.4616853
3317.0,3317.0,0.035772394
3318.0,3318.0,0.30529976
3319.0,3319.0,0.3293866
3320.0,3320.0,0.5986794
3321.0,3321.0,0.35478497
3322.0,3322.0,0.18634486
3323.0,3323.0,0.48820382
3324.0,3324.0,0.5029052
3325.0,3325.0,0.34217232
3326.0,3326.0,0.097589046
3327.0,3327.0,0.6686345
3328.0,3328.0,0.5567288
3329.0,3329.0,0.3676982
3330.0,3330.0,0.35394052
3331.0,3331.0,0.14769514
3332.0,3332.0,0.552523
3333.0,3333.0,0.55902964
3334.0,3334.0,0.35730663
3335.0,3335.0,0.0070047183
3336.0,3336.0,0.25515354
3337.0,3337.0,0.6322405
3338.0,3338.0,0.5412047
3339.0,3339.0,0.38795632
3340.0,3340.0,0.038697414
3341.0,3341.0,0.25868955
3342.0,3342.0,0.208179
3343.0,3343.0,0.026966149
3344.0,3344.0,0.26936927
3345.0,3345.0,0.13515186
3346.0,3346.0,0.12237707
3347.0,3347.0,0.51114357
3348.0,3348.0,0.6051726
3349.0,3349.0,0.04847437
3350.0,3350.0,0.57237864
3351.0,3351.0,0.479965
3352.0,3352.0,0.49704567
3353.0,3353.0,0.3054099
3354.0,3354.0,0.09536727
3355.0,3355.0,0.34387675
3356.0,3356.0,0.3199473
3357.0,3357.0,0.59444964
3358.0,3358.0,0.6228376
3359.0,3359.0,0.5978699
3360.0,3360.0,0.118962534
3361.0,3361.0,0.36598113
3362.0,3362.0,0.3602514
3363.0,3363.0,0.08287509
3364.0,3364.0,0.42162204
3365.0,3365.0,0.0015016983
3366.0,3366.0,0.07003557
3367.0,3367.0,0.13906568
3368.0,3368.0,0.42642444
3369.0,3369.0,0.3908158
3370.0,3370.0,0.09804937
3371.0,3371.0,0.046571974
3372.0,3372.0,0.72168064
3373.0,3373.0,0.10373244
3374.0,3374.0,0.5278798
3375.0,3375.0,0.45810995
3376.0,3376.0,0.4370367
3377.0,3377.0,0.50686616
3378.0,3378.0,0.5657926
3379.0,3379.0,0.5497787
3380.0,3380.0,0.4827046
3381.0,3381.0,0.15086754
3382.0,3382.0,0.12385519
3383.0,3383.0,0.59621435
3384.0,3384.0,0.6155961
3385.0,3385.0,0.43506458
3386.0,3386.0,0.5120575
3387.0,3387.0,0.7084833
3388.0,3388.0,0.35371208
3389.0,3389.0,0.0038823097
3390.0,3390.0,0.27765533
3391.0,3391.0,0.32993722
3392.0,3392.0,0.66992116
3393.0,3393.0,0.32413703
3394.0,3394.0,0.030759953
3395.0,3395.0,0.6961848
3396.0,3396.0,0.2703273
3397.0,3397.0,0.29702237
3398.0,3398.0,0.31361097
3399.0,3399.0,0.32333773
3400.0,3400.0,0.36373416
3401.0,3401.0,0.34220913
3402.0,3402.0,0.26108795
3403.0,3403.0,0.37989768
3404.0,3404.0,0.64385355
3405.0,3405.0,0.4949361
3406.0,3406.0,0.058333594
3407.0,3407.0,0.6599812
3408.0,3408.0,0.5845306
3409.0,3409.0,0.46788383
3410.0,3410.0,0.25867364
3411.0,3411.0,0.40007406
3412.0,3412.0,0.34224796
3413.0,3413.0,0.37401578
3414.0,3414.0,0.24539824
3415.0,3415.0,0.31985053
3416.0,3416.0,0.10894939
3417.0,3417.0,0.75346446
3418.0,3418.0,0.29049122
3419.0,3419.0,0.5599783
3420.0,3420.0,0.61356044
3421.0,3421.0,0.038588952
3422.0,3422.0,0.46223208
3423.0,3423.0,0.7167336
3424.0,3424.0,0.3838139
3425.0,3425.0,0.008883612
3426.0,3426.0,0.45485905
3427.0,3427.0,0.011589398
3428.0,3428.0,0.40392768
3429.0,3429.0,0.33905965
3430.0,3430.0,0.14549254
3431.0,3431.0,0.6506172
3432.0,3432.0,0.23355445
3433.0,3433.0,0.4476542
3434.0,3434.0,0.6020221
3435.0,3435.0,0.5361317
3436.0,3436.0,0.008419727
3437.0,3437.0,0.36350787
3438.0,3438.0,0.6637276
3439.0,3439.0,0.13517942
3440.0,3440.0,0.1814599
3441.0,3441.0,0.07010682
3442.0,3442.0,0.7081119
3443.0,3443.0,0.24413726
3444.0,3444.0,0.54815465
3445.0,3445.0,0.6509083
3446.0,3446.0,0.546057
3447.0,3447.0,0.75355524
3448.0,3448.0,0.6107961
3449.0,3449.0,0.043522593
3450.0,3450.0,0.08158786
3451.0,3451.0,0.33578965
3452.0,3452.0,0.76940525
3453.0,3453.0,0.04042103
3454.0,3454.0,0.202968
3455.0,3455.0,0.28890976
3456.0,3456.0,0.05901251
3457.0,3457.0,0.0085271485
3458.0,3458.0,0.062382754
3459.0,3459.0,0.04977839
3460.0,3460.0,0.7521924
3461.0,3461.0,0.19855236
3462.0,3462.0,0.5507529
3463.0,3463.0,0.36081082
3464.0,3464.0,0.520541
3465.0,3465.0,0.0386306
3466.0,3466.0,0.14559451
3467.0,3467.0,0.3253386
3468.0,3468.0,0.30913755
3469.0,3469.0,0.6675659
3470.0,3470.0,0.5509053
3471.0,3471.0,0.019965706
3472.0,3472.0,0.08382609
3473.0,3473.0,0.14381452
3474.0,3474.0,0.0070047183
3475.0,3475.0,0.29195994
3476.0,3476.0,0.103145555
3477.0,3477.0,0.2114271
3478.0,3478.0,0.7304839
3479.0,3479.0,0.5758334
3480.0,3480.0,0.051854398
3481.0,3481.0,0.39337984
3482.0,3482.0,0.39099246
3483.0,3483.0,0.34999442
3484.0,3484.0,0.37507528
3485.0,3485.0,0.22762886
3486.0,3486.0,0.36655557
3487.0,3487.0,0.52092475
3488.0,3488.0,0.096293055
3489.0,3489.0,0.1318701
3490.0,3490.0,0.4590319
3491.0,3491.0,0.3926175
3492.0,3492.0,0.34292093
3493.0,3493.0,0.003876777
3494.0,3494.0,0.76995504
3495.0,3495.0,0.61761224
3496.0,3496.0,0.38627297
3497.0,3497.0,0.2454342
3498.0,3498.0,0.63788974
3499.0,3499.0,0.15258358
3500.0,3500.0,0.18217003
3501.0,3501.0,0.16353907
3502.0,3502.0,0.04787017
3503.0,3503.0,0.16637516
3504.0,3504.0,0.11747781
3505.0,3505.0,0.5409037
3506.0,3506.0,0.24637227
3507.0,3507.0,0.504802
3508.0,3508.0,0.15239045
3509.0,3509.0,0.3301126
3510.0,3510.0,0.35394052
3511.0,3511.0,0.5525922
3512.0,3512.0,0.25834823
3513.0,3513.0,0.3719917
3514.0,3514.0,0.35914743
3515.0,3515.0,0.0989991
3516.0,3516.0,0.0038644145
3517.0,3517.0,0.36217237
3518.0,3518.0,0.19305804
3519.0,3519.0,0.5626667
3520.0,3520.0,0.2921853
3521.0,3521.0,0.7571389
3522.0,3522.0,0.41521874
3523.0,3523.0,0.5729962
3524.0,3524.0,0.18099101
3525.0,3525.0,0.09892059
3526.0,3526.0,0.18117324
3527.0,3527.0,0.0068306047
3528.0,3528.0,0.16935529
3529.0,3529.0,0.3782551
3530.0,3530.0,0.57015
3531.0,3531.0,0.26348805
3532.0,3532.0,0.48727694
3533.0,3533.0,0.02394073
3534.0,3534.0,0.28609318
3535.0,3535.0,0.41107622
3536.0,3536.0,0.21478608
3537.0,3537.0,0.17825224
3538.0,3538.0,0.36344096
3539.0,3539.0,0.05425608
3540.0,3540.0,0.37505928
3541.0,3541.0,0.5044153
3542.0,3542.0,0.35065064
3543.0,3543.0,0.34906033
3544.0,3544.0,0.015727766
3545.0,3545.0,0.58300203
3546.0,3546.0,0.06008564
3547.0,3547.0,0.18634486
3548.0,3548.0,0.34133342
3549.0,3549.0,0.37182736
3550.0,3550.0,0.37572327
3551.0,3551.0,0.32558453
3552.0,3552.0,0.33285698
3553.0,3553.0,0.085850984
3554.0,3554.0,0.16637516
3555.0,3555.0,0.512946
3556.0,3556.0,0.019962884
3557.0,3557.0,0.4323611
3558.0,3558.0,0.01196265
3559.0,3559.0,0.48418924
3560.0,3560.0,0.62917125
3561.0,3561.0,0.24377388
3562.0,3562.0,0.38860944
3563.0,3563.0,0.637013
3564.0,3564.0,0.4593041
3565.0,3565.0,0.57237864
3566.0,3566.0,0.76074964
3567.0,3567.0,0.33365178
3568.0,3568.0,0.2786514
3569.0,3569.0,0.33578965
3570.0,3570.0,0.34376812
3571.0,3571.0,0.1738059
3572.0,3572.0,0.5642541
3573.0,3573.0,0.3520604
3574.0,3574.0,0.5599783
3575.0,3575.0,0.40977228
3576.0,3576.0,0.59753025
3577.0,3577.0,0.06951607
3578.0,3578.0,0.37615246
3579.0,3579.0,0.5245945
3580.0,3580.0,0.53172934
3581.0,3581.0,0.3729207
3582.0,3582.0,0.551024
3583.0,3583.0,0.48624045
3584.0,3584.0,0.35394052
3585.0,3585.0,0.7546152
3586.0,3586.0,0.29469144
3587.0,3587.0,0.428915
3588.0,3588.0,0.28924584
3589.0,3589.0,0.5813383
3590.0,3590.0,0.1823876
3591.0,3591.0,0.33761668
3592.0,3592.0,0.1883511
3593.0,3593.0,0.12395423
3594.0,3594.0,0.04372073
3595.0,3595.0,0.15437156
3596.0,3596.0,0.13152856
3597.0,3597.0,0.75490594
3598.0,3598.0,0.45893475
3599.0,3599.0,0.17134054
3600.0,3600.0,0.3631623
3601.0,3601.0,0.012070226
3602.0,3602.0,0.28970957
3603.0,3603.0,0.21424003
3604.0,3604.0,0.37987328
3605.0,3605.0,0.4404275
3606.0,3606.0,0.007662319
3607.0,3607.0,0.0089398995
3608.0,3608.0,0.32455704
3609.0,3609.0,0.31985053
3610.0,3610.0,0.45959488
3611.0,3611.0,0.13528131
3612.0,3612.0,0.18028103
3613.0,3613.0,0.46031132
3614.0,3614.0,0.6552711
3615.0,3615.0,0.41265133
3616.0,3616.0,0.5599783
3617.0,3617.0,0.36734176
3618.0,3618.0,0.5598957
3619.0,3619.0,0.42187697
3620.0,3620.0,0.75449157
3621.0,3621.0,0.4478607
3622.0,3622.0,0.56915027
3623.0,3623.0,0.21566945
3624.0,3624.0,0.40980783
3625.0,3625.0,0.639559
3626.0,3626.0,0.49311602
3627.0,3627.0,0.3269362
3628.0,3628.0,0.45807156
3629.0,3629.0,0.35632557
3630.0,3630.0,0.4818374
3631.0,3631.0,0.57231474
3632.0,3632.0,0.3076794
3633.0,3633.0,0.032175712
3634.0,3634.0,0.33285698
3635.0,3635.0,0.008935348
3636.0,3636.0,0.0800311
3637.0,3637.0,0.27762115
3638.0,3638.0,0.63979006
3639.0,3639.0,0.7511616
3640.0,3640.0,0.10495064
3641.0,3641.0,0.11858635
3642.0,3642.0,0.55902964
3643.0,3643.0,0.33424735
3644.0,3644.0,0.7336092
3645.0,3645.0,0.13474631
3646.0,3646.0,0.56294554
3647.0,3647.0,0.07279543
3648.0,3648.0,0.23526023
3649.0,3649.0,0.6204045
3650.0,3650.0,0.41681355
3651.0,3651.0,0.181199
3652.0,3652.0,0.031076139
3653.0,3653.0,0.25155312
3654.0,3654.0,0.057868216
3655.0,3655.0,0.36131433
3656.0,3656.0,0.0015016983
3657.0,3657.0,0.03188922
3658.0,3658.0,0.48608646
3659.0,3659.0,0.38886267
3660.0,3660.0,0.026491893
3661.0,3661.0,0.5657784
3662.0,3662.0,0.5932719
3663.0,3663.0,0.28616557
3664.0,3664.0,0.0070464863
3665.0,3665.0,0.55023986
3666.0,3666.0,0.18460533
3667.0,3667.0,0.5682157
3668.0,3668.0,0.45790407
3669.0,3669.0,0.25892457
3670.0,3670.0,0.3589904
3671.0,3671.0,0.29150453
3672.0,3672.0,0.4177304
3673.0,3673.0,0.5745907
3674.0,3674.0,0.13659586
3675.0,3675.0,0.36872315
3676.0,3676.0,0.48073468
3677.0,3677.0,0.36088493
3678.0,3678.0,0.4781541
3679.0,3679.0,0.038537677
3680.0,3680.0,0.6158407
3681.0,3681.0,0.387193
3682.0,3682.0,0.5039326
3683.0,3683.0,0.5708287
3684.0,3684.0,0.48131317
3685.0,3685.0,0.57530314
3686.0,3686.0,0.597452
3687.0,3687.0,0.18017626
3688.0,3688.0,0.05303309
3689.0,3689.0,0.0069870497
3690.0,3690.0,0.42185378
3691.0,3691.0,0.317896
3692.0,3692.0,0.26439887
3693.0,3693.0,0.019100636
3694.0,3694.0,0.13659586
3695.0,3695.0,0.41592205
3696.0,3696.0,0.18593518
3697.0,3697.0,0.48597902
3698.0,3698.0,0.56552196
3699.0,3699.0,0.4689047
3700.0,3700.0,0.3790561
3701.0,3701.0,0.39996767
3702.0,3702.0,0.32902914
3703.0,3703.0,0.72707534
3704.0,3704.0,0.4550606
3705.0,3705.0,0.46209553
3706.0,3706.0,0.081468195
3707.0,3707.0,0.47517914
3708.0,3708.0,0.32952687
3709.0,3709.0,0.5203831
3710.0,3710.0,0.5429699
3711.0,3711.0,0.6619672
3712.0,3712.0,0.18634486
3713.0,3713.0,0.36022818
3714.0,3714.0,0.43705902
3715.0,3715.0,0.3714994
3716.0,3716.0,0.5786169
3717.0,3717.0,0.63680595
3718.0,3718.0,0.09950413
3719.0,3719.0,0.36298004
3720.0,3720.0,0.032244906
3721.0,3721.0,0.012082422
3722.0,3722.0,0.4274461
3723.0,3723.0,0.5480643
3724.0,3724.0,0.3296812
3725.0,3725.0,0.031199966
3726.0,3726.0,0.366394
3727.0,3727.0,0.37467682
3728.0,3728.0,0.37228405
3729.0,3729.0,0.20380357
3730.0,3730.0,0.45902246
3731.0,3731.0,0.64399433
3732.0,3732.0,0.25617054
3733.0,3733.0,0.3296695
3734.0,3734.0,0.04247304
3735.0,3735.0,0.535123
3736.0,3736.0,0.53450215
3737.0,3737.0,0.031661183
3738.0,3738.0,0.05425608
3739.0,3739.0,0.4439008
3740.0,3740.0,0.5481987
3741.0,3741.0,0.32471514
3742.0,3742.0,0.40558454
3743.0,3743.0,0.02834852
3744.0,3744.0,0.007088226
3745.0,3745.0,0.5165822
3746.0,3746.0,0.57560086
3747.0,3747.0,0.17513353
3748.0,3748.0,0.0069136536
3749.0,3749.0,0.04977839
3750.0,3750.0,0.006823764
3751.0,3751.0,0.37693375
3752.0,3752.0,8.2499324E-4
3753.0,3753.0,0.5626667
3754.0,3754.0,0.10091234
3755.0,3755.0,0.051063437
3756.0,3756.0,0.7300268
3757.0,3757.0,0.3240211
3758.0,3758.0,0.60073096
3759.0,3759.0,0.514727
3760.0,3760.0,0.6343713
3761.0,3761.0,0.16244482
3762.0,3762.0,0.022201015
3763.0,3763.0,0.34138033
3764.0,3764.0,0.38889983
3765.0,3765.0,0.21532509
3766.0,3766.0,0.10316302
3767.0,3767.0,0.0070752627
3768.0,3768.0,0.23592159
3769.0,3769.0,0.27645022
3770.0,3770.0,0.7435858
3771.0,3771.0,0.5417588
3772.0,3772.0,0.01202091
3773.0,3773.0,0.009052799
3774.0,3774.0,0.0069625727
3775.0,3775.0,0.17772426
3776.0,3776.0,0.3877144
3777.0,3777.0,0.54002255
3778.0,3778.0,0.03560198
3779.0,3779.0,0.60513824
3780.0,3780.0,0.47308627
3781.0,3781.0,0.13393095
3782.0,3782.0,0.3141434
3783.0,3783.0,0.05450288
3784.0,3784.0,0.014583098
3785.0,3785.0,0.551024
3786.0,3786.0,0.3046227
3787.0,3787.0,0.06409775
3788.0,3788.0,0.62609154
3789.0,3789.0,0.37079653
3790.0,3790.0,0.4933941
3791.0,3791.0,0.5346516
3792.0,3792.0,0.75535715
3793.0,3793.0,0.016603865
3794.0,3794.0,0.37445277
3795.0,3795.0,0.38748616
3796.0,3796.0,0.40737534
3797.0,3797.0,0.32691404
3798.0,3798.0,0.16776504
3799.0,3799.0,0.05927043
3800.0,3800.0,0.024347065
3801.0,3801.0,0.44017997
3802.0,3802.0,0.3143069
3803.0,3803.0,0.0104429275
3804.0,3804.0,0.51143485
3805.0,3805.0,0.41546455
3806.0,3806.0,0.41951638
3807.0,3807.0,0.758585
3808.0,3808.0,0.007044303
3809.0,3809.0,0.37438318
3810.0,3810.0,0.121358424
3811.0,3811.0,0.7591838
3812.0,3812.0,0.42077532
3813.0,3813.0,0.05753291
3814.0,3814.0,0.27889675
3815.0,3815.0,0.45930487
3816.0,3816.0,0.27463686
3817.0,3817.0,0.48541102
3818.0,3818.0,0.38110116
3819.0,3819.0,0.0026074112
3820.0,3820.0,0.0025610272
3821.0,3821.0,0.6369703
3822.0,3822.0,0.35120568
3823.0,3823.0,0.4546349
3824.0,3824.0,0.1219877
3825.0,3825.0,0.116470486
3826.0,3826.0,0.5169282
3827.0,3827.0,0.2671061
3828.0,3828.0,0.55902964
3829.0,3829.0,0.043208707
3830.0,3830.0,0.55863863
3831.0,3831.0,0.33058086
3832.0,3832.0,0.5854913
3833.0,3833.0,0.47520024
3834.0,3834.0,0.18083917
3835.0,3835.0,0.09694495
3836.0,3836.0,0.05603077
3837.0,3837.0,0.010100939
3838.0,3838.0,0.1883511
3839.0,3839.0,0.25792655
3840.0,3840.0,0.16455555
3841.0,3841.0,0.6007869
3842.0,3842.0,0.4592194
3843.0,3843.0,0.111863144
3844.0,3844.0,0.013978261
3845.0,3845.0,0.39045304
3846.0,3846.0,0.09826225
3847.0,3847.0,0.376136
3848.0,3848.0,0.14229897
3849.0,3849.0,0.3084145
3850.0,3850.0,0.32497784
3851.0,3851.0,0.33667505
3852.0,3852.0,0.75202274
3853.0,3853.0,0.5145444
3854.0,3854.0,0.7531341
3855.0,3855.0,0.19197829
3856.0,3856.0,0.060434196
3857.0,3857.0,0.40764543
3858.0,3858.0,0.5245945
3859.0,3859.0,0.19000624
3860.0,3860.0,0.64412767
3861.0,3861.0,0.25401497
3862.0,3862.0,0.02308584
3863.0,3863.0,0.37200317
3864.0,3864.0,0.5598238
3865.0,3865.0,0.25667346
3866.0,3866.0,0.45900854
3867.0,3867.0,0.4840206
3868.0,3868.0,0.39813194
3869.0,3869.0,0.75535715
3870.0,3870.0,0.05358387
3871.0,3871.0,0.38122892
3872.0,3872.0,0.638541
3873.0,3873.0,0.37623817
3874.0,3874.0,0.4613648
3875.0,3875.0,0.38868237
3876.0,3876.0,0.31960833
3877.0,3877.0,0.18124355
3878.0,3878.0,0.3550722
3879.0,3879.0,0.0069136536
3880.0,3880.0,0.10096316
3881.0,3881.0,0.41113964
3882.0,3882.0,0.312957
3883.0,3883.0,0.18339258
3884.0,3884.0,0.28258193
3885.0,3885.0,0.043852203
3886.0,3886.0,0.3036812
3887.0,3887.0,0.51143485
3888.0,3888.0,0.065881096
3889.0,3889.0,0.46968395
3890.0,3890.0,0.35715023
3891.0,3891.0,0.75372887
3892.0,3892.0,0.24882714
3893.0,3893.0,0.40737563
3894.0,3894.0,0.040630817
3895.0,3895.0,0.60010636
3896.0,3896.0,0.34180203
3897.0,3897.0,0.033792328
3898.0,3898.0,0.43759695
3899.0,3899.0,0.4830344
3900.0,3900.0,0.10941341
3901.0,3901.0,0.09521851
3902.0,3902.0,0.6338089
3903.0,3903.0,0.009005167
3904.0,3904.0,0.17750013
3905.0,3905.0,0.09880197
3906.0,3906.0,0.051460665
3907.0,3907.0,0.17323802
3908.0,3908.0,0.13152856
3909.0,3909.0,0.42026708
3910.0,3910.0,0.5610976
3911.0,3911.0,0.13523863
3912.0,3912.0,0.41204867
3913.0,3913.0,0.18519571
3914.0,3914.0,0.16865428
3915.0,3915.0,0.33412248
3916.0,3916.0,0.16880995
3917.0,3917.0,0.13517392
3918.0,3918.0,0.04422831
3919.0,3919.0,0.061211586
3920.0,3920.0,0.48898783
3921.0,3921.0,0.6301755
3922.0,3922.0,0.026397575
3923.0,3923.0,0.5626667
3924.0,3924.0,0.10406218
3925.0,3925.0,0.47297454
3926.0,3926.0,0.002827397
3927.0,3927.0,0.2911022
3928.0,3928.0,0.030759953
3929.0,3929.0,0.106736764
3930.0,3930.0,0.051429152
3931.0,3931.0,0.3693846
3932.0,3932.0,0.033022676
3933.0,3933.0,0.5622755
3934.0,3934.0,0.10955013
3935.0,3935.0,0.35156858
3936.0,3936.0,0.4883511
3937.0,3937.0,0.090232454
3938.0,3938.0,0.030958014
3939.0,3939.0,0.3165556
3940.0,3940.0,0.7431645
3941.0,3941.0,0.17910454
3942.0,3942.0,0.24838561
3943.0,3943.0,0.29044998
3944.0,3944.0,0.35313332
3945.0,3945.0,0.0722931
3946.0,3946.0,0.31985053
3947.0,3947.0,0.068449594
3948.0,3948.0,0.32684153
3949.0,3949.0,0.41900545
3950.0,3950.0,0.283717
3951.0,3951.0,0.59920967
3952.0,3952.0,0.031295225
3953.0,3953.0,8.259794E-4
3954.0,3954.0,0.070927076
3955.0,3955.0,0.47058257
3956.0,3956.0,0.102092616
3957.0,3957.0,0.2921853
3958.0,3958.0,0.03105519
3959.0,3959.0,0.06904918
3960.0,3960.0,0.537574
3961.0,3961.0,0.47121367
3962.0,3962.0,0.019362126
3963.0,3963.0,1.3596923E-4
3964.0,3964.0,0.3539193
3965.0,3965.0,0.48345086
3966.0,3966.0,0.051076043
3967.0,3967.0,0.339616
3968.0,3968.0,0.3698363
3969.0,3969.0,0.63083035
3970.0,3970.0,0.5166631
3971.0,3971.0,0.13019213
3972.0,3972.0,0.46097544
3973.0,3973.0,0.2730567
3974.0,3974.0,0.49774134
3975.0,3975.0,0.31186664
3976.0,3976.0,0.5208176
3977.0,3977.0,0.51210225
3978.0,3978.0,0.4386725
3979.0,3979.0,0.46149057
3980.0,3980.0,0.38084933
3981.0,3981.0,0.17959195
3982.0,3982.0,0.007151876
3983.0,3983.0,0.00837737
3984.0,3984.0,0.29252696
3985.0,3985.0,0.023196137
3986.0,3986.0,0.458994
3987.0,3987.0,0.30488315
3988.0,3988.0,0.12258779
3989.0,3989.0,0.32192868
3990.0,3990.0,0.37831175
3991.0,3991.0,0.5991334
3992.0,3992.0,0.70916003
3993.0,3993.0,0.54962134
3994.0,3994.0,0.0038644145
3995.0,3995.0,0.5015538
3996.0,3996.0,0.40156338
3997.0,3997.0,0.62594783
3998.0,3998.0,0.65739346
3999.0,3999.0,0.3543502
4000.0,4000.0,0.016038427
4001.0,4001.0,0.07106747
4002.0,4002.0,0.6154117
4003.0,4003.0,0.5487704
4004.0,4004.0,0.2357621
4005.0,4005.0,0.5686943
4006.0,4006.0,0.16787255
4007.0,4007.0,0.01994773
4008.0,4008.0,0.39129838
4009.0,4009.0,0.27045137
4010.0,4010.0,0.33050725
4011.0,4011.0,0.3491421
4012.0,4012.0,0.5245945
4013.0,4013.0,0.31751713
4014.0,4014.0,0.38968438
4015.0,4015.0,0.031848423
4016.0,4016.0,0.0021335906
4017.0,4017.0,0.5324073
4018.0,4018.0,0.3773902
4019.0,4019.0,0.3677314
4020.0,4020.0,0.12975717
4021.0,4021.0,0.5130828
4022.0,4022.0,0.43076026
4023.0,4023.0,0.6006673
4024.0,4024.0,0.32879266
4025.0,4025.0,0.14495327
4026.0,4026.0,0.14332406
4027.0,4027.0,0.009050688
4028.0,4028.0,0.36345795
4029.0,4029.0,0.45902246
4030.0,4030.0,0.4918894
4031.0,4031.0,0.4642261
4032.0,4032.0,0.29082245
4033.0,4033.0,0.24998131
4034.0,4034.0,0.28540266
4035.0,4035.0,0.50361925
4036.0,4036.0,0.102753095
4037.0,4037.0,0.37572327
4038.0,4038.0,0.031610902
4039.0,4039.0,0.40188995
4040.0,4040.0,0.5044711
4041.0,4041.0,0.15181553
4042.0,4042.0,0.7575423
4043.0,4043.0,0.022436213
4044.0,4044.0,0.36604717
4045.0,4045.0,0.25329494
4046.0,4046.0,0.5224162
4047.0,4047.0,0.25132364
4048.0,4048.0,0.66502845
4049.0,4049.0,0.4186573
4050.0,4050.0,0.3240211
4051.0,4051.0,0.016263526
4052.0,4052.0,0.034143258
4053.0,4053.0,0.18057002
4054.0,4054.0,0.135004
4055.0,4055.0,0.11973336
4056.0,4056.0,0.18315881
4057.0,4057.0,0.4274461
4058.0,4058.0,0.39570636
4059.0,4059.0,0.5404547
4060.0,4060.0,0.16145103
4061.0,4061.0,0.45902246
4062.0,4062.0,0.31514522
4063.0,4063.0,0.012013469
4064.0,4064.0,0.21915501
4065.0,4065.0,0.28556564
4066.0,4066.0,0.1571324
4067.0,4067.0,0.5955513
4068.0,4068.0,0.29866385
4069.0,4069.0,0.356035
4070.0,4070.0,0.31708696
4071.0,4071.0,0.3562827
4072.0,4072.0,0.024890097
4073.0,4073.0,0.49748278
4074.0,4074.0,0.04847437
4075.0,4075.0,0.06862481
4076.0,4076.0,0.08334897
4077.0,4077.0,0.51202
4078.0,4078.0,0.10936851
4079.0,4079.0,0.024648244
4080.0,4080.0,0.17934363
4081.0,4081.0,0.13699862
4082.0,4082.0,0.27965042
4083.0,4083.0,0.005423656
4084.0,4084.0,0.104737304
4085.0,4085.0,0.40863627
4086.0,4086.0,0.031721093
4087.0,4087.0,0.06938823
4088.0,4088.0,0.6291919
4089.0,4089.0,0.17997724
4090.0,4090.0,0.49422562
4091.0,4091.0,0.2786514
4092.0,4092.0,0.41427007
