<?xml version="1.0" encoding="utf-8"?>
<eml:eml xmlns:eml="eml://ecoinformatics.org/eml-2.1.1" xmlns:xsi="http://www.w3.org/2001/XMLSchema-instance"
         xsi:schemaLocation="eml://ecoinformatics.org/eml-2.1.1 http://rs.gbif.org/schema/eml-gbif-profile/1.1/eml.xsd"
        packageId="5baf7c1e-d75d-4c31-a298-5a20f2e0133c"  system="http://gbif.org" scope="system"
  xml:lang="en">

<dataset>
      <alternateIdentifier>10.15468/zn2knt</alternateIdentifier>
        <alternateIdentifier>5baf7c1e-d75d-4c31-a298-5a20f2e0133c</alternateIdentifier>
        <alternateIdentifier>https://data.gbif.no/ipt/resource?r=nni_riverlichen</alternateIdentifier>
    <title>Lichens along norwegian rivers</title>
    <creator>
    <individualName>
<givenName>Arnold</givenName>          <surName>Håland</surName>
    </individualName>
<organizationName>NNI</organizationName>    <address>
<country>NORWAY</country>    </address>
<phone>+47 55177710</phone><electronicMailAddress>post@nni.no</electronicMailAddress><onlineUrl>http://www.nni.no/</onlineUrl>    </creator>
    <metadataProvider>
    <individualName>
<givenName>Arnold</givenName>          <surName>Håland</surName>
    </individualName>
<organizationName>NNI</organizationName>    <address>
<country>NORWAY</country>    </address>
<phone>+47 55177710</phone><electronicMailAddress>post@nni.no</electronicMailAddress><onlineUrl>http://www.nni.no/</onlineUrl>    </metadataProvider>
    <associatedParty>
    <individualName>
<givenName>Christian</givenName>          <surName>Svindseth</surName>
    </individualName>
<electronicMailAddress>christian.svindseth@nhm.uio.no</electronicMailAddress>    <role>USER</role>
    </associatedParty>
      <pubDate>
      2018-07-09
      </pubDate>
    <language>ENGLISH</language>
    <abstract>
        <para>Lichens along norwegian rivers</para>
    </abstract>
        <keywordSet>
              <keyword>Occurrence</keyword>
              <keywordThesaurus>GBIF Dataset Type Vocabulary: http://rs.gbif.org/vocabulary/gbif/dataset_type.xml</keywordThesaurus>
        </keywordSet>
        <keywordSet>
              <keyword>Observation</keyword>
              <keywordThesaurus>GBIF Dataset Subtype Vocabulary: http://rs.gbif.org/vocabulary/gbif/dataset_subtype.xml</keywordThesaurus>
        </keywordSet>
      <intellectualRights>
        <para>This work is licensed under a <ulink url="http://creativecommons.org/licenses/by/4.0/legalcode"><citetitle>Creative Commons Attribution (CC-BY) 4.0 License</citetitle></ulink>.</para>
      </intellectualRights>
      <maintenance>
          <description>
              <para></para>
          </description>
          <maintenanceUpdateFrequency>notPlanned</maintenanceUpdateFrequency>
      </maintenance>
      <contact>
    <individualName>
<givenName>Arnold</givenName>          <surName>Håland</surName>
    </individualName>
<organizationName>NNI</organizationName>    <address>
<country>NORWAY</country>    </address>
<phone>+47 55177710</phone><electronicMailAddress>post@nni.no</electronicMailAddress><onlineUrl>http://www.nni.no/</onlineUrl>      </contact>

</dataset>

<additionalMetadata>
    <metadata>
      <gbif>
        <dateStamp>2018-11-26T10:43:13Z</dateStamp>
      <citation>Håland A (2018). Lichens along norwegian rivers. Version 1.5. NNI. Occurrence dataset https://doi.org/10.15468/zn2knt accessed via GBIF.org on 2018-11-26.</citation>
        </gbif>
    </metadata>
</additionalMetadata>

</eml:eml>
