<?xml version="1.0" encoding="utf-8"?>
<eml:eml xmlns:eml="eml://ecoinformatics.org/eml-2.1.1" xmlns:xsi="http://www.w3.org/2001/XMLSchema-instance"
         xsi:schemaLocation="eml://ecoinformatics.org/eml-2.1.1 http://rs.gbif.org/schema/eml-gbif-profile/1.1/eml.xsd"
        packageId="84c0e1a0-f762-11e1-a439-00145eb45e9a"  system="http://gbif.org" scope="system"
  xml:lang="en">

<dataset>
      <alternateIdentifier>10.15468/icuvpo</alternateIdentifier>
        <alternateIdentifier>675</alternateIdentifier>
    <title>Arizona State University Lichen Collection</title>
    <language>ENGLISH</language>
    <abstract>
        <para>The Arizona State University Lichen Herbarium currently houses over 100,000 fully accessioned and databased lichen specimens from all over the world. A significant fraction of these specimens are being revised in the context of the Greater Sonoran Desert Flora Project.</para>
    </abstract>
      <intellectualRights>
        <para>This work is licensed under a <ulink url="http://creativecommons.org/licenses/by/4.0/legalcode"><citetitle>Creative Commons Attribution (CC-BY) 4.0 License</citetitle></ulink>.</para>
      </intellectualRights>
      <distribution scope="document">
          <online>
              <url function="information">http://nhc.asu.edu</url>
          </online>
      </distribution>
      <maintenance>
          <description>
              <para></para>
          </description>
          <maintenanceUpdateFrequency>unkown</maintenanceUpdateFrequency>
      </maintenance>
      <contact>
    <individualName>
          <surName>Thomas H. Nash III</surName>
    </individualName>
<positionName>Curator of Lichens</positionName><phone>480.965.7735</phone><electronicMailAddress>tom.nash@asu.edu</electronicMailAddress>      </contact>

</dataset>

<additionalMetadata>
    <metadata>
      <gbif>
        <dateStamp>2018-11-26T10:43:13Z</dateStamp>
      <citation>Arizona State University, Global Institute for Sustainability. Arizona State University Lichen Collection. Occurrence dataset https://doi.org/10.15468/icuvpo accessed via GBIF.org on 2018-11-26.</citation>
              <physical>
                  <objectName>GBIF Occurrence Download</objectName>
                  <characterEncoding>UTF-8</characterEncoding>
                  <dataFormat>
                      <externallyDefinedFormat>
                          <formatName>Darwin Core Archive</formatName>
                      </externallyDefinedFormat>
                  </dataFormat>
                  <distribution>
                      <online>
                          <url function="download">http://api.gbif.org/v1/occurrence/download/request/0012437-180131172636756.zip</url>
                      </online>
                  </distribution>
              </physical>
        </gbif>
    </metadata>
</additionalMetadata>

</eml:eml>
