<?xml version="1.0" encoding="utf-8"?>
<eml:eml xmlns:eml="eml://ecoinformatics.org/eml-2.1.1" xmlns:xsi="http://www.w3.org/2001/XMLSchema-instance"
         xsi:schemaLocation="eml://ecoinformatics.org/eml-2.1.1 http://rs.gbif.org/schema/eml-gbif-profile/1.1/eml.xsd"
        packageId="85739778-f762-11e1-a439-00145eb45e9a"  system="http://gbif.org" scope="system"
  xml:lang="en">

<dataset>
      <alternateIdentifier>10.15468/gmyyyu</alternateIdentifier>
        <alternateIdentifier>1097</alternateIdentifier>
    <title>Lichen Herbarium Berlin</title>
    <associatedParty>
    <individualName>
          <surName>Botanic Garden and Botanical Museum Berlin-Dahlem</surName>
    </individualName>
    <address>
<deliveryPoint>Königin Luise Str. 6-8, D-14195 Berlin, Germany</deliveryPoint>    </address>
<electronicMailAddress>biodiversitydata@bgbm.org</electronicMailAddress>    <role>TECHNICAL_POINT_OF_CONTACT</role>
    </associatedParty>
      <pubDate>
      2016
      </pubDate>
    <language>en</language>
    <abstract>
        <para>This database contains label information for about 102,000 specimens (anno 2013) of lichens preserved in the herbarium of the Botanic Garden &amp;amp; Botanical Museum Berlin-Dahlem, Freie Universität Berlin, Germany, acronym B. It represents about one third of the lichen holdings and contains mainly recent acquisitions, in particular such resulting from own fieldwork. Added are about 13.000 specimens of fungi. It is designed to allow search for specimens for DNA research and to trace specimens renamed after publication.</para>
    </abstract>
      <intellectualRights>
        <para>To the extent possible under law, the publisher has waived all rights to these data and has dedicated them to the <ulink url="http://creativecommons.org/publicdomain/zero/1.0/legalcode"><citetitle>Public Domain (CC0 1.0)</citetitle></ulink>. Users may copy, modify, distribute and use the work, including for commercial purposes, without restriction.</para>
      </intellectualRights>
      <contact>
    <individualName>
          <surName>Dr. Harrie Sipman</surName>
    </individualName>
    <address>
<deliveryPoint>Königin Luise Str. 6-8, D-14195 Berlin, Germany</deliveryPoint>    </address>
<electronicMailAddress>biodiversitydata@bgbm.org</electronicMailAddress>      </contact>

</dataset>

<additionalMetadata>
    <metadata>
      <gbif>
        <dateStamp>2018-11-26T10:43:13Z</dateStamp>
      <citation>Botanic Garden and Botanical Museum Berlin-Dahlem (2015). Lichen Herbarium Berlin. Occurrence dataset https://doi.org/10.15468/gmyyyu accessed via GBIF.org on 2018-11-26.</citation>
        </gbif>
    </metadata>
</additionalMetadata>

</eml:eml>
