<?xml version="1.0" encoding="utf-8"?>
<eml:eml xmlns:eml="eml://ecoinformatics.org/eml-2.1.1" xmlns:xsi="http://www.w3.org/2001/XMLSchema-instance"
         xsi:schemaLocation="eml://ecoinformatics.org/eml-2.1.1 http://rs.gbif.org/schema/eml-gbif-profile/1.1/eml.xsd"
        packageId="d7e36e03-340d-4cba-904c-a2a3e662d3cd"  system="http://gbif.org" scope="system"
  xml:lang="en">

<dataset>
      <alternateIdentifier>10.15468/k88vjq</alternateIdentifier>
        <alternateIdentifier>https://data.gbif.no/ipt/resource?r=ecofact</alternateIdentifier>
        <alternateIdentifier>http://data.gbif.no/ipt/resource?r=ecofact</alternateIdentifier>
        <alternateIdentifier>http://dev.gbif.no/ipt/resource?r=ecofact</alternateIdentifier>
        <alternateIdentifier>http://gbif.no/ipt/resource?r=ecofact</alternateIdentifier>
        <alternateIdentifier>http://gbif.no/ipt/resource.do?r=ecofact</alternateIdentifier>
        <alternateIdentifier>d7e36e03-340d-4cba-904c-a2a3e662d3cd</alternateIdentifier>
        <alternateIdentifier>14369</alternateIdentifier>
    <title>Ecofact</title>
    <creator>
    <individualName>
<givenName>Geir</givenName>          <surName>Arnesen</surName>
    </individualName>
<organizationName>Ecofact</organizationName><phone>0047-91700155</phone><electronicMailAddress>geir@ecofact.no</electronicMailAddress>    </creator>
    <metadataProvider>
    <individualName>
<givenName>Geir</givenName>          <surName>Arnesen</surName>
    </individualName>
<organizationName>Ecofact</organizationName><phone>0047-91700155</phone><electronicMailAddress>geir@ecofact.no</electronicMailAddress>    </metadataProvider>
    <associatedParty>
    <individualName>
<givenName>Christian</givenName>          <surName>Svindseth</surName>
    </individualName>
<electronicMailAddress>christian.svindseth@nhm.uio.no</electronicMailAddress>    <role>USER</role>
    </associatedParty>
      <pubDate>
      2018-07-09
      </pubDate>
    <language>ENGLISH</language>
    <abstract>
        <para>Vascular plants. Observations by Ecofact. Ecofact is aNorwegian consult company with offices in Sandenes and Tromsø. This dataset includes species observations from comissioned environment assessments from all of Norway including Svalbard and Jan Mayen.</para>
    </abstract>
        <keywordSet>
              <keyword>Occurrence</keyword>
              <keywordThesaurus>GBIF Dataset Type Vocabulary: http://rs.gbif.org/vocabulary/gbif/dataset_type.xml</keywordThesaurus>
        </keywordSet>
        <keywordSet>
              <keyword>Observation</keyword>
              <keywordThesaurus>GBIF Dataset Subtype Vocabulary: http://rs.gbif.org/vocabulary/gbif/dataset_subtype.xml</keywordThesaurus>
        </keywordSet>
      <intellectualRights>
        <para>This work is licensed under a <ulink url="http://creativecommons.org/licenses/by/4.0/legalcode"><citetitle>Creative Commons Attribution (CC-BY) 4.0 License</citetitle></ulink>.</para>
      </intellectualRights>
      <maintenance>
          <description>
              <para></para>
          </description>
          <maintenanceUpdateFrequency>unkown</maintenanceUpdateFrequency>
      </maintenance>
      <contact>
    <individualName>
<givenName>Geir</givenName>          <surName>Arnesen</surName>
    </individualName>
<organizationName>Ecofact</organizationName><phone>0047-91700155</phone><electronicMailAddress>geir@ecofact.no</electronicMailAddress>      </contact>

</dataset>

<additionalMetadata>
    <metadata>
      <gbif>
        <dateStamp>2018-11-26T10:43:13Z</dateStamp>
      <citation>Arnesen G (2018). Ecofact. Version 1.7. Ecofact. Occurrence dataset https://doi.org/10.15468/k88vjq accessed via GBIF.org on 2018-11-26.</citation>
        </gbif>
    </metadata>
</additionalMetadata>

</eml:eml>
