<?xml version="1.0" encoding="utf-8"?>
<eml:eml xmlns:eml="eml://ecoinformatics.org/eml-2.1.1" xmlns:xsi="http://www.w3.org/2001/XMLSchema-instance"
         xsi:schemaLocation="eml://ecoinformatics.org/eml-2.1.1 http://rs.gbif.org/schema/eml-gbif-profile/1.1/eml.xsd"
        packageId="e87a12af-fc4c-4315-bff7-c7b827379aca"  system="http://gbif.org" scope="system"
  xml:lang="en">

<dataset>
      <alternateIdentifier>10.15468/t5gcyj</alternateIdentifier>
        <alternateIdentifier>https://data.gbif.no/ipt/resource?r=trom_lichens</alternateIdentifier>
        <alternateIdentifier>http://data.gbif.no/ipt/resource?r=trom_lichens</alternateIdentifier>
        <alternateIdentifier>http://data.gbif.no/ipt/resource?r=trom_l</alternateIdentifier>
        <alternateIdentifier>http://dev.gbif.no/ipt/resource?r=trom_l</alternateIdentifier>
        <alternateIdentifier>http://gbif.no/ipt/resource.do?r=trom_l</alternateIdentifier>
        <alternateIdentifier>e87a12af-fc4c-4315-bff7-c7b827379aca</alternateIdentifier>
    <title>Lichen herbarium, Tromsø Museum</title>
    <creator>
<organizationName>Tromsø Museum</organizationName>    <address>
<country>NORWAY</country>    </address>
<electronicMailAddress>postmottak@tmu.uit.no</electronicMailAddress>    </creator>
    <metadataProvider>
<organizationName>Tromsø Museum</organizationName>    <address>
<country>NORWAY</country>    </address>
<electronicMailAddress>postmottak@tmu.uit.no</electronicMailAddress>    </metadataProvider>
    <associatedParty>
    <individualName>
<givenName>Christian</givenName>          <surName>Svindseth</surName>
    </individualName>
<electronicMailAddress>christian.svindseth@nhm.uio.no</electronicMailAddress>    <role>USER</role>
    </associatedParty>
      <pubDate>
      2018-09-27
      </pubDate>
    <language>ENGLISH</language>
    <abstract>
        <para>The lichen herbarium at Tromsø Museum.
This collection saw little activity before the year 2000. Much of the material is older, collected in northern Norway and on arctic islands by J. M. Norman, Bernt Lynge and other botanists working in the latter half of the 1800s and the first half of the 1900s.
In many cases, specimens are also available in the lichen herbarium at the Natural History Museum in Oslo.
The lichen herbarium also contains around 1000 specimens from Chile, Bolivia and Peru.</para>
    </abstract>
        <keywordSet>
              <keyword>Occurrence</keyword>
              <keywordThesaurus>GBIF Dataset Type Vocabulary: http://rs.gbif.org/vocabulary/gbif/dataset_type.xml</keywordThesaurus>
        </keywordSet>
        <keywordSet>
              <keyword>Specimen</keyword>
              <keywordThesaurus>GBIF Dataset Subtype Vocabulary: http://rs.gbif.org/vocabulary/gbif/dataset_subtype.xml</keywordThesaurus>
        </keywordSet>
      <intellectualRights>
        <para>This work is licensed under a <ulink url="http://creativecommons.org/licenses/by/4.0/legalcode"><citetitle>Creative Commons Attribution (CC-BY) 4.0 License</citetitle></ulink>.</para>
      </intellectualRights>
      <maintenance>
          <description>
              <para></para>
          </description>
          <maintenanceUpdateFrequency>daily</maintenanceUpdateFrequency>
      </maintenance>
      <contact>
    <individualName>
<givenName>Heini Emilia</givenName>          <surName>Rämä</surName>
    </individualName>
<organizationName>Tromsø Museum</organizationName>    <address>
<country>NORWAY</country>    </address>
<electronicMailAddress>heini.e.rama@uit.no</electronicMailAddress>      </contact>

</dataset>

<additionalMetadata>
    <metadata>
      <gbif>
        <dateStamp>2018-11-26T10:43:13Z</dateStamp>
      <citation>UiT The Arctic University of Norway (2018). Lichen herbarium, Tromsø Museum. Version 1.669. Occurrence dataset https://doi.org/10.15468/t5gcyj accessed via GBIF.org on 2018-11-26.</citation>
              <resourceLogoUrl>http://data.gbif.no/ipt/logo.do?r=trom_lichens</resourceLogoUrl>
        </gbif>
    </metadata>
</additionalMetadata>

</eml:eml>
