x,y,species_3 logistic values
1.0,1.0,0.27628037
2.0,2.0,0.8451522
3.0,3.0,0.15775888
4.0,4.0,0.27872738
5.0,5.0,0.24110672
6.0,6.0,0.076857105
7.0,7.0,0.069696836
8.0,8.0,0.26709655
9.0,9.0,0.39978775
10.0,10.0,0.25497058
11.0,11.0,0.19053683
12.0,12.0,0.2529856
13.0,13.0,0.365277
14.0,14.0,0.17475693
15.0,15.0,0.19833522
16.0,16.0,0.15163292
17.0,17.0,0.7695965
18.0,18.0,0.39020976
19.0,19.0,0.16102889
20.0,20.0,0.19707216
21.0,21.0,0.23374107
22.0,22.0,0.44837168
23.0,23.0,0.5875648
24.0,24.0,0.15628351
25.0,25.0,0.16664365
26.0,26.0,0.19183572
27.0,27.0,0.85577756
28.0,28.0,0.30750582
29.0,29.0,0.026786316
30.0,30.0,0.13065338
31.0,31.0,0.19354779
32.0,32.0,0.1161919
33.0,33.0,0.017327854
34.0,34.0,0.5860192
35.0,35.0,0.07969346
36.0,36.0,0.22486328
37.0,37.0,0.30079472
38.0,38.0,0.03800517
39.0,39.0,0.3215324
40.0,40.0,0.27897793
41.0,41.0,0.28702974
42.0,42.0,0.081402175
43.0,43.0,0.21128972
44.0,44.0,0.2741075
45.0,45.0,0.17255573
46.0,46.0,0.2487835
47.0,47.0,0.518888
48.0,48.0,0.1590631
49.0,49.0,0.03744561
50.0,50.0,0.20848015
51.0,51.0,0.1469614
52.0,52.0,0.33339822
53.0,53.0,0.16193202
54.0,54.0,3.562797E-4
55.0,55.0,0.20465466
56.0,56.0,0.2481783
57.0,57.0,0.0013254717
58.0,58.0,0.58648765
59.0,59.0,0.11492555
60.0,60.0,0.24231106
61.0,61.0,0.0010624952
62.0,62.0,0.121706784
63.0,63.0,0.24696223
64.0,64.0,0.06516292
65.0,65.0,0.061626587
66.0,66.0,0.6201999
67.0,67.0,0.03866044
68.0,68.0,0.06326272
69.0,69.0,0.32635248
70.0,70.0,0.12860194
71.0,71.0,0.20694312
72.0,72.0,0.106730394
73.0,73.0,0.43372548
74.0,74.0,0.1250268
75.0,75.0,0.7668722
76.0,76.0,0.37627733
77.0,77.0,0.42062548
78.0,78.0,0.08535615
79.0,79.0,0.44792625
80.0,80.0,0.5251514
81.0,81.0,0.10026453
82.0,82.0,0.40615982
83.0,83.0,0.2570682
84.0,84.0,0.18744943
85.0,85.0,0.3289943
86.0,86.0,0.24046572
87.0,87.0,0.24083918
88.0,88.0,0.1535769
89.0,89.0,0.07219629
90.0,90.0,0.4210179
91.0,91.0,0.1265326
92.0,92.0,0.2557642
93.0,93.0,0.050006565
94.0,94.0,0.5641587
95.0,95.0,0.064777374
96.0,96.0,1.2458142E-4
97.0,97.0,0.2191283
98.0,98.0,0.12530735
99.0,99.0,0.22803809
100.0,100.0,0.18489109
101.0,101.0,0.051345572
102.0,102.0,0.41793206
103.0,103.0,0.124310076
104.0,104.0,0.30030993
105.0,105.0,0.1958727
106.0,106.0,0.09321434
107.0,107.0,0.22514951
108.0,108.0,0.2356389
109.0,109.0,0.21721597
110.0,110.0,0.19163015
111.0,111.0,0.22433604
112.0,112.0,0.0461138
113.0,113.0,0.28080848
114.0,114.0,0.037520442
115.0,115.0,0.16621062
116.0,116.0,0.25955796
117.0,117.0,0.06822283
118.0,118.0,0.07829855
119.0,119.0,0.20532206
120.0,120.0,0.13114412
121.0,121.0,0.11793252
122.0,122.0,0.3386517
123.0,123.0,0.13077949
124.0,124.0,0.5791248
125.0,125.0,0.22204673
126.0,126.0,0.1805739
127.0,127.0,0.17857766
128.0,128.0,0.06921432
129.0,129.0,0.026269158
130.0,130.0,0.62934035
131.0,131.0,0.21818106
132.0,132.0,0.053995717
133.0,133.0,0.078447245
134.0,134.0,0.12788013
135.0,135.0,0.19916989
136.0,136.0,0.29744262
137.0,137.0,0.07009711
138.0,138.0,0.83484685
139.0,139.0,0.25919193
140.0,140.0,0.001130664
141.0,141.0,0.21413289
142.0,142.0,0.2066771
143.0,143.0,0.14053015
144.0,144.0,0.29962778
145.0,145.0,0.3084246
146.0,146.0,0.21931875
147.0,147.0,0.31411922
148.0,148.0,0.08882704
149.0,149.0,0.23459183
150.0,150.0,0.22447948
151.0,151.0,0.21423382
152.0,152.0,0.7231696
153.0,153.0,0.08757427
154.0,154.0,0.4841833
155.0,155.0,0.3295505
156.0,156.0,0.029902846
157.0,157.0,0.16191827
158.0,158.0,0.07464463
159.0,159.0,0.13084704
160.0,160.0,0.44331205
161.0,161.0,0.050097574
162.0,162.0,0.22790527
163.0,163.0,0.49547026
164.0,164.0,0.040909506
165.0,165.0,0.6374936
166.0,166.0,0.001313359
167.0,167.0,0.16103482
168.0,168.0,0.15876749
169.0,169.0,0.06716895
170.0,170.0,0.18491647
171.0,171.0,0.072791606
172.0,172.0,0.1582608
173.0,173.0,0.49638146
174.0,174.0,0.28759807
175.0,175.0,0.37588927
176.0,176.0,0.05225727
177.0,177.0,0.12803964
178.0,178.0,0.04486616
179.0,179.0,0.36427
180.0,180.0,0.61307555
181.0,181.0,0.1674369
182.0,182.0,0.18236111
183.0,183.0,0.2894727
184.0,184.0,0.20212786
185.0,185.0,0.43203753
186.0,186.0,0.24252109
187.0,187.0,0.27370295
188.0,188.0,0.07841342
189.0,189.0,0.06557327
190.0,190.0,0.08575767
191.0,191.0,0.05533152
192.0,192.0,0.19059706
193.0,193.0,0.08165197
194.0,194.0,0.53286225
195.0,195.0,0.6372094
196.0,196.0,0.25296035
197.0,197.0,0.2286192
198.0,198.0,0.19797084
199.0,199.0,0.2541372
200.0,200.0,0.07351535
201.0,201.0,0.22911263
202.0,202.0,0.44900897
203.0,203.0,0.04012641
204.0,204.0,0.23126197
205.0,205.0,0.22719568
206.0,206.0,0.5218346
207.0,207.0,0.79260737
208.0,208.0,0.18749292
209.0,209.0,0.30213034
210.0,210.0,0.068815574
211.0,211.0,0.07761474
212.0,212.0,0.41852105
213.0,213.0,0.04706442
214.0,214.0,0.11818465
215.0,215.0,0.4378279
216.0,216.0,0.06423872
217.0,217.0,0.022416623
218.0,218.0,0.26608866
219.0,219.0,0.14238548
220.0,220.0,0.21578889
221.0,221.0,0.014997314
222.0,222.0,0.22083989
223.0,223.0,0.072252706
224.0,224.0,0.04494892
225.0,225.0,0.07883548
226.0,226.0,0.15211087
227.0,227.0,0.33054462
228.0,228.0,0.08345081
229.0,229.0,0.17739876
230.0,230.0,0.08343809
231.0,231.0,0.16550936
232.0,232.0,0.069964625
233.0,233.0,0.45053786
234.0,234.0,0.16111729
235.0,235.0,0.15338989
236.0,236.0,0.8507955
237.0,237.0,0.07052279
238.0,238.0,0.07717711
239.0,239.0,0.057200756
240.0,240.0,0.32793823
241.0,241.0,0.5718866
242.0,242.0,0.46868965
243.0,243.0,0.246761
244.0,244.0,0.26218647
245.0,245.0,0.37992433
246.0,246.0,0.2165883
247.0,247.0,0.041552532
248.0,248.0,0.18044388
249.0,249.0,0.2571158
250.0,250.0,0.19057961
251.0,251.0,0.35826057
252.0,252.0,0.17852777
253.0,253.0,0.16241401
254.0,254.0,0.24800983
255.0,255.0,0.037205283
256.0,256.0,0.36664313
257.0,257.0,0.19532166
258.0,258.0,0.0569308
259.0,259.0,0.023057282
260.0,260.0,0.122844316
261.0,261.0,0.18821084
262.0,262.0,0.3414641
263.0,263.0,0.22614534
264.0,264.0,0.21637991
265.0,265.0,0.3235829
266.0,266.0,0.12739894
267.0,267.0,0.072495304
268.0,268.0,0.30613118
269.0,269.0,0.074629806
270.0,270.0,0.22080524
271.0,271.0,0.048273478
272.0,272.0,0.8625668
273.0,273.0,4.6069137E-4
274.0,274.0,0.56514275
275.0,275.0,0.599657
276.0,276.0,0.22507988
277.0,277.0,0.053160887
278.0,278.0,0.21983491
279.0,279.0,0.27647576
280.0,280.0,0.20678045
281.0,281.0,0.19108261
282.0,282.0,0.22159629
283.0,283.0,0.09002271
284.0,284.0,0.17483023
285.0,285.0,0.16212845
286.0,286.0,0.17104824
287.0,287.0,0.5367813
288.0,288.0,0.06170287
289.0,289.0,0.48460954
290.0,290.0,0.7710558
291.0,291.0,0.123476
292.0,292.0,0.1900147
293.0,293.0,0.019582722
294.0,294.0,0.22060515
295.0,295.0,0.056095205
296.0,296.0,0.19377354
297.0,297.0,0.090280384
298.0,298.0,0.19193618
299.0,299.0,0.08858093
300.0,300.0,0.16896133
301.0,301.0,0.30903074
302.0,302.0,0.16976069
303.0,303.0,0.05255428
304.0,304.0,0.02376616
305.0,305.0,0.54162717
306.0,306.0,0.21106173
307.0,307.0,0.25215217
308.0,308.0,0.26404327
309.0,309.0,0.42300385
310.0,310.0,0.2142928
311.0,311.0,0.25259098
312.0,312.0,0.207772
313.0,313.0,0.41315508
314.0,314.0,0.34197262
315.0,315.0,0.21977969
316.0,316.0,0.3125897
317.0,317.0,0.13184698
318.0,318.0,0.22677103
319.0,319.0,0.10397386
320.0,320.0,0.40172997
321.0,321.0,0.8401109
322.0,322.0,0.1998942
323.0,323.0,0.1858909
324.0,324.0,0.25430185
325.0,325.0,0.17853297
326.0,326.0,0.5520071
327.0,327.0,0.23610859
328.0,328.0,0.12026346
329.0,329.0,0.25273415
330.0,330.0,0.048077565
331.0,331.0,0.17095062
332.0,332.0,0.5674991
333.0,333.0,0.060826138
334.0,334.0,0.7565703
335.0,335.0,0.021363309
336.0,336.0,0.20460711
337.0,337.0,0.19006234
338.0,338.0,0.6706323
339.0,339.0,0.08763924
340.0,340.0,0.05887129
341.0,341.0,0.17298356
342.0,342.0,0.17989624
343.0,343.0,0.46268174
344.0,344.0,0.26103398
345.0,345.0,0.2259059
346.0,346.0,0.21546902
347.0,347.0,0.1275051
348.0,348.0,0.15340512
349.0,349.0,0.04328366
350.0,350.0,0.13506065
351.0,351.0,0.024680955
352.0,352.0,0.28467312
353.0,353.0,0.10659377
354.0,354.0,0.03869042
355.0,355.0,0.014878842
356.0,356.0,0.1719767
357.0,357.0,0.06906731
358.0,358.0,0.122747995
359.0,359.0,0.15366977
360.0,360.0,0.051278114
361.0,361.0,0.17296787
362.0,362.0,0.117336586
363.0,363.0,0.69691527
364.0,364.0,0.100666575
365.0,365.0,0.9248355
366.0,366.0,0.38008294
367.0,367.0,0.39149964
368.0,368.0,0.27664882
369.0,369.0,0.1624645
370.0,370.0,0.20389964
371.0,371.0,0.043491516
372.0,372.0,0.21121211
373.0,373.0,0.23282318
374.0,374.0,0.24385414
375.0,375.0,0.1671027
376.0,376.0,0.2075921
377.0,377.0,0.049778715
378.0,378.0,0.16222422
379.0,379.0,0.6523095
380.0,380.0,0.5506403
381.0,381.0,0.4746906
382.0,382.0,0.20116533
383.0,383.0,0.08685898
384.0,384.0,0.43450806
385.0,385.0,0.08296467
386.0,386.0,0.25213245
387.0,387.0,0.08796083
388.0,388.0,0.038915668
389.0,389.0,0.17889327
390.0,390.0,0.2607857
391.0,391.0,0.22263676
392.0,392.0,0.14622168
393.0,393.0,0.19511731
394.0,394.0,0.034294493
395.0,395.0,0.5760204
396.0,396.0,0.060492985
397.0,397.0,0.10700688
398.0,398.0,0.3727853
399.0,399.0,0.27163795
400.0,400.0,0.20806812
401.0,401.0,0.183142
402.0,402.0,0.010547922
403.0,403.0,0.037511263
404.0,404.0,0.06380054
405.0,405.0,0.26836267
406.0,406.0,0.22043785
407.0,407.0,0.03777331
408.0,408.0,0.7581542
409.0,409.0,0.024900895
410.0,410.0,0.08004022
411.0,411.0,0.19626018
412.0,412.0,0.28495416
413.0,413.0,0.32755065
414.0,414.0,0.231528
415.0,415.0,0.15355755
416.0,416.0,0.484082
417.0,417.0,0.118071936
418.0,418.0,0.14441927
419.0,419.0,0.044943143
420.0,420.0,0.030748254
421.0,421.0,0.06494337
422.0,422.0,0.07261466
423.0,423.0,0.19848037
424.0,424.0,0.3166919
425.0,425.0,0.16258359
426.0,426.0,0.66436255
427.0,427.0,0.21313116
428.0,428.0,0.20388268
429.0,429.0,0.69639724
430.0,430.0,0.1696683
431.0,431.0,0.26321328
432.0,432.0,0.113548115
433.0,433.0,0.20503962
434.0,434.0,0.2267245
435.0,435.0,0.082243256
436.0,436.0,0.19602622
437.0,437.0,0.2200698
438.0,438.0,0.1014591
439.0,439.0,0.038879767
440.0,440.0,0.16837135
441.0,441.0,0.45319945
442.0,442.0,0.05590792
443.0,443.0,0.730087
444.0,444.0,0.05386986
445.0,445.0,0.2283308
446.0,446.0,0.076407164
447.0,447.0,0.22978383
448.0,448.0,0.20728096
449.0,449.0,0.18154097
450.0,450.0,0.040430687
451.0,451.0,0.0956246
452.0,452.0,0.16964686
453.0,453.0,0.05544892
454.0,454.0,0.2833539
455.0,455.0,0.47916853
456.0,456.0,0.39834118
457.0,457.0,0.2945589
458.0,458.0,0.16218008
459.0,459.0,0.23304956
460.0,460.0,0.044812787
461.0,461.0,0.03897812
462.0,462.0,0.17008108
463.0,463.0,0.020351235
464.0,464.0,0.5711765
465.0,465.0,0.1875128
466.0,466.0,0.6039985
467.0,467.0,0.72758967
468.0,468.0,0.47732553
469.0,469.0,0.16033846
470.0,470.0,0.2164344
471.0,471.0,0.30689847
472.0,472.0,0.6210656
473.0,473.0,0.41191322
474.0,474.0,0.33625528
475.0,475.0,0.34340748
476.0,476.0,0.51909167
477.0,477.0,0.1688157
478.0,478.0,0.6454682
479.0,479.0,0.6823469
480.0,480.0,0.20436662
481.0,481.0,0.063465945
482.0,482.0,0.11848329
483.0,483.0,0.15787414
484.0,484.0,0.35285974
485.0,485.0,0.21504277
486.0,486.0,0.15591906
487.0,487.0,0.19475037
488.0,488.0,0.06719847
489.0,489.0,0.18887782
490.0,490.0,0.21234712
491.0,491.0,0.42429116
492.0,492.0,0.087797046
493.0,493.0,0.08803183
494.0,494.0,0.641349
495.0,495.0,0.29554874
496.0,496.0,0.17708468
497.0,497.0,0.4778989
498.0,498.0,0.15129177
499.0,499.0,0.28126884
500.0,500.0,0.15732835
501.0,501.0,0.28096628
502.0,502.0,0.119797826
503.0,503.0,0.16203582
504.0,504.0,0.29025313
505.0,505.0,0.15409964
506.0,506.0,0.15832408
507.0,507.0,0.13422585
508.0,508.0,0.16196345
509.0,509.0,0.044615854
510.0,510.0,0.24899305
511.0,511.0,0.1761491
512.0,512.0,0.25033388
513.0,513.0,0.10368087
514.0,514.0,0.033596903
515.0,515.0,0.22032765
516.0,516.0,0.13126346
517.0,517.0,0.017681066
518.0,518.0,0.18643947
519.0,519.0,0.033110086
520.0,520.0,0.22375147
521.0,521.0,0.3977496
522.0,522.0,0.04513775
523.0,523.0,0.27810353
524.0,524.0,0.30015633
525.0,525.0,0.43154812
526.0,526.0,0.0041956934
527.0,527.0,0.23422676
528.0,528.0,0.21188343
529.0,529.0,0.078657046
530.0,530.0,0.11618527
531.0,531.0,0.22135076
532.0,532.0,0.064491555
533.0,533.0,0.17306148
534.0,534.0,0.5534604
535.0,535.0,0.15820302
536.0,536.0,0.6798632
537.0,537.0,0.18528986
538.0,538.0,0.24404936
539.0,539.0,0.049461428
540.0,540.0,0.051257405
541.0,541.0,0.026218724
542.0,542.0,0.31853086
543.0,543.0,0.09566026
544.0,544.0,0.20072247
545.0,545.0,0.7638734
546.0,546.0,0.03307622
547.0,547.0,0.06751374
548.0,548.0,0.20591517
549.0,549.0,0.9349669
550.0,550.0,0.58642447
551.0,551.0,0.7706905
552.0,552.0,0.11740143
553.0,553.0,0.05270162
554.0,554.0,0.06792826
555.0,555.0,0.269999
556.0,556.0,0.15717238
557.0,557.0,0.2775666
558.0,558.0,0.036050867
559.0,559.0,0.1510996
560.0,560.0,0.14257313
561.0,561.0,0.22012663
562.0,562.0,0.050111078
563.0,563.0,0.78800285
564.0,564.0,0.059402168
565.0,565.0,0.042385086
566.0,566.0,0.194685
567.0,567.0,0.12223363
568.0,568.0,0.4746746
569.0,569.0,0.07087071
570.0,570.0,0.046852846
571.0,571.0,0.05277427
572.0,572.0,0.32678288
573.0,573.0,0.05055253
574.0,574.0,0.2872567
575.0,575.0,0.39105016
576.0,576.0,0.14760634
577.0,577.0,0.41316172
578.0,578.0,0.14965537
579.0,579.0,0.022875268
580.0,580.0,0.05465994
581.0,581.0,0.26744515
582.0,582.0,0.37828243
583.0,583.0,0.07578065
584.0,584.0,0.23755656
585.0,585.0,0.25211996
586.0,586.0,0.031288236
587.0,587.0,0.18002628
588.0,588.0,0.45262784
589.0,589.0,0.12959436
590.0,590.0,0.061662056
591.0,591.0,0.17070545
592.0,592.0,0.039542027
593.0,593.0,0.21605927
594.0,594.0,0.24382381
595.0,595.0,0.39813784
596.0,596.0,0.047094632
597.0,597.0,0.15801972
598.0,598.0,0.22255932
599.0,599.0,0.59999114
600.0,600.0,0.058192644
601.0,601.0,0.7018435
602.0,602.0,0.019462703
603.0,603.0,0.2028428
604.0,604.0,0.3184417
605.0,605.0,0.07458854
606.0,606.0,0.32979047
607.0,607.0,0.46629548
608.0,608.0,0.040057145
609.0,609.0,0.41678482
610.0,610.0,0.44057032
611.0,611.0,0.050948128
612.0,612.0,0.027213011
613.0,613.0,0.5210221
614.0,614.0,0.427576
615.0,615.0,0.048891906
616.0,616.0,0.17492318
617.0,617.0,0.3306058
618.0,618.0,0.0758874
619.0,619.0,0.08653357
620.0,620.0,0.12499765
621.0,621.0,0.13139747
622.0,622.0,0.29033598
623.0,623.0,0.24573934
624.0,624.0,0.31853378
625.0,625.0,0.044728715
626.0,626.0,0.22265449
627.0,627.0,0.20747016
628.0,628.0,0.06379226
629.0,629.0,0.17889243
630.0,630.0,0.09371304
631.0,631.0,0.14923283
632.0,632.0,0.7584135
633.0,633.0,0.037565336
634.0,634.0,0.050533712
635.0,635.0,0.2524716
636.0,636.0,0.001325989
637.0,637.0,0.34943563
638.0,638.0,0.2270925
639.0,639.0,0.2129224
640.0,640.0,0.05420471
641.0,641.0,0.18250214
642.0,642.0,0.64240664
643.0,643.0,0.22505341
644.0,644.0,0.07756633
645.0,645.0,0.0773702
646.0,646.0,0.2716336
647.0,647.0,0.28145915
648.0,648.0,0.20413776
649.0,649.0,0.16952386
650.0,650.0,0.019475613
651.0,651.0,0.12907651
652.0,652.0,0.13900869
653.0,653.0,0.4795976
654.0,654.0,0.22947852
655.0,655.0,0.33371022
656.0,656.0,0.27128893
657.0,657.0,0.22329544
658.0,658.0,0.43384105
659.0,659.0,0.60156673
660.0,660.0,0.5390919
661.0,661.0,0.15688924
662.0,662.0,0.18339008
663.0,663.0,0.04193921
664.0,664.0,0.31490594
665.0,665.0,0.2908033
666.0,666.0,0.09376549
667.0,667.0,0.18980658
668.0,668.0,0.23175593
669.0,669.0,0.14473057
670.0,670.0,0.060998954
671.0,671.0,0.12501632
672.0,672.0,0.17839648
673.0,673.0,0.718345
674.0,674.0,0.21191679
675.0,675.0,0.33009583
676.0,676.0,0.06619056
677.0,677.0,0.070435464
678.0,678.0,0.30147454
679.0,679.0,0.16069867
680.0,680.0,0.21620682
681.0,681.0,0.1648395
682.0,682.0,0.16259232
683.0,683.0,0.06258791
684.0,684.0,0.14542279
685.0,685.0,0.08235649
686.0,686.0,0.7176924
687.0,687.0,0.02346501
688.0,688.0,0.07088383
689.0,689.0,0.218883
690.0,690.0,0.22903994
691.0,691.0,0.29840305
692.0,692.0,0.14315106
693.0,693.0,0.84264076
694.0,694.0,0.044857703
695.0,695.0,0.48426524
696.0,696.0,0.21295488
697.0,697.0,0.14801021
698.0,698.0,0.032337412
699.0,699.0,0.4931235
700.0,700.0,0.22451678
701.0,701.0,0.15480873
702.0,702.0,0.2305849
703.0,703.0,0.16238762
704.0,704.0,0.075152725
705.0,705.0,0.11780581
706.0,706.0,0.41860834
707.0,707.0,0.19363505
708.0,708.0,0.14376937
709.0,709.0,0.030180419
710.0,710.0,0.18297678
711.0,711.0,0.035752777
712.0,712.0,0.030835113
713.0,713.0,0.88007635
714.0,714.0,0.3437712
715.0,715.0,0.120576285
716.0,716.0,0.07423605
717.0,717.0,0.23749672
718.0,718.0,0.61253303
719.0,719.0,0.059021838
720.0,720.0,0.16406907
721.0,721.0,0.05549544
722.0,722.0,0.10594333
723.0,723.0,0.22617832
724.0,724.0,0.03523016
725.0,725.0,0.21007982
726.0,726.0,0.21318999
727.0,727.0,0.22017252
728.0,728.0,0.13037789
729.0,729.0,0.2232817
730.0,730.0,0.23313096
731.0,731.0,0.23280664
732.0,732.0,0.06807707
733.0,733.0,0.049921207
734.0,734.0,0.17289606
735.0,735.0,0.16831231
736.0,736.0,0.7957296
737.0,737.0,0.18050838
738.0,738.0,0.09924382
739.0,739.0,0.3697156
740.0,740.0,0.39557043
741.0,741.0,0.2489694
742.0,742.0,0.14532663
743.0,743.0,0.24621469
744.0,744.0,0.037211254
745.0,745.0,0.047155555
746.0,746.0,0.43136093
747.0,747.0,0.14529458
748.0,748.0,0.6299331
749.0,749.0,0.25342432
750.0,750.0,0.034059055
751.0,751.0,0.05622751
752.0,752.0,0.24029036
753.0,753.0,0.121772334
754.0,754.0,0.19938463
755.0,755.0,0.21160205
756.0,756.0,0.28078905
757.0,757.0,0.060605094
758.0,758.0,0.25092635
759.0,759.0,0.04433768
760.0,760.0,0.40057448
761.0,761.0,0.074824624
762.0,762.0,0.43169317
763.0,763.0,0.24375787
764.0,764.0,0.76826596
765.0,765.0,0.24247551
766.0,766.0,0.7504411
767.0,767.0,0.20395264
768.0,768.0,0.27232882
769.0,769.0,0.03327743
770.0,770.0,0.08473884
771.0,771.0,0.16701782
772.0,772.0,0.13514982
773.0,773.0,0.20596997
774.0,774.0,0.1884919
775.0,775.0,0.061964232
776.0,776.0,0.15199305
777.0,777.0,0.17464715
778.0,778.0,0.23420484
779.0,779.0,0.1273593
780.0,780.0,0.33435667
781.0,781.0,0.23989412
782.0,782.0,0.2785665
783.0,783.0,0.17709869
784.0,784.0,0.8993779
785.0,785.0,0.17234099
786.0,786.0,0.675299
787.0,787.0,0.2710573
788.0,788.0,0.24529332
789.0,789.0,0.46515614
790.0,790.0,0.16859086
791.0,791.0,0.49694327
792.0,792.0,0.036588605
793.0,793.0,0.12859415
794.0,794.0,0.17595556
795.0,795.0,0.49111888
796.0,796.0,0.032861236
797.0,797.0,0.042946093
798.0,798.0,0.15015556
799.0,799.0,0.1104637
800.0,800.0,0.20988515
801.0,801.0,0.19120532
802.0,802.0,0.035853665
803.0,803.0,0.22989315
804.0,804.0,0.15114346
805.0,805.0,0.28844163
806.0,806.0,0.2145849
807.0,807.0,0.36768755
808.0,808.0,0.34089786
809.0,809.0,0.2185508
810.0,810.0,0.35168043
811.0,811.0,0.25172046
812.0,812.0,0.0012939895
813.0,813.0,0.08207739
814.0,814.0,0.010946178
815.0,815.0,0.3096516
816.0,816.0,0.1442521
817.0,817.0,0.13986692
818.0,818.0,0.08691521
819.0,819.0,0.42462847
820.0,820.0,0.2533606
821.0,821.0,0.29139072
822.0,822.0,0.40692604
823.0,823.0,0.09990298
824.0,824.0,0.62276685
825.0,825.0,0.08376526
826.0,826.0,0.048906717
827.0,827.0,0.039909143
828.0,828.0,0.06721571
829.0,829.0,0.2321383
830.0,830.0,0.26207328
831.0,831.0,0.15288074
832.0,832.0,0.48531336
833.0,833.0,0.0026975307
834.0,834.0,0.16485605
835.0,835.0,0.053789776
836.0,836.0,0.12952746
837.0,837.0,0.035674166
838.0,838.0,0.1702662
839.0,839.0,0.17893964
840.0,840.0,0.16882987
841.0,841.0,0.22303079
842.0,842.0,0.16313407
843.0,843.0,0.45955887
844.0,844.0,0.11799869
845.0,845.0,0.1295444
846.0,846.0,0.41037267
847.0,847.0,0.097216
848.0,848.0,0.19852886
849.0,849.0,0.101470046
850.0,850.0,0.046518218
851.0,851.0,0.17186047
852.0,852.0,0.15574151
853.0,853.0,0.29706678
854.0,854.0,0.22361663
855.0,855.0,0.33295423
856.0,856.0,0.083930776
857.0,857.0,0.1117099
858.0,858.0,0.13022606
859.0,859.0,0.037289113
860.0,860.0,0.10754964
861.0,861.0,0.15954202
862.0,862.0,0.3050059
863.0,863.0,0.23811316
864.0,864.0,0.035655335
865.0,865.0,0.16811582
866.0,866.0,0.068066604
867.0,867.0,0.21735954
868.0,868.0,0.059596587
869.0,869.0,0.151676
870.0,870.0,0.021550303
871.0,871.0,0.1657157
872.0,872.0,0.03305403
873.0,873.0,0.2538674
874.0,874.0,0.23883374
875.0,875.0,0.05513146
876.0,876.0,0.18128534
877.0,877.0,0.20746517
878.0,878.0,0.5813904
879.0,879.0,0.21310596
880.0,880.0,0.22127369
881.0,881.0,0.14826196
882.0,882.0,0.23358953
883.0,883.0,0.6903297
884.0,884.0,0.05353455
885.0,885.0,0.25858417
886.0,886.0,0.08492596
887.0,887.0,0.6900359
888.0,888.0,0.13482825
889.0,889.0,0.12208796
890.0,890.0,0.24203715
891.0,891.0,0.24438758
892.0,892.0,0.49453065
893.0,893.0,0.25108516
894.0,894.0,0.06344118
895.0,895.0,0.16998374
896.0,896.0,0.04218849
897.0,897.0,0.4431199
898.0,898.0,0.15668692
899.0,899.0,0.5151702
900.0,900.0,0.17050442
901.0,901.0,0.09345264
902.0,902.0,0.09845541
903.0,903.0,0.2329295
904.0,904.0,0.48266986
905.0,905.0,0.16722485
906.0,906.0,0.21272448
907.0,907.0,0.46207958
908.0,908.0,0.23816662
909.0,909.0,0.6016034
910.0,910.0,0.26163113
911.0,911.0,0.17198034
912.0,912.0,0.3724307
913.0,913.0,0.20928434
914.0,914.0,0.039268572
915.0,915.0,0.18511459
916.0,916.0,0.21271665
917.0,917.0,0.2469057
918.0,918.0,0.28151402
919.0,919.0,0.5836738
920.0,920.0,0.1280347
921.0,921.0,0.19464731
922.0,922.0,0.15633135
923.0,923.0,0.03810708
924.0,924.0,0.25779888
925.0,925.0,0.21302886
926.0,926.0,0.2254304
927.0,927.0,0.1166694
928.0,928.0,0.06011021
929.0,929.0,0.031213734
930.0,930.0,0.016738877
931.0,931.0,0.049606204
932.0,932.0,0.115133785
933.0,933.0,0.1860558
934.0,934.0,0.71294713
935.0,935.0,0.1198982
936.0,936.0,0.30023536
937.0,937.0,0.17687418
938.0,938.0,0.26530063
939.0,939.0,0.17779332
940.0,940.0,0.78018355
941.0,941.0,0.37549326
942.0,942.0,0.58730143
943.0,943.0,0.19194137
944.0,944.0,0.019331535
945.0,945.0,0.062342905
946.0,946.0,0.21338734
947.0,947.0,0.13349223
948.0,948.0,0.28607792
949.0,949.0,0.56982136
950.0,950.0,0.28408125
951.0,951.0,0.033547636
952.0,952.0,0.08513506
953.0,953.0,0.17305952
954.0,954.0,0.23992465
955.0,955.0,0.035929825
956.0,956.0,0.1993375
957.0,957.0,0.14134775
958.0,958.0,0.16592191
959.0,959.0,0.085268326
960.0,960.0,0.109087184
961.0,961.0,0.17632766
962.0,962.0,0.13321096
963.0,963.0,0.10888946
964.0,964.0,0.07922978
965.0,965.0,0.3781347
966.0,966.0,0.07473016
967.0,967.0,0.5143192
968.0,968.0,0.18587607
969.0,969.0,0.29575264
970.0,970.0,0.30020648
971.0,971.0,0.06721328
972.0,972.0,0.1434419
973.0,973.0,0.07523111
974.0,974.0,0.1764557
975.0,975.0,0.15701827
976.0,976.0,0.3174434
977.0,977.0,0.20170087
978.0,978.0,0.08269816
979.0,979.0,0.027320273
980.0,980.0,0.16291852
981.0,981.0,0.13426168
982.0,982.0,0.36097443
983.0,983.0,0.2037605
984.0,984.0,0.18791685
985.0,985.0,0.2942941
986.0,986.0,0.17736937
987.0,987.0,0.26062515
988.0,988.0,0.03469927
989.0,989.0,0.24710877
990.0,990.0,0.06516149
991.0,991.0,0.34821612
992.0,992.0,0.33475095
993.0,993.0,0.037005745
994.0,994.0,0.62069476
995.0,995.0,0.16353673
996.0,996.0,0.037985552
997.0,997.0,0.16059993
998.0,998.0,0.40788308
999.0,999.0,0.05736833
1000.0,1000.0,0.2212337
1001.0,1001.0,0.11487327
1002.0,1002.0,0.16493991
1003.0,1003.0,0.16603668
1004.0,1004.0,0.22768824
1005.0,1005.0,0.79885495
1006.0,1006.0,0.36685717
1007.0,1007.0,0.3456439
1008.0,1008.0,0.049152046
1009.0,1009.0,0.10786268
1010.0,1010.0,0.20595887
1011.0,1011.0,0.112205476
1012.0,1012.0,0.29150686
1013.0,1013.0,0.1789961
1014.0,1014.0,0.8133077
1015.0,1015.0,0.04383167
1016.0,1016.0,0.0470522
1017.0,1017.0,0.60089386
1018.0,1018.0,0.39698532
1019.0,1019.0,0.057815127
1020.0,1020.0,0.15313232
1021.0,1021.0,0.440785
1022.0,1022.0,0.74313074
1023.0,1023.0,0.34251416
1024.0,1024.0,0.0012868855
1025.0,1025.0,0.06003019
1026.0,1026.0,0.29523394
1027.0,1027.0,0.15819865
1028.0,1028.0,0.2326744
1029.0,1029.0,0.12819783
1030.0,1030.0,0.21798812
1031.0,1031.0,0.13737512
1032.0,1032.0,0.19946344
1033.0,1033.0,0.49500117
1034.0,1034.0,0.21516724
1035.0,1035.0,0.13455932
1036.0,1036.0,0.13621175
1037.0,1037.0,0.24554308
1038.0,1038.0,0.054081306
1039.0,1039.0,0.2129176
1040.0,1040.0,0.034064222
1041.0,1041.0,0.19828278
1042.0,1042.0,0.1520045
1043.0,1043.0,0.20702657
1044.0,1044.0,0.14036758
1045.0,1045.0,0.20929147
1046.0,1046.0,0.0699992
1047.0,1047.0,0.15937096
1048.0,1048.0,0.2722868
1049.0,1049.0,0.12748203
1050.0,1050.0,0.32040212
1051.0,1051.0,0.16342112
1052.0,1052.0,0.1537316
1053.0,1053.0,0.24740331
1054.0,1054.0,0.31086805
1055.0,1055.0,0.23086466
1056.0,1056.0,0.0013604544
1057.0,1057.0,0.05827349
1058.0,1058.0,0.57395124
1059.0,1059.0,0.07918617
1060.0,1060.0,0.050019935
1061.0,1061.0,0.12419063
1062.0,1062.0,0.016012626
1063.0,1063.0,0.2220225
1064.0,1064.0,0.025660982
1065.0,1065.0,0.4334687
1066.0,1066.0,0.21997209
1067.0,1067.0,0.23320815
1068.0,1068.0,0.50326365
1069.0,1069.0,0.05996253
1070.0,1070.0,0.448671
1071.0,1071.0,0.04520913
1072.0,1072.0,0.04230499
1073.0,1073.0,0.05441611
1074.0,1074.0,0.17022339
1075.0,1075.0,0.16399969
1076.0,1076.0,0.47433385
1077.0,1077.0,0.07295963
1078.0,1078.0,0.055251792
1079.0,1079.0,0.06577599
1080.0,1080.0,0.08118409
1081.0,1081.0,0.26024106
1082.0,1082.0,0.059405435
1083.0,1083.0,0.06347992
1084.0,1084.0,0.14598343
1085.0,1085.0,0.20522897
1086.0,1086.0,0.054536972
1087.0,1087.0,0.5321474
1088.0,1088.0,0.1742763
1089.0,1089.0,0.20893027
1090.0,1090.0,0.19943546
1091.0,1091.0,0.21198902
1092.0,1092.0,0.9148327
1093.0,1093.0,0.075992
1094.0,1094.0,0.036650304
1095.0,1095.0,0.077681825
1096.0,1096.0,0.049124647
1097.0,1097.0,0.16160156
1098.0,1098.0,0.24280615
1099.0,1099.0,0.70746195
1100.0,1100.0,0.17647722
1101.0,1101.0,0.11540759
1102.0,1102.0,0.20943578
1103.0,1103.0,0.3170235
1104.0,1104.0,0.24069503
1105.0,1105.0,0.09923372
1106.0,1106.0,0.21041973
1107.0,1107.0,0.15389524
1108.0,1108.0,0.043258943
1109.0,1109.0,0.19057979
1110.0,1110.0,0.035447598
1111.0,1111.0,0.09423431
1112.0,1112.0,0.03279729
1113.0,1113.0,0.37585387
1114.0,1114.0,0.60117304
1115.0,1115.0,0.17334992
1116.0,1116.0,0.01068392
1117.0,1117.0,0.20455424
1118.0,1118.0,0.58506846
1119.0,1119.0,0.1988169
1120.0,1120.0,0.21101408
1121.0,1121.0,0.19917949
1122.0,1122.0,0.16452457
1123.0,1123.0,0.42054516
1124.0,1124.0,0.17907639
1125.0,1125.0,0.054268114
1126.0,1126.0,0.74465775
1127.0,1127.0,0.26680815
1128.0,1128.0,0.08458579
1129.0,1129.0,0.19920023
1130.0,1130.0,0.1170584
1131.0,1131.0,0.10964856
1132.0,1132.0,0.293145
1133.0,1133.0,0.108390175
1134.0,1134.0,0.48936534
1135.0,1135.0,0.07520957
1136.0,1136.0,0.05518346
1137.0,1137.0,0.06046034
1138.0,1138.0,0.19550072
1139.0,1139.0,0.12848696
1140.0,1140.0,0.23416846
1141.0,1141.0,0.38560358
1142.0,1142.0,0.054438673
1143.0,1143.0,0.23450132
1144.0,1144.0,0.17648973
1145.0,1145.0,0.272502
1146.0,1146.0,0.19360632
1147.0,1147.0,0.4306263
1148.0,1148.0,0.18231517
1149.0,1149.0,0.09741691
1150.0,1150.0,0.03666494
1151.0,1151.0,0.062408313
1152.0,1152.0,0.013250498
1153.0,1153.0,0.37233645
1154.0,1154.0,0.4301833
1155.0,1155.0,0.055197094
1156.0,1156.0,0.17657776
1157.0,1157.0,0.16948421
1158.0,1158.0,0.13756011
1159.0,1159.0,0.19257075
1160.0,1160.0,0.3152012
1161.0,1161.0,0.13320379
1162.0,1162.0,0.20961536
1163.0,1163.0,0.21751422
1164.0,1164.0,0.058348786
1165.0,1165.0,0.18141927
1166.0,1166.0,0.29530418
1167.0,1167.0,0.7460369
1168.0,1168.0,0.051035065
1169.0,1169.0,0.5837521
1170.0,1170.0,0.05219753
1171.0,1171.0,0.42200086
1172.0,1172.0,0.27077708
1173.0,1173.0,0.17197064
1174.0,1174.0,0.05820328
1175.0,1175.0,0.1463655
1176.0,1176.0,0.117986426
1177.0,1177.0,0.11345295
1178.0,1178.0,0.25439978
1179.0,1179.0,0.256782
1180.0,1180.0,0.18714856
1181.0,1181.0,0.15263766
1182.0,1182.0,0.23478483
1183.0,1183.0,0.0685167
1184.0,1184.0,0.08862553
1185.0,1185.0,0.14259239
1186.0,1186.0,0.19212225
1187.0,1187.0,0.113159746
1188.0,1188.0,0.1648722
1189.0,1189.0,0.20643425
1190.0,1190.0,0.21911068
1191.0,1191.0,0.08028933
1192.0,1192.0,0.2548253
1193.0,1193.0,0.12114118
1194.0,1194.0,0.15319295
1195.0,1195.0,0.19545616
1196.0,1196.0,0.3260518
1197.0,1197.0,0.34611705
1198.0,1198.0,0.3934844
1199.0,1199.0,0.14088507
1200.0,1200.0,0.41967285
1201.0,1201.0,0.047022574
1202.0,1202.0,0.10364663
1203.0,1203.0,0.21653116
1204.0,1204.0,0.1948986
1205.0,1205.0,0.590501
1206.0,1206.0,0.054890595
1207.0,1207.0,0.11650149
1208.0,1208.0,0.8219049
1209.0,1209.0,0.16109404
1210.0,1210.0,0.23388875
1211.0,1211.0,0.23925646
1212.0,1212.0,0.473579
1213.0,1213.0,0.119337864
1214.0,1214.0,0.20482509
1215.0,1215.0,0.023447927
1216.0,1216.0,0.30492392
1217.0,1217.0,0.03041726
1218.0,1218.0,0.031708572
1219.0,1219.0,0.16845782
1220.0,1220.0,0.2034892
1221.0,1221.0,0.18937288
1222.0,1222.0,0.25452262
1223.0,1223.0,0.75828487
1224.0,1224.0,0.06554062
1225.0,1225.0,0.4545296
1226.0,1226.0,0.5484368
1227.0,1227.0,0.16007818
1228.0,1228.0,0.072718665
1229.0,1229.0,0.5115032
1230.0,1230.0,0.17886919
1231.0,1231.0,0.22208034
1232.0,1232.0,0.3177698
1233.0,1233.0,0.10481583
1234.0,1234.0,0.05065199
1235.0,1235.0,0.10203568
1236.0,1236.0,0.15696774
1237.0,1237.0,0.1801724
1238.0,1238.0,0.14310397
1239.0,1239.0,0.07272201
1240.0,1240.0,0.031387027
1241.0,1241.0,0.03435953
1242.0,1242.0,0.30929518
1243.0,1243.0,0.036508486
1244.0,1244.0,0.05436067
1245.0,1245.0,0.021276282
1246.0,1246.0,0.26585248
1247.0,1247.0,0.028253017
1248.0,1248.0,0.33472154
1249.0,1249.0,0.34293377
1250.0,1250.0,0.07990697
1251.0,1251.0,0.35813105
1252.0,1252.0,0.04285423
1253.0,1253.0,0.026943803
1254.0,1254.0,0.42830625
1255.0,1255.0,0.04499133
1256.0,1256.0,0.18336375
1257.0,1257.0,0.21006249
1258.0,1258.0,0.3467816
1259.0,1259.0,0.060120028
1260.0,1260.0,0.13520102
1261.0,1261.0,0.035558477
1262.0,1262.0,0.17443801
1263.0,1263.0,0.16344005
1264.0,1264.0,0.19896953
1265.0,1265.0,0.14156947
1266.0,1266.0,0.6191321
1267.0,1267.0,0.042650986
1268.0,1268.0,0.6006895
1269.0,1269.0,0.08688406
1270.0,1270.0,0.13492303
1271.0,1271.0,0.29310435
1272.0,1272.0,0.20805147
1273.0,1273.0,0.5112875
1274.0,1274.0,0.12004795
1275.0,1275.0,0.18813725
1276.0,1276.0,0.22294568
1277.0,1277.0,0.05237021
1278.0,1278.0,0.35259768
1279.0,1279.0,0.40349633
1280.0,1280.0,0.55138373
1281.0,1281.0,0.118271194
1282.0,1282.0,0.2761761
1283.0,1283.0,0.05882181
1284.0,1284.0,0.19572783
1285.0,1285.0,0.08944345
1286.0,1286.0,0.25126356
1287.0,1287.0,0.22856465
1288.0,1288.0,0.1520985
1289.0,1289.0,0.28848532
1290.0,1290.0,0.28469253
1291.0,1291.0,0.16720337
1292.0,1292.0,0.09069032
1293.0,1293.0,0.16588399
1294.0,1294.0,0.24317487
1295.0,1295.0,0.2072671
1296.0,1296.0,0.7436432
1297.0,1297.0,0.21268676
1298.0,1298.0,0.1618275
1299.0,1299.0,0.17538726
1300.0,1300.0,0.2101902
1301.0,1301.0,0.23557098
1302.0,1302.0,0.45916232
1303.0,1303.0,0.2709312
1304.0,1304.0,0.17990993
1305.0,1305.0,0.023198755
1306.0,1306.0,0.15356185
1307.0,1307.0,0.13426559
1308.0,1308.0,0.09786708
1309.0,1309.0,0.16506256
1310.0,1310.0,0.18982154
1311.0,1311.0,0.2580076
1312.0,1312.0,0.30991253
1313.0,1313.0,0.07235366
1314.0,1314.0,0.25021765
1315.0,1315.0,0.103710875
1316.0,1316.0,0.5543253
1317.0,1317.0,0.21604578
1318.0,1318.0,0.6185246
1319.0,1319.0,0.21246964
1320.0,1320.0,0.41500062
1321.0,1321.0,0.12051116
1322.0,1322.0,0.28081164
1323.0,1323.0,0.2243294
1324.0,1324.0,0.13941768
1325.0,1325.0,0.22715804
1326.0,1326.0,0.1623928
1327.0,1327.0,0.355523
1328.0,1328.0,0.068340436
1329.0,1329.0,0.06500178
1330.0,1330.0,0.2177458
1331.0,1331.0,0.36524948
1332.0,1332.0,0.35029072
1333.0,1333.0,0.25356975
1334.0,1334.0,0.04515888
1335.0,1335.0,0.18798108
1336.0,1336.0,0.21070907
1337.0,1337.0,0.15959843
1338.0,1338.0,0.2801951
1339.0,1339.0,0.31496984
1340.0,1340.0,0.15888879
1341.0,1341.0,0.060206078
1342.0,1342.0,0.5204334
1343.0,1343.0,0.41630143
1344.0,1344.0,0.16149235
1345.0,1345.0,0.6777759
1346.0,1346.0,0.42011222
1347.0,1347.0,0.0013019366
1348.0,1348.0,0.3381813
1349.0,1349.0,0.059197523
1350.0,1350.0,0.19249468
1351.0,1351.0,0.050303772
1352.0,1352.0,0.2492242
1353.0,1353.0,0.28445384
1354.0,1354.0,0.078720264
1355.0,1355.0,0.6677723
1356.0,1356.0,0.4334393
1357.0,1357.0,0.054374684
1358.0,1358.0,0.29304847
1359.0,1359.0,0.22086415
1360.0,1360.0,0.025619688
1361.0,1361.0,0.040596016
1362.0,1362.0,0.18431358
1363.0,1363.0,0.18188688
1364.0,1364.0,0.25520468
1365.0,1365.0,0.22265255
1366.0,1366.0,0.16769405
1367.0,1367.0,0.14371833
1368.0,1368.0,0.16443488
1369.0,1369.0,0.08882659
1370.0,1370.0,0.0785386
1371.0,1371.0,0.2857129
1372.0,1372.0,0.4629444
1373.0,1373.0,0.15096249
1374.0,1374.0,0.07338164
1375.0,1375.0,0.12332869
1376.0,1376.0,0.23500496
1377.0,1377.0,0.44567332
1378.0,1378.0,0.04927629
1379.0,1379.0,0.034361295
1380.0,1380.0,0.265876
1381.0,1381.0,0.13278058
1382.0,1382.0,0.1362486
1383.0,1383.0,0.44626528
1384.0,1384.0,0.02900031
1385.0,1385.0,0.18186583
1386.0,1386.0,0.5319436
1387.0,1387.0,0.06830454
1388.0,1388.0,0.29285252
1389.0,1389.0,0.17236009
1390.0,1390.0,0.22849256
1391.0,1391.0,0.20327562
1392.0,1392.0,0.22292754
1393.0,1393.0,0.15345258
1394.0,1394.0,0.22963566
1395.0,1395.0,0.24554017
1396.0,1396.0,0.03957591
1397.0,1397.0,0.24386452
1398.0,1398.0,0.27886775
1399.0,1399.0,0.05183501
1400.0,1400.0,0.26827455
1401.0,1401.0,0.25877175
1402.0,1402.0,0.17719956
1403.0,1403.0,0.25242755
1404.0,1404.0,0.12217832
1405.0,1405.0,0.6855826
1406.0,1406.0,0.61151475
1407.0,1407.0,0.15041608
1408.0,1408.0,0.1523793
1409.0,1409.0,0.17943878
1410.0,1410.0,0.60983264
1411.0,1411.0,0.11070297
1412.0,1412.0,0.34133974
1413.0,1413.0,0.23411533
1414.0,1414.0,0.21195415
1415.0,1415.0,0.34729266
1416.0,1416.0,0.25316092
1417.0,1417.0,0.3364036
1418.0,1418.0,0.23205847
1419.0,1419.0,0.32154238
1420.0,1420.0,0.047783945
1421.0,1421.0,0.27931902
1422.0,1422.0,0.22443385
1423.0,1423.0,0.49348775
1424.0,1424.0,0.025109664
1425.0,1425.0,0.724891
1426.0,1426.0,0.10294401
1427.0,1427.0,0.547121
1428.0,1428.0,0.19084553
1429.0,1429.0,0.16986662
1430.0,1430.0,0.34541807
1431.0,1431.0,0.7598614
1432.0,1432.0,0.061421074
1433.0,1433.0,0.24861656
1434.0,1434.0,0.17419289
1435.0,1435.0,0.20948933
1436.0,1436.0,0.19253787
1437.0,1437.0,0.14498931
1438.0,1438.0,0.2238504
1439.0,1439.0,0.092461
1440.0,1440.0,0.23006876
1441.0,1441.0,0.37769395
1442.0,1442.0,0.4244773
1443.0,1443.0,0.07627494
1444.0,1444.0,0.31216994
1445.0,1445.0,0.1359078
1446.0,1446.0,0.25892162
1447.0,1447.0,0.024687013
1448.0,1448.0,0.23524287
1449.0,1449.0,0.20775275
1450.0,1450.0,0.09497952
1451.0,1451.0,0.20339909
1452.0,1452.0,0.054715052
1453.0,1453.0,0.29834357
1454.0,1454.0,0.22327068
1455.0,1455.0,0.1735941
1456.0,1456.0,0.57593656
1457.0,1457.0,0.15590458
1458.0,1458.0,0.09646292
1459.0,1459.0,0.74734807
1460.0,1460.0,0.18229108
1461.0,1461.0,0.13328932
1462.0,1462.0,0.056029838
1463.0,1463.0,0.06618596
1464.0,1464.0,0.2209758
1465.0,1465.0,0.21276782
1466.0,1466.0,0.16224293
1467.0,1467.0,0.06664551
1468.0,1468.0,0.17351156
1469.0,1469.0,0.52213615
1470.0,1470.0,0.19068408
1471.0,1471.0,0.19532712
1472.0,1472.0,0.2636306
1473.0,1473.0,0.19902788
1474.0,1474.0,0.4249954
1475.0,1475.0,0.059457578
1476.0,1476.0,0.19934237
1477.0,1477.0,0.07049856
1478.0,1478.0,0.011515251
1479.0,1479.0,0.21538185
1480.0,1480.0,0.34114927
1481.0,1481.0,0.045287505
1482.0,1482.0,0.18222842
1483.0,1483.0,0.16047536
1484.0,1484.0,0.20440416
1485.0,1485.0,0.025717799
1486.0,1486.0,0.46745265
1487.0,1487.0,0.17740162
1488.0,1488.0,0.29635957
1489.0,1489.0,0.59661955
1490.0,1490.0,0.22031868
1491.0,1491.0,0.5239039
1492.0,1492.0,0.21353051
1493.0,1493.0,1.4087312E-4
1494.0,1494.0,0.032244574
1495.0,1495.0,0.17386653
1496.0,1496.0,0.11660488
1497.0,1497.0,0.2460359
1498.0,1498.0,0.14786437
1499.0,1499.0,9.3153236E-4
1500.0,1500.0,0.48507825
1501.0,1501.0,0.053607043
1502.0,1502.0,0.58324385
1503.0,1503.0,0.564034
1504.0,1504.0,0.13477181
1505.0,1505.0,0.184966
1506.0,1506.0,0.3680129
1507.0,1507.0,0.17489444
1508.0,1508.0,0.49097952
1509.0,1509.0,0.18220736
1510.0,1510.0,0.05341498
1511.0,1511.0,0.21291105
1512.0,1512.0,0.18063414
1513.0,1513.0,0.24215616
1514.0,1514.0,0.2254095
1515.0,1515.0,0.18404679
1516.0,1516.0,0.43705475
1517.0,1517.0,0.5813629
1518.0,1518.0,0.21561795
1519.0,1519.0,0.3191002
1520.0,1520.0,0.23999509
1521.0,1521.0,0.25690243
1522.0,1522.0,0.31386593
1523.0,1523.0,0.2023328
1524.0,1524.0,0.64414513
1525.0,1525.0,0.23534594
1526.0,1526.0,0.04807053
1527.0,1527.0,0.19154002
1528.0,1528.0,0.03978129
1529.0,1529.0,0.023499167
1530.0,1530.0,0.0406723
1531.0,1531.0,0.1406848
1532.0,1532.0,0.09589833
1533.0,1533.0,0.23745783
1534.0,1534.0,0.5921538
1535.0,1535.0,0.32507983
1536.0,1536.0,0.20553628
1537.0,1537.0,0.11275381
1538.0,1538.0,0.15295513
1539.0,1539.0,0.05502233
1540.0,1540.0,0.64926344
1541.0,1541.0,0.11641016
1542.0,1542.0,0.25389042
1543.0,1543.0,0.16049452
1544.0,1544.0,0.13506173
1545.0,1545.0,0.069379486
1546.0,1546.0,0.30016485
1547.0,1547.0,0.18331575
1548.0,1548.0,0.29135737
1549.0,1549.0,0.45403966
1550.0,1550.0,0.020797085
1551.0,1551.0,0.15746461
1552.0,1552.0,0.028772198
1553.0,1553.0,0.08464492
1554.0,1554.0,0.1424818
1555.0,1555.0,0.78669316
1556.0,1556.0,0.15550847
1557.0,1557.0,0.55958194
1558.0,1558.0,0.25309667
1559.0,1559.0,0.06046214
1560.0,1560.0,0.20278089
1561.0,1561.0,0.25284466
1562.0,1562.0,0.49403435
1563.0,1563.0,0.6557815
1564.0,1564.0,0.20484424
1565.0,1565.0,0.44608122
1566.0,1566.0,0.33859223
1567.0,1567.0,0.040818457
1568.0,1568.0,0.57205784
1569.0,1569.0,0.2403262
1570.0,1570.0,0.06641101
1571.0,1571.0,0.15169482
1572.0,1572.0,0.17548406
1573.0,1573.0,0.024063196
1574.0,1574.0,0.29199424
1575.0,1575.0,0.112620875
1576.0,1576.0,0.37592536
1577.0,1577.0,0.15810494
1578.0,1578.0,0.037636954
1579.0,1579.0,0.38313
1580.0,1580.0,0.06661496
1581.0,1581.0,0.177772
1582.0,1582.0,0.18103975
1583.0,1583.0,0.20222801
1584.0,1584.0,0.14123082
1585.0,1585.0,0.18676983
1586.0,1586.0,0.23331915
1587.0,1587.0,0.16703948
1588.0,1588.0,0.049220726
1589.0,1589.0,0.72095
1590.0,1590.0,0.2202704
1591.0,1591.0,0.043890342
1592.0,1592.0,0.13246861
1593.0,1593.0,0.60639423
1594.0,1594.0,0.3401665
1595.0,1595.0,0.31571296
1596.0,1596.0,0.12489553
1597.0,1597.0,0.07186442
1598.0,1598.0,0.19216962
1599.0,1599.0,0.19184995
1600.0,1600.0,0.2777127
1601.0,1601.0,0.18396325
1602.0,1602.0,0.3083779
1603.0,1603.0,0.5644535
1604.0,1604.0,0.030904364
1605.0,1605.0,0.47285685
1606.0,1606.0,0.11819053
1607.0,1607.0,0.04980576
1608.0,1608.0,0.12453425
1609.0,1609.0,0.05104759
1610.0,1610.0,0.113470994
1611.0,1611.0,0.7437255
1612.0,1612.0,0.08603468
1613.0,1613.0,0.23443756
1614.0,1614.0,0.14605638
1615.0,1615.0,0.26342526
1616.0,1616.0,0.2054347
1617.0,1617.0,0.5618655
1618.0,1618.0,0.06483251
1619.0,1619.0,0.16933115
1620.0,1620.0,0.027730975
1621.0,1621.0,0.060718827
1622.0,1622.0,0.043440174
1623.0,1623.0,0.062456496
1624.0,1624.0,0.06691132
1625.0,1625.0,0.16178879
1626.0,1626.0,0.056239888
1627.0,1627.0,0.45735118
1628.0,1628.0,0.25844818
1629.0,1629.0,0.12412486
1630.0,1630.0,0.05900799
1631.0,1631.0,0.11497302
1632.0,1632.0,0.045254048
1633.0,1633.0,0.12017357
1634.0,1634.0,0.22929929
1635.0,1635.0,0.35544255
1636.0,1636.0,0.05084874
1637.0,1637.0,0.13970761
1638.0,1638.0,0.21531944
1639.0,1639.0,0.015851175
1640.0,1640.0,0.034708656
1641.0,1641.0,0.05714823
1642.0,1642.0,0.2771922
1643.0,1643.0,0.064031295
1644.0,1644.0,0.024620306
1645.0,1645.0,0.35543975
1646.0,1646.0,0.04870944
1647.0,1647.0,0.04669618
1648.0,1648.0,0.13030635
1649.0,1649.0,0.15795238
1650.0,1650.0,0.25900024
1651.0,1651.0,0.11739342
1652.0,1652.0,0.112845704
1653.0,1653.0,0.16462155
1654.0,1654.0,0.1754325
1655.0,1655.0,0.019251402
1656.0,1656.0,0.017373048
1657.0,1657.0,0.04718725
1658.0,1658.0,0.27870184
1659.0,1659.0,0.78275573
1660.0,1660.0,0.38930577
1661.0,1661.0,0.8166268
1662.0,1662.0,0.39031684
1663.0,1663.0,0.73132604
1664.0,1664.0,0.14622332
1665.0,1665.0,0.44741014
1666.0,1666.0,0.33212298
1667.0,1667.0,0.1413547
1668.0,1668.0,0.3481482
1669.0,1669.0,0.1755055
1670.0,1670.0,0.16690592
1671.0,1671.0,0.57267296
1672.0,1672.0,0.042241987
1673.0,1673.0,0.13579543
1674.0,1674.0,0.19121183
1675.0,1675.0,0.26244947
1676.0,1676.0,0.0799172
1677.0,1677.0,1.0825695E-4
1678.0,1678.0,0.0962251
1679.0,1679.0,0.20988575
1680.0,1680.0,0.24260904
1681.0,1681.0,0.30237758
1682.0,1682.0,0.3818574
1683.0,1683.0,0.18925601
1684.0,1684.0,0.18008542
1685.0,1685.0,0.23054416
1686.0,1686.0,0.4557286
1687.0,1687.0,0.12151265
1688.0,1688.0,0.13302213
1689.0,1689.0,0.22691372
1690.0,1690.0,0.22782652
1691.0,1691.0,0.076024316
1692.0,1692.0,0.024000686
1693.0,1693.0,0.18771592
1694.0,1694.0,0.22322728
1695.0,1695.0,0.20473716
1696.0,1696.0,1.4884605E-4
1697.0,1697.0,0.22360468
1698.0,1698.0,0.18148293
1699.0,1699.0,0.18466035
1700.0,1700.0,0.14072895
1701.0,1701.0,0.6639133
1702.0,1702.0,0.16767894
1703.0,1703.0,0.10527906
1704.0,1704.0,0.25073013
1705.0,1705.0,0.27695185
1706.0,1706.0,0.16718765
1707.0,1707.0,0.6451985
1708.0,1708.0,0.3665335
1709.0,1709.0,0.04723711
1710.0,1710.0,0.13266137
1711.0,1711.0,0.742276
1712.0,1712.0,0.05485813
1713.0,1713.0,0.16847512
1714.0,1714.0,0.5102168
1715.0,1715.0,0.11325456
1716.0,1716.0,0.35382923
1717.0,1717.0,0.23503926
1718.0,1718.0,0.2505874
1719.0,1719.0,0.22576363
1720.0,1720.0,0.18808337
1721.0,1721.0,0.038850106
1722.0,1722.0,0.10753828
1723.0,1723.0,1.3920374E-4
1724.0,1724.0,0.26586714
1725.0,1725.0,0.17246297
1726.0,1726.0,0.08782368
1727.0,1727.0,0.02736322
1728.0,1728.0,0.04284113
1729.0,1729.0,0.046103753
1730.0,1730.0,0.1284097
1731.0,1731.0,0.25353798
1732.0,1732.0,0.10653284
1733.0,1733.0,0.3091619
1734.0,1734.0,0.17254768
1735.0,1735.0,1.0006323E-4
1736.0,1736.0,0.2178298
1737.0,1737.0,0.09494027
1738.0,1738.0,0.26661777
1739.0,1739.0,0.14601873
1740.0,1740.0,0.19671154
1741.0,1741.0,0.15481661
1742.0,1742.0,0.20134953
1743.0,1743.0,0.061742507
1744.0,1744.0,0.07113009
1745.0,1745.0,0.3759622
1746.0,1746.0,0.3779372
1747.0,1747.0,0.15108472
1748.0,1748.0,0.16802782
1749.0,1749.0,0.22639771
1750.0,1750.0,0.2701608
1751.0,1751.0,0.29009554
1752.0,1752.0,0.047878586
1753.0,1753.0,0.15672788
1754.0,1754.0,0.034873866
1755.0,1755.0,0.2125124
1756.0,1756.0,0.25499165
1757.0,1757.0,0.20455168
1758.0,1758.0,0.1351844
1759.0,1759.0,0.35972944
1760.0,1760.0,0.27949202
1761.0,1761.0,0.7452129
1762.0,1762.0,0.200911
1763.0,1763.0,0.12045745
1764.0,1764.0,0.35451823
1765.0,1765.0,0.05435998
1766.0,1766.0,0.44229135
1767.0,1767.0,0.038932804
1768.0,1768.0,0.32938057
1769.0,1769.0,0.5050905
1770.0,1770.0,0.047757115
1771.0,1771.0,0.25990614
1772.0,1772.0,0.23971567
1773.0,1773.0,0.20808728
1774.0,1774.0,0.29129824
1775.0,1775.0,0.40742412
1776.0,1776.0,0.09189685
1777.0,1777.0,0.22490977
1778.0,1778.0,0.26661804
1779.0,1779.0,0.56716835
1780.0,1780.0,0.3401227
1781.0,1781.0,0.047737375
1782.0,1782.0,0.25719613
1783.0,1783.0,0.5508294
1784.0,1784.0,0.15213235
1785.0,1785.0,0.18197162
1786.0,1786.0,0.14875807
1787.0,1787.0,0.048825964
1788.0,1788.0,0.46757305
1789.0,1789.0,0.14696203
1790.0,1790.0,0.34708273
1791.0,1791.0,0.034634005
1792.0,1792.0,0.6683717
1793.0,1793.0,0.17207752
1794.0,1794.0,0.20996828
1795.0,1795.0,0.24091198
1796.0,1796.0,0.09242332
1797.0,1797.0,0.42217177
1798.0,1798.0,0.22945012
1799.0,1799.0,0.56645644
1800.0,1800.0,0.2986749
1801.0,1801.0,0.062419847
1802.0,1802.0,0.20228195
1803.0,1803.0,0.5529494
1804.0,1804.0,0.21708168
1805.0,1805.0,0.11682184
1806.0,1806.0,0.42253262
1807.0,1807.0,0.08917971
1808.0,1808.0,0.09401979
1809.0,1809.0,0.0795354
1810.0,1810.0,0.31585333
1811.0,1811.0,0.70507705
1812.0,1812.0,0.38214257
1813.0,1813.0,0.41900998
1814.0,1814.0,0.47861132
1815.0,1815.0,0.2857983
1816.0,1816.0,0.21115194
1817.0,1817.0,0.36518696
1818.0,1818.0,0.16012874
1819.0,1819.0,0.5722227
1820.0,1820.0,0.30507725
1821.0,1821.0,0.22771601
1822.0,1822.0,0.23670805
1823.0,1823.0,0.067490146
1824.0,1824.0,0.20631944
1825.0,1825.0,0.09071328
1826.0,1826.0,0.589664
1827.0,1827.0,0.20115305
1828.0,1828.0,0.46220353
1829.0,1829.0,0.150729
1830.0,1830.0,0.5858096
1831.0,1831.0,0.1589531
1832.0,1832.0,0.22867098
1833.0,1833.0,0.4077817
1834.0,1834.0,0.08869619
1835.0,1835.0,0.055509426
1836.0,1836.0,0.13323246
1837.0,1837.0,0.5996356
1838.0,1838.0,0.26018944
1839.0,1839.0,0.762165
1840.0,1840.0,0.34795913
1841.0,1841.0,0.017178249
1842.0,1842.0,0.09423169
1843.0,1843.0,0.2950577
1844.0,1844.0,0.26544884
1845.0,1845.0,0.6822111
1846.0,1846.0,0.0012929811
1847.0,1847.0,0.056002688
1848.0,1848.0,0.13286678
1849.0,1849.0,0.22706844
1850.0,1850.0,0.24263316
1851.0,1851.0,0.88887125
1852.0,1852.0,0.4993811
1853.0,1853.0,0.23540723
1854.0,1854.0,0.5010209
1855.0,1855.0,0.0012543948
1856.0,1856.0,0.19282128
1857.0,1857.0,0.020051926
1858.0,1858.0,0.2196813
1859.0,1859.0,0.18370189
1860.0,1860.0,0.39087042
1861.0,1861.0,0.5851399
1862.0,1862.0,0.22021545
1863.0,1863.0,0.09664966
1864.0,1864.0,0.1121458
1865.0,1865.0,0.30579332
1866.0,1866.0,0.22521013
1867.0,1867.0,0.1280777
1868.0,1868.0,0.21461402
1869.0,1869.0,0.17786461
1870.0,1870.0,0.39268422
1871.0,1871.0,0.38137954
1872.0,1872.0,0.3119956
1873.0,1873.0,0.22522487
1874.0,1874.0,0.16660742
1875.0,1875.0,0.055233885
1876.0,1876.0,0.016121687
1877.0,1877.0,0.09924504
1878.0,1878.0,0.19223732
1879.0,1879.0,0.12750416
1880.0,1880.0,0.42605916
1881.0,1881.0,0.5174102
1882.0,1882.0,0.35350618
1883.0,1883.0,0.1868793
1884.0,1884.0,0.14577396
1885.0,1885.0,0.03994073
1886.0,1886.0,0.44900027
1887.0,1887.0,0.47023115
1888.0,1888.0,0.07391523
1889.0,1889.0,0.15274234
1890.0,1890.0,0.24758281
1891.0,1891.0,0.15579717
1892.0,1892.0,0.7167581
1893.0,1893.0,0.56026965
1894.0,1894.0,0.51529473
1895.0,1895.0,0.16633053
1896.0,1896.0,0.36696327
1897.0,1897.0,0.27975276
1898.0,1898.0,0.21168378
1899.0,1899.0,0.055432636
1900.0,1900.0,0.20628102
1901.0,1901.0,0.6349653
1902.0,1902.0,0.46858957
1903.0,1903.0,0.19631377
1904.0,1904.0,0.19461875
1905.0,1905.0,0.17847177
1906.0,1906.0,0.0686233
1907.0,1907.0,0.10810517
1908.0,1908.0,0.18419452
1909.0,1909.0,0.25126413
1910.0,1910.0,0.24999544
1911.0,1911.0,0.16469914
1912.0,1912.0,0.1678889
1913.0,1913.0,0.30948207
1914.0,1914.0,0.16840716
1915.0,1915.0,0.26130953
1916.0,1916.0,0.47264048
1917.0,1917.0,0.20230496
1918.0,1918.0,0.29374006
1919.0,1919.0,0.26730433
1920.0,1920.0,0.41579863
1921.0,1921.0,0.24614242
1922.0,1922.0,0.16403718
1923.0,1923.0,0.17481227
1924.0,1924.0,0.053313863
1925.0,1925.0,0.11756375
1926.0,1926.0,0.1815819
1927.0,1927.0,0.35796815
1928.0,1928.0,0.096069805
1929.0,1929.0,0.049188305
1930.0,1930.0,0.34099257
1931.0,1931.0,0.05899545
1932.0,1932.0,0.116892055
1933.0,1933.0,0.04509113
1934.0,1934.0,0.053246688
1935.0,1935.0,0.16941737
1936.0,1936.0,0.25194752
1937.0,1937.0,0.085112184
1938.0,1938.0,0.16358216
1939.0,1939.0,0.13377213
1940.0,1940.0,0.2039762
1941.0,1941.0,0.27857894
1942.0,1942.0,0.098904766
1943.0,1943.0,0.24572723
1944.0,1944.0,0.2263697
1945.0,1945.0,0.03263518
1946.0,1946.0,0.016845113
1947.0,1947.0,0.16559917
1948.0,1948.0,0.04271912
1949.0,1949.0,0.70996684
1950.0,1950.0,0.62671006
1951.0,1951.0,0.31414387
1952.0,1952.0,0.2672938
1953.0,1953.0,0.09089115
1954.0,1954.0,0.9270662
1955.0,1955.0,0.14826566
1956.0,1956.0,0.9147763
1957.0,1957.0,0.22953744
1958.0,1958.0,0.37069368
1959.0,1959.0,0.035232008
1960.0,1960.0,0.64576864
1961.0,1961.0,0.14816758
1962.0,1962.0,0.2877614
1963.0,1963.0,0.0241144
1964.0,1964.0,0.23096283
1965.0,1965.0,0.12889843
1966.0,1966.0,0.30147797
1967.0,1967.0,0.13512085
1968.0,1968.0,0.21541435
1969.0,1969.0,0.1307417
1970.0,1970.0,0.34185827
1971.0,1971.0,0.04851954
1972.0,1972.0,0.03563369
1973.0,1973.0,0.73975605
1974.0,1974.0,0.28521144
1975.0,1975.0,0.06436919
1976.0,1976.0,0.0872543
1977.0,1977.0,0.19481924
1978.0,1978.0,0.22312818
1979.0,1979.0,0.22113314
1980.0,1980.0,0.078112535
1981.0,1981.0,0.045613687
1982.0,1982.0,0.21433502
1983.0,1983.0,0.22115564
1984.0,1984.0,0.05773524
1985.0,1985.0,0.105808236
1986.0,1986.0,0.095744394
1987.0,1987.0,0.18600622
1988.0,1988.0,0.73305583
1989.0,1989.0,0.22192903
1990.0,1990.0,0.4747586
1991.0,1991.0,0.01743255
1992.0,1992.0,0.24203168
1993.0,1993.0,0.058126435
1994.0,1994.0,0.73413837
1995.0,1995.0,0.06276171
1996.0,1996.0,0.039969217
1997.0,1997.0,0.8364314
1998.0,1998.0,0.032733545
1999.0,1999.0,0.40269065
2000.0,2000.0,0.1706446
2001.0,2001.0,0.16834277
2002.0,2002.0,0.23381343
2003.0,2003.0,0.11578732
2004.0,2004.0,0.53131396
2005.0,2005.0,0.1377897
2006.0,2006.0,0.23124503
2007.0,2007.0,0.059026927
2008.0,2008.0,0.56747836
2009.0,2009.0,0.050397318
2010.0,2010.0,0.05953336
2011.0,2011.0,0.057593707
2012.0,2012.0,0.10092338
2013.0,2013.0,0.07821011
2014.0,2014.0,0.4184431
2015.0,2015.0,0.11422942
2016.0,2016.0,0.22150189
2017.0,2017.0,0.40979382
2018.0,2018.0,0.2334832
2019.0,2019.0,0.21695568
2020.0,2020.0,0.088494316
2021.0,2021.0,0.123081595
2022.0,2022.0,0.262525
2023.0,2023.0,0.32836938
2024.0,2024.0,0.34026298
2025.0,2025.0,0.39268848
2026.0,2026.0,0.40190896
2027.0,2027.0,0.27328464
2028.0,2028.0,0.06630356
2029.0,2029.0,0.13654822
2030.0,2030.0,0.5237648
2031.0,2031.0,0.42138034
2032.0,2032.0,0.116909385
2033.0,2033.0,0.028343948
2034.0,2034.0,0.20711565
2035.0,2035.0,0.26668492
2036.0,2036.0,0.014032862
2037.0,2037.0,0.040115565
2038.0,2038.0,0.21378858
2039.0,2039.0,0.23633744
2040.0,2040.0,0.18142353
2041.0,2041.0,0.22946051
2042.0,2042.0,0.19839288
2043.0,2043.0,0.32709125
2044.0,2044.0,0.143053
2045.0,2045.0,0.16146085
2046.0,2046.0,0.011176421
2047.0,2047.0,0.34321892
2048.0,2048.0,0.05297338
2049.0,2049.0,0.66050154
2050.0,2050.0,0.17882203
2051.0,2051.0,0.4502038
2052.0,2052.0,0.06829153
2053.0,2053.0,0.35953662
2054.0,2054.0,0.18492368
2055.0,2055.0,0.034149315
2056.0,2056.0,0.26007453
2057.0,2057.0,0.2925528
2058.0,2058.0,0.04084713
2059.0,2059.0,0.081829116
2060.0,2060.0,0.2727381
2061.0,2061.0,0.2576819
2062.0,2062.0,0.05053009
2063.0,2063.0,0.11271732
2064.0,2064.0,0.20236787
2065.0,2065.0,0.053853508
2066.0,2066.0,0.13205628
2067.0,2067.0,0.0012924939
2068.0,2068.0,0.21472088
2069.0,2069.0,0.019600792
2070.0,2070.0,0.3023986
2071.0,2071.0,0.045171097
2072.0,2072.0,0.15288192
2073.0,2073.0,0.42585868
2074.0,2074.0,0.15509036
2075.0,2075.0,0.11959961
2076.0,2076.0,0.20108995
2077.0,2077.0,0.2538826
2078.0,2078.0,0.14904124
2079.0,2079.0,0.12733951
2080.0,2080.0,0.030408852
2081.0,2081.0,0.12974548
2082.0,2082.0,0.29643622
2083.0,2083.0,0.20026939
2084.0,2084.0,0.029958857
2085.0,2085.0,0.24255359
2086.0,2086.0,0.7554835
2087.0,2087.0,0.22952047
2088.0,2088.0,0.056475803
2089.0,2089.0,0.3541248
2090.0,2090.0,0.17816779
2091.0,2091.0,0.26707497
2092.0,2092.0,0.5684479
2093.0,2093.0,0.066835254
2094.0,2094.0,0.1701974
2095.0,2095.0,0.12293155
2096.0,2096.0,0.020000916
2097.0,2097.0,0.18974459
2098.0,2098.0,0.12288216
2099.0,2099.0,0.17239986
2100.0,2100.0,0.043704778
2101.0,2101.0,0.0012155712
2102.0,2102.0,0.050318424
2103.0,2103.0,0.55964774
2104.0,2104.0,0.1851445
2105.0,2105.0,0.25343618
2106.0,2106.0,0.21432737
2107.0,2107.0,0.87494844
2108.0,2108.0,0.056418866
2109.0,2109.0,0.17497505
2110.0,2110.0,0.48881668
2111.0,2111.0,0.041452248
2112.0,2112.0,0.29321265
2113.0,2113.0,0.25148463
2114.0,2114.0,0.17954567
2115.0,2115.0,0.36050668
2116.0,2116.0,0.036638618
2117.0,2117.0,0.39125305
2118.0,2118.0,0.2507723
2119.0,2119.0,0.25198212
2120.0,2120.0,0.042004533
2121.0,2121.0,0.069936834
2122.0,2122.0,0.014341009
2123.0,2123.0,0.31171983
2124.0,2124.0,0.034856707
2125.0,2125.0,0.05671137
2126.0,2126.0,0.02411352
2127.0,2127.0,0.22638963
2128.0,2128.0,0.32384866
2129.0,2129.0,0.17907894
2130.0,2130.0,0.08553064
2131.0,2131.0,0.27588275
2132.0,2132.0,0.23027547
2133.0,2133.0,0.1645827
2134.0,2134.0,0.04289357
2135.0,2135.0,0.16361156
2136.0,2136.0,0.21213771
2137.0,2137.0,0.16110055
2138.0,2138.0,0.13051869
2139.0,2139.0,0.18826756
2140.0,2140.0,0.059825223
2141.0,2141.0,0.19110192
2142.0,2142.0,0.09967832
2143.0,2143.0,0.06669465
2144.0,2144.0,0.3566181
2145.0,2145.0,0.21034735
2146.0,2146.0,0.44011047
2147.0,2147.0,0.2406541
2148.0,2148.0,0.069818705
2149.0,2149.0,0.24712837
2150.0,2150.0,0.49962673
2151.0,2151.0,0.2577215
2152.0,2152.0,0.20892416
2153.0,2153.0,0.208513
2154.0,2154.0,0.22740303
2155.0,2155.0,0.17442177
2156.0,2156.0,0.17508207
2157.0,2157.0,0.18170023
2158.0,2158.0,0.17547956
2159.0,2159.0,0.14796643
2160.0,2160.0,0.07112534
2161.0,2161.0,0.3357049
2162.0,2162.0,0.07716454
2163.0,2163.0,0.07617809
2164.0,2164.0,0.63212365
2165.0,2165.0,0.33088583
2166.0,2166.0,0.1702439
2167.0,2167.0,0.03811442
2168.0,2168.0,0.1664331
2169.0,2169.0,0.12721005
2170.0,2170.0,0.022980388
2171.0,2171.0,0.054023728
2172.0,2172.0,0.3015082
2173.0,2173.0,0.29929924
2174.0,2174.0,0.061144106
2175.0,2175.0,0.43298253
2176.0,2176.0,0.19088286
2177.0,2177.0,0.23077567
2178.0,2178.0,0.22587103
2179.0,2179.0,0.7421257
2180.0,2180.0,0.057445858
2181.0,2181.0,0.048602615
2182.0,2182.0,0.3195713
2183.0,2183.0,0.5071139
2184.0,2184.0,0.084548526
2185.0,2185.0,0.22114205
2186.0,2186.0,0.35320386
2187.0,2187.0,0.74059725
2188.0,2188.0,0.109137945
2189.0,2189.0,0.3180125
2190.0,2190.0,0.39376348
2191.0,2191.0,0.09160603
2192.0,2192.0,0.14482687
2193.0,2193.0,0.32565245
2194.0,2194.0,0.6504653
2195.0,2195.0,0.040087357
2196.0,2196.0,0.30561957
2197.0,2197.0,0.21455908
2198.0,2198.0,0.33218047
2199.0,2199.0,0.29012117
2200.0,2200.0,0.091285035
2201.0,2201.0,0.03524536
2202.0,2202.0,0.12547502
2203.0,2203.0,0.0011618573
2204.0,2204.0,0.5430349
2205.0,2205.0,0.24763703
2206.0,2206.0,0.8401425
2207.0,2207.0,0.26964143
2208.0,2208.0,5.6139537E-4
2209.0,2209.0,0.2051282
2210.0,2210.0,0.09430838
2211.0,2211.0,0.27378
2212.0,2212.0,0.040369008
2213.0,2213.0,0.34672755
2214.0,2214.0,0.058906224
2215.0,2215.0,0.54424673
2216.0,2216.0,0.40767816
2217.0,2217.0,0.022317644
2218.0,2218.0,0.3877798
2219.0,2219.0,0.5847633
2220.0,2220.0,0.058250558
2221.0,2221.0,0.07989613
2222.0,2222.0,0.27075818
2223.0,2223.0,0.23404975
2224.0,2224.0,0.017671388
2225.0,2225.0,0.27991262
2226.0,2226.0,0.06036544
2227.0,2227.0,0.15350153
2228.0,2228.0,0.48206583
2229.0,2229.0,0.18280032
2230.0,2230.0,0.027949343
2231.0,2231.0,0.05484607
2232.0,2232.0,0.31243616
2233.0,2233.0,0.16757347
2234.0,2234.0,0.13399553
2235.0,2235.0,0.27853346
2236.0,2236.0,0.04327717
2237.0,2237.0,0.12949823
2238.0,2238.0,0.5721846
2239.0,2239.0,0.17587246
2240.0,2240.0,0.183282
2241.0,2241.0,0.023952015
2242.0,2242.0,0.08456107
2243.0,2243.0,0.16793019
2244.0,2244.0,0.49990547
2245.0,2245.0,0.019618643
2246.0,2246.0,0.28114244
2247.0,2247.0,0.49867874
2248.0,2248.0,0.48116645
2249.0,2249.0,0.12924506
2250.0,2250.0,0.22156821
2251.0,2251.0,0.07085073
2252.0,2252.0,0.058997188
2253.0,2253.0,0.05832165
2254.0,2254.0,0.22720386
2255.0,2255.0,0.13241874
2256.0,2256.0,0.045860827
2257.0,2257.0,0.031764884
2258.0,2258.0,0.044039033
2259.0,2259.0,0.018859446
2260.0,2260.0,0.16859034
2261.0,2261.0,0.03511013
2262.0,2262.0,0.17468107
2263.0,2263.0,0.29411292
2264.0,2264.0,0.08197451
2265.0,2265.0,0.031609066
2266.0,2266.0,0.19583735
2267.0,2267.0,0.47989458
2268.0,2268.0,0.06540424
2269.0,2269.0,0.29209432
2270.0,2270.0,0.30151242
2271.0,2271.0,0.16698673
2272.0,2272.0,0.19173937
2273.0,2273.0,0.068367876
2274.0,2274.0,0.26073346
2275.0,2275.0,0.21409333
2276.0,2276.0,0.6399326
2277.0,2277.0,0.20761532
2278.0,2278.0,0.20248121
2279.0,2279.0,0.14157297
2280.0,2280.0,0.074154414
2281.0,2281.0,0.017871192
2282.0,2282.0,0.22571382
2283.0,2283.0,0.23120111
2284.0,2284.0,0.2257187
2285.0,2285.0,0.1875769
2286.0,2286.0,0.15879048
2287.0,2287.0,0.025363732
2288.0,2288.0,0.05276963
2289.0,2289.0,0.5939136
2290.0,2290.0,0.44752908
2291.0,2291.0,0.20924659
2292.0,2292.0,0.18984331
2293.0,2293.0,0.2092745
2294.0,2294.0,0.58856285
2295.0,2295.0,0.6305991
2296.0,2296.0,0.2622888
2297.0,2297.0,0.238521
2298.0,2298.0,0.28672025
2299.0,2299.0,0.076479025
2300.0,2300.0,0.052833762
2301.0,2301.0,0.24687602
2302.0,2302.0,0.18772441
2303.0,2303.0,0.3283306
2304.0,2304.0,0.17078364
2305.0,2305.0,0.027568625
2306.0,2306.0,0.041594353
2307.0,2307.0,0.028217793
2308.0,2308.0,0.12755641
2309.0,2309.0,0.1735231
2310.0,2310.0,0.14520101
2311.0,2311.0,0.23416252
2312.0,2312.0,0.16840637
2313.0,2313.0,0.09132914
2314.0,2314.0,0.3262916
2315.0,2315.0,0.2240384
2316.0,2316.0,0.35395262
2317.0,2317.0,0.07875657
2318.0,2318.0,0.666319
2319.0,2319.0,0.2666524
2320.0,2320.0,0.017194755
2321.0,2321.0,0.10244802
2322.0,2322.0,0.14461385
2323.0,2323.0,0.5356346
2324.0,2324.0,0.0865016
2325.0,2325.0,0.056350093
2326.0,2326.0,0.4422993
2327.0,2327.0,0.39057457
2328.0,2328.0,0.55489665
2329.0,2329.0,0.24435419
2330.0,2330.0,0.43910328
2331.0,2331.0,0.06743728
2332.0,2332.0,0.15180154
2333.0,2333.0,0.23343807
2334.0,2334.0,0.20843951
2335.0,2335.0,0.5380358
2336.0,2336.0,0.24883486
2337.0,2337.0,0.21478808
2338.0,2338.0,0.14324664
2339.0,2339.0,0.2722634
2340.0,2340.0,0.05697626
2341.0,2341.0,0.3528494
2342.0,2342.0,0.15056741
2343.0,2343.0,0.30005094
2344.0,2344.0,0.23183987
2345.0,2345.0,0.32766393
2346.0,2346.0,0.06538109
2347.0,2347.0,0.20923446
2348.0,2348.0,0.086729765
2349.0,2349.0,0.63871413
2350.0,2350.0,0.21839058
2351.0,2351.0,0.07012767
2352.0,2352.0,0.16099082
2353.0,2353.0,0.046831816
2354.0,2354.0,0.24160227
2355.0,2355.0,0.07093179
2356.0,2356.0,0.16844244
2357.0,2357.0,0.3678787
2358.0,2358.0,0.20051785
2359.0,2359.0,0.06009919
2360.0,2360.0,0.3402691
2361.0,2361.0,0.48380682
2362.0,2362.0,0.018281506
2363.0,2363.0,0.21110171
2364.0,2364.0,0.2698851
2365.0,2365.0,0.041080926
2366.0,2366.0,0.16389294
2367.0,2367.0,0.14693084
2368.0,2368.0,0.1422725
2369.0,2369.0,0.2653211
2370.0,2370.0,0.08311395
2371.0,2371.0,0.22534059
2372.0,2372.0,0.022282008
2373.0,2373.0,0.22469552
2374.0,2374.0,0.25982866
2375.0,2375.0,0.21781597
2376.0,2376.0,0.27877456
2377.0,2377.0,0.07176288
2378.0,2378.0,0.0825596
2379.0,2379.0,0.17182264
2380.0,2380.0,0.192475
2381.0,2381.0,0.25466326
2382.0,2382.0,0.2512428
2383.0,2383.0,0.06004927
2384.0,2384.0,0.29315087
2385.0,2385.0,0.25196558
2386.0,2386.0,0.40900332
2387.0,2387.0,0.1291808
2388.0,2388.0,0.7013236
2389.0,2389.0,0.0873488
2390.0,2390.0,0.1721859
2391.0,2391.0,0.5350248
2392.0,2392.0,0.27776095
2393.0,2393.0,0.15661757
2394.0,2394.0,0.17824477
2395.0,2395.0,0.10846943
2396.0,2396.0,0.20768791
2397.0,2397.0,0.14281064
2398.0,2398.0,0.4029131
2399.0,2399.0,0.17442013
2400.0,2400.0,0.20475253
2401.0,2401.0,0.20431228
2402.0,2402.0,0.0706459
2403.0,2403.0,0.19821396
2404.0,2404.0,0.23581584
2405.0,2405.0,0.068350315
2406.0,2406.0,0.26551005
2407.0,2407.0,0.17066915
2408.0,2408.0,0.038519844
2409.0,2409.0,0.194389
2410.0,2410.0,0.15570456
2411.0,2411.0,0.13370503
2412.0,2412.0,0.053668793
2413.0,2413.0,0.18180151
2414.0,2414.0,0.14992632
2415.0,2415.0,0.42416435
2416.0,2416.0,0.041102618
2417.0,2417.0,0.28879088
2418.0,2418.0,0.16745973
2419.0,2419.0,0.39907306
2420.0,2420.0,0.16038051
2421.0,2421.0,0.2303346
2422.0,2422.0,0.6583564
2423.0,2423.0,0.21492952
2424.0,2424.0,0.100537226
2425.0,2425.0,0.18204565
2426.0,2426.0,0.27593622
2427.0,2427.0,0.06757564
2428.0,2428.0,0.15961431
2429.0,2429.0,0.048006948
2430.0,2430.0,0.32882008
2431.0,2431.0,0.2812553
2432.0,2432.0,0.14483038
2433.0,2433.0,0.051414672
2434.0,2434.0,0.1436306
2435.0,2435.0,0.327755
2436.0,2436.0,0.19162226
2437.0,2437.0,0.067940176
2438.0,2438.0,0.17043643
2439.0,2439.0,0.6242502
2440.0,2440.0,0.13317728
2441.0,2441.0,0.39071774
2442.0,2442.0,0.570274
2443.0,2443.0,0.41192493
2444.0,2444.0,0.19703984
2445.0,2445.0,0.14465533
2446.0,2446.0,0.26594985
2447.0,2447.0,0.29038623
2448.0,2448.0,0.6417474
2449.0,2449.0,0.14790255
2450.0,2450.0,0.0386701
2451.0,2451.0,0.0198463
2452.0,2452.0,0.4909942
2453.0,2453.0,0.1754104
2454.0,2454.0,0.66295093
2455.0,2455.0,0.026092203
2456.0,2456.0,0.14999673
2457.0,2457.0,0.3116172
2458.0,2458.0,0.046127502
2459.0,2459.0,0.027746128
2460.0,2460.0,0.17651115
2461.0,2461.0,0.15909402
2462.0,2462.0,0.18304357
2463.0,2463.0,0.52210706
2464.0,2464.0,0.23780033
2465.0,2465.0,0.26586422
2466.0,2466.0,0.054631293
2467.0,2467.0,0.03495621
2468.0,2468.0,0.16941924
2469.0,2469.0,0.051687054
2470.0,2470.0,0.20093793
2471.0,2471.0,0.14106593
2472.0,2472.0,0.79294676
2473.0,2473.0,0.335416
2474.0,2474.0,0.19034433
2475.0,2475.0,0.2518654
2476.0,2476.0,0.2921022
2477.0,2477.0,0.22296518
2478.0,2478.0,0.12131081
2479.0,2479.0,0.5656886
2480.0,2480.0,0.032322638
2481.0,2481.0,0.1513008
2482.0,2482.0,0.22691351
2483.0,2483.0,0.10800408
2484.0,2484.0,0.20873745
2485.0,2485.0,0.010086404
2486.0,2486.0,0.18152905
2487.0,2487.0,0.053970214
2488.0,2488.0,0.17907783
2489.0,2489.0,0.23230495
2490.0,2490.0,0.2621402
2491.0,2491.0,0.14686418
2492.0,2492.0,0.093534976
2493.0,2493.0,0.0851456
2494.0,2494.0,0.18525285
2495.0,2495.0,0.18677528
2496.0,2496.0,0.16835283
2497.0,2497.0,0.24100395
2498.0,2498.0,0.22271575
2499.0,2499.0,0.35612163
2500.0,2500.0,0.20592217
2501.0,2501.0,0.23799188
2502.0,2502.0,0.05973381
2503.0,2503.0,0.05502334
2504.0,2504.0,0.14634542
2505.0,2505.0,0.08250114
2506.0,2506.0,0.16655369
2507.0,2507.0,0.16522798
2508.0,2508.0,0.19220033
2509.0,2509.0,0.15087856
2510.0,2510.0,0.10025758
2511.0,2511.0,0.4062361
2512.0,2512.0,0.33185568
2513.0,2513.0,0.15557341
2514.0,2514.0,0.0566821
2515.0,2515.0,0.89317644
2516.0,2516.0,0.10253057
2517.0,2517.0,0.06702506
2518.0,2518.0,0.07170831
2519.0,2519.0,0.06996817
2520.0,2520.0,0.1274418
2521.0,2521.0,0.5361764
2522.0,2522.0,0.40326032
2523.0,2523.0,0.24607171
2524.0,2524.0,0.20700827
2525.0,2525.0,0.30212387
2526.0,2526.0,0.0249346
2527.0,2527.0,0.5494744
2528.0,2528.0,0.24453975
2529.0,2529.0,0.39363346
2530.0,2530.0,0.18404019
2531.0,2531.0,0.2165926
2532.0,2532.0,0.808178
2533.0,2533.0,0.18198991
2534.0,2534.0,0.21506307
2535.0,2535.0,0.38358507
2536.0,2536.0,0.045930173
2537.0,2537.0,0.26732358
2538.0,2538.0,0.7175812
2539.0,2539.0,0.020532876
2540.0,2540.0,0.09252496
2541.0,2541.0,0.5870639
2542.0,2542.0,0.1174976
2543.0,2543.0,0.1968973
2544.0,2544.0,0.015067621
2545.0,2545.0,0.10701783
2546.0,2546.0,0.20481533
2547.0,2547.0,0.025052704
2548.0,2548.0,0.5134228
2549.0,2549.0,0.57583296
2550.0,2550.0,0.13811263
2551.0,2551.0,0.72637707
2552.0,2552.0,0.15950598
2553.0,2553.0,0.21577743
2554.0,2554.0,0.01682621
2555.0,2555.0,0.04498992
2556.0,2556.0,0.13933635
2557.0,2557.0,0.20185407
2558.0,2558.0,0.21718839
2559.0,2559.0,0.30280823
2560.0,2560.0,0.27116436
2561.0,2561.0,0.21830682
2562.0,2562.0,0.52643013
2563.0,2563.0,0.11038133
2564.0,2564.0,0.15514329
2565.0,2565.0,0.512569
2566.0,2566.0,0.12153667
2567.0,2567.0,0.22846134
2568.0,2568.0,0.22142242
2569.0,2569.0,0.16213676
2570.0,2570.0,0.25061876
2571.0,2571.0,0.18985994
2572.0,2572.0,0.2635905
2573.0,2573.0,0.4877659
2574.0,2574.0,0.24788035
2575.0,2575.0,0.058688276
2576.0,2576.0,0.08386249
2577.0,2577.0,0.24279341
2578.0,2578.0,0.15281147
2579.0,2579.0,0.15610862
2580.0,2580.0,0.10149876
2581.0,2581.0,0.13310981
2582.0,2582.0,0.15044183
2583.0,2583.0,0.05921872
2584.0,2584.0,0.100711286
2585.0,2585.0,0.17470174
2586.0,2586.0,0.34699595
2587.0,2587.0,0.07629155
2588.0,2588.0,0.12949927
2589.0,2589.0,0.09445648
2590.0,2590.0,0.058520164
2591.0,2591.0,0.21585117
2592.0,2592.0,0.27942693
2593.0,2593.0,0.20892091
2594.0,2594.0,0.172427
2595.0,2595.0,0.05282707
2596.0,2596.0,0.13332646
2597.0,2597.0,0.5444767
2598.0,2598.0,0.38425046
2599.0,2599.0,0.15660284
2600.0,2600.0,0.47216392
2601.0,2601.0,0.07872882
2602.0,2602.0,0.2124031
2603.0,2603.0,0.14897408
2604.0,2604.0,0.5678154
2605.0,2605.0,0.21338001
2606.0,2606.0,0.45105618
2607.0,2607.0,0.27629495
2608.0,2608.0,0.6350926
2609.0,2609.0,0.21561809
2610.0,2610.0,0.162883
2611.0,2611.0,0.2612423
2612.0,2612.0,0.3044135
2613.0,2613.0,0.25009474
2614.0,2614.0,0.55811316
2615.0,2615.0,0.36330718
2616.0,2616.0,0.2149114
2617.0,2617.0,0.11551069
2618.0,2618.0,0.3753511
2619.0,2619.0,0.054732148
2620.0,2620.0,0.12192691
2621.0,2621.0,0.052741565
2622.0,2622.0,0.20039746
2623.0,2623.0,0.38887808
2624.0,2624.0,0.22838122
2625.0,2625.0,0.045348004
2626.0,2626.0,0.25895637
2627.0,2627.0,0.33050683
2628.0,2628.0,0.30514595
2629.0,2629.0,0.0013176269
2630.0,2630.0,0.08160049
2631.0,2631.0,0.2603653
2632.0,2632.0,0.12416538
2633.0,2633.0,0.10315741
2634.0,2634.0,0.016771823
2635.0,2635.0,0.052343044
2636.0,2636.0,0.19889496
2637.0,2637.0,0.29185483
2638.0,2638.0,0.16474928
2639.0,2639.0,0.20387831
2640.0,2640.0,0.5386522
2641.0,2641.0,0.23743309
2642.0,2642.0,0.08442331
2643.0,2643.0,0.22163768
2644.0,2644.0,0.052341998
2645.0,2645.0,0.2701064
2646.0,2646.0,0.24658881
2647.0,2647.0,0.038938213
2648.0,2648.0,0.35113877
2649.0,2649.0,0.12462517
2650.0,2650.0,0.26316494
2651.0,2651.0,0.09597663
2652.0,2652.0,0.13214798
2653.0,2653.0,0.11253331
2654.0,2654.0,0.04972383
2655.0,2655.0,0.13844863
2656.0,2656.0,0.23295756
2657.0,2657.0,0.17143711
2658.0,2658.0,0.21812707
2659.0,2659.0,0.4391211
2660.0,2660.0,0.89236844
2661.0,2661.0,0.06807443
2662.0,2662.0,0.5705366
2663.0,2663.0,0.54341054
2664.0,2664.0,0.16821001
2665.0,2665.0,0.5409636
2666.0,2666.0,0.33264837
2667.0,2667.0,0.5229759
2668.0,2668.0,0.06902589
2669.0,2669.0,0.14299718
2670.0,2670.0,0.24005397
2671.0,2671.0,0.12006932
2672.0,2672.0,0.21281098
2673.0,2673.0,0.30939272
2674.0,2674.0,0.024432348
2675.0,2675.0,0.20416051
2676.0,2676.0,0.1530558
2677.0,2677.0,0.17221548
2678.0,2678.0,0.21532503
2679.0,2679.0,0.039029144
2680.0,2680.0,0.35754174
2681.0,2681.0,0.11008685
2682.0,2682.0,0.41663262
2683.0,2683.0,0.052907363
2684.0,2684.0,0.17849725
2685.0,2685.0,0.315957
2686.0,2686.0,0.0975421
2687.0,2687.0,0.26392272
2688.0,2688.0,0.10479647
2689.0,2689.0,0.22880949
2690.0,2690.0,0.297819
2691.0,2691.0,0.10551722
2692.0,2692.0,0.25866708
2693.0,2693.0,0.09859606
2694.0,2694.0,0.16047569
2695.0,2695.0,0.15392222
2696.0,2696.0,0.16752993
2697.0,2697.0,0.31585142
2698.0,2698.0,0.12890814
2699.0,2699.0,0.08833294
2700.0,2700.0,0.32000312
2701.0,2701.0,0.36082137
2702.0,2702.0,0.15401764
2703.0,2703.0,0.018692313
2704.0,2704.0,0.1732337
2705.0,2705.0,0.058736924
2706.0,2706.0,0.042870086
2707.0,2707.0,0.63299364
2708.0,2708.0,0.023330199
2709.0,2709.0,0.41078317
2710.0,2710.0,0.031700917
2711.0,2711.0,0.419815
2712.0,2712.0,0.17443134
2713.0,2713.0,0.067952774
2714.0,2714.0,0.14277712
2715.0,2715.0,0.23733506
2716.0,2716.0,0.17600931
2717.0,2717.0,0.16064377
2718.0,2718.0,0.40598732
2719.0,2719.0,0.22832057
2720.0,2720.0,0.17272228
2721.0,2721.0,0.11861516
2722.0,2722.0,0.6510405
2723.0,2723.0,0.123391554
2724.0,2724.0,0.04977389
2725.0,2725.0,0.16370453
2726.0,2726.0,0.20949335
2727.0,2727.0,0.10606507
2728.0,2728.0,0.26461726
2729.0,2729.0,0.084361054
2730.0,2730.0,0.07709995
2731.0,2731.0,0.0345168
2732.0,2732.0,0.26045063
2733.0,2733.0,0.40084347
2734.0,2734.0,0.15665534
2735.0,2735.0,0.3943161
2736.0,2736.0,0.23623386
2737.0,2737.0,0.6450294
2738.0,2738.0,0.047975596
2739.0,2739.0,0.18346573
2740.0,2740.0,0.44565105
2741.0,2741.0,0.22284265
2742.0,2742.0,0.30824932
2743.0,2743.0,0.25837108
2744.0,2744.0,0.2386354
2745.0,2745.0,0.26338038
2746.0,2746.0,0.16399774
2747.0,2747.0,0.30767325
2748.0,2748.0,0.16560385
2749.0,2749.0,0.1369353
2750.0,2750.0,0.21669506
2751.0,2751.0,0.046271235
2752.0,2752.0,0.035877448
2753.0,2753.0,0.23464
2754.0,2754.0,0.24017888
2755.0,2755.0,0.11912956
2756.0,2756.0,0.20784685
2757.0,2757.0,0.30007643
2758.0,2758.0,0.54551506
2759.0,2759.0,0.22073278
2760.0,2760.0,0.20083758
2761.0,2761.0,0.107314326
2762.0,2762.0,0.18649666
2763.0,2763.0,0.02110446
2764.0,2764.0,0.07575123
2765.0,2765.0,0.19742864
2766.0,2766.0,0.40669644
2767.0,2767.0,0.1483866
2768.0,2768.0,0.054011136
2769.0,2769.0,0.026801774
2770.0,2770.0,0.2014342
2771.0,2771.0,0.45623142
2772.0,2772.0,0.12553571
2773.0,2773.0,0.27758613
2774.0,2774.0,0.06176447
2775.0,2775.0,0.063236915
2776.0,2776.0,0.1334582
2777.0,2777.0,0.097362995
2778.0,2778.0,0.054560367
2779.0,2779.0,0.080377325
2780.0,2780.0,0.21786802
2781.0,2781.0,0.53443
2782.0,2782.0,0.18249476
2783.0,2783.0,0.328064
2784.0,2784.0,0.051962268
2785.0,2785.0,0.44543025
2786.0,2786.0,0.06468302
2787.0,2787.0,0.016058171
2788.0,2788.0,0.060378194
2789.0,2789.0,0.26531747
2790.0,2790.0,0.35076532
2791.0,2791.0,0.49785757
2792.0,2792.0,0.20263943
2793.0,2793.0,0.052307684
2794.0,2794.0,0.20734388
2795.0,2795.0,0.039062705
2796.0,2796.0,0.10586665
2797.0,2797.0,0.21983403
2798.0,2798.0,0.17684594
2799.0,2799.0,0.15870574
2800.0,2800.0,0.15952143
2801.0,2801.0,0.024915384
2802.0,2802.0,0.17156571
2803.0,2803.0,0.12120783
2804.0,2804.0,0.24679679
2805.0,2805.0,0.24309507
2806.0,2806.0,0.65219015
2807.0,2807.0,0.019062994
2808.0,2808.0,0.21713641
2809.0,2809.0,0.2336438
2810.0,2810.0,0.19359687
2811.0,2811.0,0.3382097
2812.0,2812.0,0.21440032
2813.0,2813.0,0.093891494
2814.0,2814.0,0.23994632
2815.0,2815.0,0.07262267
2816.0,2816.0,0.034213558
2817.0,2817.0,0.032619603
2818.0,2818.0,0.26837817
2819.0,2819.0,0.2814823
2820.0,2820.0,0.068237804
2821.0,2821.0,0.24251385
2822.0,2822.0,0.16806807
2823.0,2823.0,0.49919188
2824.0,2824.0,0.204212
2825.0,2825.0,0.28227234
2826.0,2826.0,0.24839748
2827.0,2827.0,0.282399
2828.0,2828.0,0.16754107
2829.0,2829.0,0.20699565
2830.0,2830.0,0.24253458
2831.0,2831.0,0.07470788
2832.0,2832.0,0.05717546
2833.0,2833.0,0.2064079
2834.0,2834.0,0.23971982
2835.0,2835.0,0.14840108
2836.0,2836.0,0.16818511
2837.0,2837.0,0.04626365
2838.0,2838.0,0.23720777
2839.0,2839.0,0.55898315
2840.0,2840.0,0.21785073
2841.0,2841.0,0.01541375
2842.0,2842.0,0.32988295
2843.0,2843.0,0.16250964
2844.0,2844.0,0.6846891
2845.0,2845.0,0.21276595
2846.0,2846.0,0.61301744
2847.0,2847.0,0.057452604
2848.0,2848.0,0.19336118
2849.0,2849.0,0.12431026
2850.0,2850.0,0.13207033
2851.0,2851.0,0.15328567
2852.0,2852.0,0.20723577
2853.0,2853.0,0.15233353
2854.0,2854.0,0.063634604
2855.0,2855.0,0.22897762
2856.0,2856.0,0.13270794
2857.0,2857.0,0.09122776
2858.0,2858.0,0.11381475
2859.0,2859.0,0.41289756
2860.0,2860.0,0.106852196
2861.0,2861.0,0.040554788
2862.0,2862.0,0.04702172
2863.0,2863.0,0.48966336
2864.0,2864.0,0.07291796
2865.0,2865.0,0.25752103
2866.0,2866.0,0.13822274
2867.0,2867.0,0.08477041
2868.0,2868.0,0.17615213
2869.0,2869.0,0.10250843
2870.0,2870.0,0.45851132
2871.0,2871.0,0.21017866
2872.0,2872.0,0.19883387
2873.0,2873.0,0.09626233
2874.0,2874.0,0.19469574
2875.0,2875.0,0.035227228
2876.0,2876.0,0.1296988
2877.0,2877.0,0.1683208
2878.0,2878.0,0.35625324
2879.0,2879.0,0.20003043
2880.0,2880.0,0.14984058
2881.0,2881.0,0.22118266
2882.0,2882.0,0.05283512
2883.0,2883.0,0.19717474
2884.0,2884.0,0.3069432
2885.0,2885.0,0.17879778
2886.0,2886.0,0.18991162
2887.0,2887.0,0.08088139
2888.0,2888.0,0.24730858
2889.0,2889.0,0.20078947
2890.0,2890.0,0.052114487
2891.0,2891.0,0.095635325
2892.0,2892.0,0.07320548
2893.0,2893.0,0.15632345
2894.0,2894.0,0.21393578
2895.0,2895.0,0.16602084
2896.0,2896.0,0.043649677
2897.0,2897.0,0.12442739
2898.0,2898.0,0.3505133
2899.0,2899.0,0.22439416
2900.0,2900.0,0.26036647
2901.0,2901.0,0.1652943
2902.0,2902.0,0.060271945
2903.0,2903.0,0.1808891
2904.0,2904.0,0.05968711
2905.0,2905.0,0.29251787
2906.0,2906.0,0.29512075
2907.0,2907.0,0.13109586
2908.0,2908.0,0.41011742
2909.0,2909.0,0.46076918
2910.0,2910.0,0.35140035
2911.0,2911.0,0.19572619
2912.0,2912.0,0.09016671
2913.0,2913.0,0.09338257
2914.0,2914.0,0.023119157
2915.0,2915.0,0.1665742
2916.0,2916.0,0.39857528
2917.0,2917.0,0.16548084
2918.0,2918.0,0.40429264
2919.0,2919.0,0.08857424
2920.0,2920.0,0.90832126
2921.0,2921.0,0.7696036
2922.0,2922.0,0.052178737
2923.0,2923.0,0.20883007
2924.0,2924.0,0.17176387
2925.0,2925.0,0.02921814
2926.0,2926.0,0.14627847
2927.0,2927.0,0.062757544
2928.0,2928.0,0.53970724
2929.0,2929.0,0.34199694
2930.0,2930.0,0.1547473
2931.0,2931.0,0.39131987
2932.0,2932.0,0.28722605
2933.0,2933.0,0.17533246
2934.0,2934.0,0.16353427
2935.0,2935.0,0.054325104
2936.0,2936.0,0.36090398
2937.0,2937.0,0.20841695
2938.0,2938.0,0.04878188
2939.0,2939.0,0.24654725
2940.0,2940.0,0.42948395
2941.0,2941.0,0.10649345
2942.0,2942.0,0.039260123
2943.0,2943.0,0.2309676
2944.0,2944.0,0.16847838
2945.0,2945.0,0.13776718
2946.0,2946.0,0.28809887
2947.0,2947.0,0.05010993
2948.0,2948.0,0.20415859
2949.0,2949.0,0.15595442
2950.0,2950.0,0.07352628
2951.0,2951.0,0.13819161
2952.0,2952.0,0.1879477
2953.0,2953.0,0.2323561
2954.0,2954.0,0.17941411
2955.0,2955.0,0.4324915
2956.0,2956.0,0.21889174
2957.0,2957.0,0.07908238
2958.0,2958.0,0.18602218
2959.0,2959.0,0.5612319
2960.0,2960.0,0.20194761
2961.0,2961.0,0.13268304
2962.0,2962.0,0.12241641
2963.0,2963.0,0.093107216
2964.0,2964.0,0.03956414
2965.0,2965.0,0.16105321
2966.0,2966.0,0.1876114
2967.0,2967.0,0.19937114
2968.0,2968.0,0.21431328
2969.0,2969.0,0.2614885
2970.0,2970.0,0.20157476
2971.0,2971.0,0.058564648
2972.0,2972.0,0.06897576
2973.0,2973.0,0.19734839
2974.0,2974.0,0.1549298
2975.0,2975.0,0.18044363
2976.0,2976.0,0.11892172
2977.0,2977.0,0.20488219
2978.0,2978.0,0.120612405
2979.0,2979.0,0.2214009
2980.0,2980.0,0.8951977
2981.0,2981.0,0.15960054
2982.0,2982.0,0.6694465
2983.0,2983.0,0.28397542
2984.0,2984.0,0.17141135
2985.0,2985.0,0.16866447
2986.0,2986.0,0.037258457
2987.0,2987.0,0.065188505
2988.0,2988.0,0.26870844
2989.0,2989.0,0.1982309
2990.0,2990.0,0.43860847
2991.0,2991.0,0.2544869
2992.0,2992.0,0.062445406
2993.0,2993.0,0.20494476
2994.0,2994.0,0.050794233
2995.0,2995.0,0.038909446
2996.0,2996.0,0.02070906
2997.0,2997.0,0.22260042
2998.0,2998.0,0.059215523
2999.0,2999.0,0.39218244
3000.0,3000.0,0.029648876
3001.0,3001.0,0.051738523
3002.0,3002.0,0.3289629
3003.0,3003.0,0.18905203
3004.0,3004.0,0.042718526
3005.0,3005.0,0.045383446
3006.0,3006.0,0.16093037
3007.0,3007.0,0.065605216
3008.0,3008.0,0.018810175
3009.0,3009.0,0.032878686
3010.0,3010.0,0.38285574
3011.0,3011.0,0.738547
3012.0,3012.0,0.029165352
3013.0,3013.0,0.27349466
3014.0,3014.0,0.049977824
3015.0,3015.0,0.18091395
3016.0,3016.0,0.15649725
3017.0,3017.0,0.06359041
3018.0,3018.0,0.25348985
3019.0,3019.0,0.04846792
3020.0,3020.0,0.059566338
3021.0,3021.0,0.2350605
3022.0,3022.0,0.17007625
3023.0,3023.0,0.23836535
3024.0,3024.0,0.09967245
3025.0,3025.0,0.4498627
3026.0,3026.0,0.1922218
3027.0,3027.0,0.3101341
3028.0,3028.0,0.05132598
3029.0,3029.0,0.21676253
3030.0,3030.0,0.1512248
3031.0,3031.0,0.1703811
3032.0,3032.0,0.26751
3033.0,3033.0,0.16551922
3034.0,3034.0,0.063581534
3035.0,3035.0,0.001313383
3036.0,3036.0,0.2595602
3037.0,3037.0,0.28161296
3038.0,3038.0,0.05544046
3039.0,3039.0,0.039253745
3040.0,3040.0,0.49493885
3041.0,3041.0,0.22122449
3042.0,3042.0,0.26561037
3043.0,3043.0,0.16193703
3044.0,3044.0,0.09626546
3045.0,3045.0,0.2733923
3046.0,3046.0,0.16256106
3047.0,3047.0,0.17120416
3048.0,3048.0,0.21522437
3049.0,3049.0,0.3257325
3050.0,3050.0,0.34401757
3051.0,3051.0,0.02433213
3052.0,3052.0,0.24460395
3053.0,3053.0,0.4543221
3054.0,3054.0,0.21266817
3055.0,3055.0,0.08366779
3056.0,3056.0,0.22165881
3057.0,3057.0,0.12519653
3058.0,3058.0,0.19306213
3059.0,3059.0,0.222631
3060.0,3060.0,0.19452983
3061.0,3061.0,0.72878355
3062.0,3062.0,0.022226209
3063.0,3063.0,0.017017493
3064.0,3064.0,0.08748238
3065.0,3065.0,0.54730046
3066.0,3066.0,0.31079265
3067.0,3067.0,0.08464824
3068.0,3068.0,0.28404093
3069.0,3069.0,0.045234963
3070.0,3070.0,0.20754004
3071.0,3071.0,0.2938063
3072.0,3072.0,0.2834512
3073.0,3073.0,0.14645055
3074.0,3074.0,0.061392475
3075.0,3075.0,0.072263494
3076.0,3076.0,0.30056906
3077.0,3077.0,0.17634408
3078.0,3078.0,0.21515934
3079.0,3079.0,0.2277744
3080.0,3080.0,0.50400454
3081.0,3081.0,0.3367692
3082.0,3082.0,0.03528793
3083.0,3083.0,0.041072354
3084.0,3084.0,0.12937304
3085.0,3085.0,0.22405536
3086.0,3086.0,0.3382336
3087.0,3087.0,0.20194323
3088.0,3088.0,0.05194331
3089.0,3089.0,0.16003351
3090.0,3090.0,0.103714615
3091.0,3091.0,0.15241343
3092.0,3092.0,0.14988764
3093.0,3093.0,0.10359036
3094.0,3094.0,0.11624363
3095.0,3095.0,0.01997236
3096.0,3096.0,0.28197068
3097.0,3097.0,0.20404644
3098.0,3098.0,0.037097733
3099.0,3099.0,0.37811106
3100.0,3100.0,0.18724096
3101.0,3101.0,0.50567645
3102.0,3102.0,0.20875576
3103.0,3103.0,0.19795007
3104.0,3104.0,0.19536173
3105.0,3105.0,0.13454203
3106.0,3106.0,0.19112906
3107.0,3107.0,0.16477887
3108.0,3108.0,0.20244746
3109.0,3109.0,0.1926837
3110.0,3110.0,0.10829043
3111.0,3111.0,0.03604137
3112.0,3112.0,0.14711337
3113.0,3113.0,0.2360101
3114.0,3114.0,0.06335123
3115.0,3115.0,0.551067
3116.0,3116.0,0.3006672
3117.0,3117.0,0.1770485
3118.0,3118.0,0.15112008
3119.0,3119.0,0.3538458
3120.0,3120.0,0.013046175
3121.0,3121.0,0.045154665
3122.0,3122.0,0.21767741
3123.0,3123.0,0.049751423
3124.0,3124.0,0.25978762
3125.0,3125.0,0.19937573
3126.0,3126.0,0.2416419
3127.0,3127.0,0.13168329
3128.0,3128.0,0.21673998
3129.0,3129.0,0.17363603
3130.0,3130.0,0.12152564
3131.0,3131.0,0.23137343
3132.0,3132.0,0.4905683
3133.0,3133.0,0.24542713
3134.0,3134.0,0.09250325
3135.0,3135.0,0.63840973
3136.0,3136.0,0.063557714
3137.0,3137.0,0.03840327
3138.0,3138.0,0.46660003
3139.0,3139.0,0.08679828
3140.0,3140.0,0.17820817
3141.0,3141.0,0.022426134
3142.0,3142.0,0.3159314
3143.0,3143.0,0.14100145
3144.0,3144.0,0.17009197
3145.0,3145.0,0.061744437
3146.0,3146.0,0.1844388
3147.0,3147.0,0.5537061
3148.0,3148.0,0.052869778
3149.0,3149.0,0.08150817
3150.0,3150.0,0.32149577
3151.0,3151.0,0.30667955
3152.0,3152.0,0.23856658
3153.0,3153.0,0.18434663
3154.0,3154.0,0.052303094
3155.0,3155.0,0.018407116
3156.0,3156.0,0.1745498
3157.0,3157.0,0.17184764
3158.0,3158.0,0.2625252
3159.0,3159.0,0.23756193
3160.0,3160.0,0.045378104
3161.0,3161.0,0.17181368
3162.0,3162.0,0.25058594
3163.0,3163.0,0.52533424
3164.0,3164.0,0.4218625
3165.0,3165.0,0.22045054
3166.0,3166.0,0.3931012
3167.0,3167.0,0.20694701
3168.0,3168.0,1.0842215E-4
3169.0,3169.0,0.23828955
3170.0,3170.0,0.15315333
3171.0,3171.0,0.044158198
3172.0,3172.0,0.063532144
3173.0,3173.0,0.078655705
3174.0,3174.0,0.21228552
3175.0,3175.0,0.20850702
3176.0,3176.0,0.19521154
3177.0,3177.0,0.3094523
3178.0,3178.0,0.4700049
3179.0,3179.0,0.21757731
3180.0,3180.0,0.047893357
3181.0,3181.0,0.22147274
3182.0,3182.0,0.364158
3183.0,3183.0,0.14415246
3184.0,3184.0,0.18431208
3185.0,3185.0,0.21609783
3186.0,3186.0,0.039071526
3187.0,3187.0,0.23411429
3188.0,3188.0,0.019444855
3189.0,3189.0,0.07243207
3190.0,3190.0,0.07405751
3191.0,3191.0,0.03931905
3192.0,3192.0,0.26808143
3193.0,3193.0,0.03247501
3194.0,3194.0,0.13806003
3195.0,3195.0,0.18483263
3196.0,3196.0,0.02914372
3197.0,3197.0,0.6127283
3198.0,3198.0,0.18600665
3199.0,3199.0,0.023467569
3200.0,3200.0,0.22910793
3201.0,3201.0,0.22019683
3202.0,3202.0,0.26632574
3203.0,3203.0,0.0642404
3204.0,3204.0,0.25225598
3205.0,3205.0,0.048546407
3206.0,3206.0,0.1368146
3207.0,3207.0,0.183729
3208.0,3208.0,0.16879508
3209.0,3209.0,0.21471386
3210.0,3210.0,0.06316372
3211.0,3211.0,0.038914196
3212.0,3212.0,0.218523
3213.0,3213.0,0.3539969
3214.0,3214.0,0.11066919
3215.0,3215.0,0.23634936
3216.0,3216.0,0.16666226
3217.0,3217.0,0.06114424
3218.0,3218.0,0.04677212
3219.0,3219.0,0.077022985
3220.0,3220.0,0.20875116
3221.0,3221.0,0.17749214
3222.0,3222.0,0.19220032
3223.0,3223.0,0.58876115
3224.0,3224.0,0.05500723
3225.0,3225.0,0.03183245
3226.0,3226.0,0.114579216
3227.0,3227.0,0.121524535
3228.0,3228.0,0.22789972
3229.0,3229.0,0.10754078
3230.0,3230.0,0.20188078
3231.0,3231.0,0.20565172
3232.0,3232.0,0.19704178
3233.0,3233.0,0.36777374
3234.0,3234.0,0.113216445
3235.0,3235.0,0.16255067
3236.0,3236.0,0.050923247
3237.0,3237.0,0.7632233
3238.0,3238.0,0.25345477
3239.0,3239.0,0.6686915
3240.0,3240.0,0.24150263
3241.0,3241.0,0.032880712
3242.0,3242.0,0.06138778
3243.0,3243.0,0.34311712
3244.0,3244.0,0.1570249
3245.0,3245.0,0.059443325
3246.0,3246.0,0.18417424
3247.0,3247.0,0.048843496
3248.0,3248.0,0.30201912
3249.0,3249.0,0.20201695
3250.0,3250.0,0.14926064
3251.0,3251.0,0.09562131
3252.0,3252.0,0.48212782
3253.0,3253.0,0.059409887
3254.0,3254.0,0.21164979
3255.0,3255.0,0.15291843
3256.0,3256.0,0.21393953
3257.0,3257.0,0.5508317
3258.0,3258.0,0.19916645
3259.0,3259.0,0.061429005
3260.0,3260.0,0.03839897
3261.0,3261.0,0.070300564
3262.0,3262.0,0.08377318
3263.0,3263.0,0.22366498
3264.0,3264.0,0.257614
3265.0,3265.0,0.22546025
3266.0,3266.0,0.3309675
3267.0,3267.0,0.24555315
3268.0,3268.0,0.3200552
3269.0,3269.0,0.059310455
3270.0,3270.0,0.13529098
3271.0,3271.0,0.025034633
3272.0,3272.0,0.20609319
3273.0,3273.0,0.14641865
3274.0,3274.0,0.17323512
3275.0,3275.0,0.23638512
3276.0,3276.0,0.16996942
3277.0,3277.0,0.26562223
3278.0,3278.0,0.21529508
3279.0,3279.0,0.44439808
3280.0,3280.0,0.6549112
3281.0,3281.0,0.25214145
3282.0,3282.0,0.15293947
3283.0,3283.0,0.62445974
3284.0,3284.0,0.13140969
3285.0,3285.0,0.18416749
3286.0,3286.0,0.22694199
3287.0,3287.0,0.21093716
3288.0,3288.0,0.020530324
3289.0,3289.0,0.3413649
3290.0,3290.0,0.16927007
3291.0,3291.0,0.11841904
3292.0,3292.0,0.16010618
3293.0,3293.0,0.09221344
3294.0,3294.0,0.5913337
3295.0,3295.0,0.18636043
3296.0,3296.0,0.06345552
3297.0,3297.0,0.75867665
3298.0,3298.0,0.25384834
3299.0,3299.0,0.055903427
3300.0,3300.0,0.32997778
3301.0,3301.0,0.5104253
3302.0,3302.0,0.20370221
3303.0,3303.0,0.061732624
3304.0,3304.0,0.325636
3305.0,3305.0,0.18454416
3306.0,3306.0,0.5005039
3307.0,3307.0,0.66467726
3308.0,3308.0,0.084479704
3309.0,3309.0,0.2195716
3310.0,3310.0,0.30049342
3311.0,3311.0,0.2582897
3312.0,3312.0,0.27283454
3313.0,3313.0,0.20946449
3314.0,3314.0,0.21211703
3315.0,3315.0,0.049339406
3316.0,3316.0,0.20120355
3317.0,3317.0,0.14474113
3318.0,3318.0,0.08738245
3319.0,3319.0,0.28314295
3320.0,3320.0,0.12548275
3321.0,3321.0,0.03389662
3322.0,3322.0,0.17121708
3323.0,3323.0,0.4985587
3324.0,3324.0,0.7928918
3325.0,3325.0,0.16711769
3326.0,3326.0,0.061717223
3327.0,3327.0,0.26050302
3328.0,3328.0,0.2040811
3329.0,3329.0,0.13976294
3330.0,3330.0,0.15943925
3331.0,3331.0,0.15866444
3332.0,3332.0,0.2360247
3333.0,3333.0,0.20485955
3334.0,3334.0,0.07315623
3335.0,3335.0,0.0010825073
3336.0,3336.0,0.05540624
3337.0,3337.0,0.20105428
3338.0,3338.0,0.23299074
3339.0,3339.0,0.082559295
3340.0,3340.0,0.14808263
3341.0,3341.0,0.3148947
3342.0,3342.0,0.32170305
3343.0,3343.0,0.34055817
3344.0,3344.0,0.24678385
3345.0,3345.0,0.045119267
3346.0,3346.0,0.1605117
3347.0,3347.0,0.66151845
3348.0,3348.0,0.21184276
3349.0,3349.0,0.124279045
3350.0,3350.0,0.22928621
3351.0,3351.0,0.61149114
3352.0,3352.0,0.58536255
3353.0,3353.0,0.014272421
3354.0,3354.0,0.12766099
3355.0,3355.0,0.1673093
3356.0,3356.0,0.23532496
3357.0,3357.0,0.25870252
3358.0,3358.0,0.20772105
3359.0,3359.0,0.22693744
3360.0,3360.0,0.17183642
3361.0,3361.0,0.23269373
3362.0,3362.0,0.117425546
3363.0,3363.0,0.619542
3364.0,3364.0,0.37543273
3365.0,3365.0,0.13249286
3366.0,3366.0,0.13956174
3367.0,3367.0,0.34212017
3368.0,3368.0,0.07893648
3369.0,3369.0,0.18182096
3370.0,3370.0,0.05694628
3371.0,3371.0,0.3764887
3372.0,3372.0,0.7601671
3373.0,3373.0,0.04956992
3374.0,3374.0,0.29391432
3375.0,3375.0,0.020705096
3376.0,3376.0,0.52483165
3377.0,3377.0,0.17525056
3378.0,3378.0,0.20209967
3379.0,3379.0,0.3528414
3380.0,3380.0,0.32118258
3381.0,3381.0,0.14476426
3382.0,3382.0,0.16225152
3383.0,3383.0,0.20345071
3384.0,3384.0,0.29712617
3385.0,3385.0,0.13908087
3386.0,3386.0,0.57376117
3387.0,3387.0,0.55327505
3388.0,3388.0,0.037346877
3389.0,3389.0,0.091483995
3390.0,3390.0,0.16781218
3391.0,3391.0,0.1881586
3392.0,3392.0,0.07298524
3393.0,3393.0,0.16892238
3394.0,3394.0,0.16202699
3395.0,3395.0,0.20788796
3396.0,3396.0,0.371787
3397.0,3397.0,0.09672478
3398.0,3398.0,0.22894076
3399.0,3399.0,0.12372199
3400.0,3400.0,0.05798538
3401.0,3401.0,0.098866396
3402.0,3402.0,0.10604875
3403.0,3403.0,0.16273502
3404.0,3404.0,0.2205096
3405.0,3405.0,0.4927723
3406.0,3406.0,0.35721916
3407.0,3407.0,0.2935987
3408.0,3408.0,0.12764625
3409.0,3409.0,0.47331873
3410.0,3410.0,0.20727667
3411.0,3411.0,0.75107837
3412.0,3412.0,0.0894094
3413.0,3413.0,0.23341216
3414.0,3414.0,0.18840016
3415.0,3415.0,0.17235154
3416.0,3416.0,0.15075164
3417.0,3417.0,0.29004928
3418.0,3418.0,0.07231568
3419.0,3419.0,0.21016932
3420.0,3420.0,0.20459582
3421.0,3421.0,0.16547973
3422.0,3422.0,0.020206964
3423.0,3423.0,0.8903978
3424.0,3424.0,0.31776097
3425.0,3425.0,0.056422584
3426.0,3426.0,0.15083711
3427.0,3427.0,0.20747913
3428.0,3428.0,0.53937095
3429.0,3429.0,0.11596839
3430.0,3430.0,0.44839722
3431.0,3431.0,0.15826789
3432.0,3432.0,0.3908722
3433.0,3433.0,0.1143544
3434.0,3434.0,0.23623392
3435.0,3435.0,0.2655365
3436.0,3436.0,0.03543011
3437.0,3437.0,0.13470463
3438.0,3438.0,0.36959592
3439.0,3439.0,0.04536433
3440.0,3440.0,0.07696406
3441.0,3441.0,0.05655318
3442.0,3442.0,0.48793864
3443.0,3443.0,0.25078976
3444.0,3444.0,0.20737445
3445.0,3445.0,0.29145122
3446.0,3446.0,0.23585315
3447.0,3447.0,0.8353688
3448.0,3448.0,0.3084762
3449.0,3449.0,0.05243852
3450.0,3450.0,0.17072971
3451.0,3451.0,0.2098116
3452.0,3452.0,0.7454287
3453.0,3453.0,0.25304478
3454.0,3454.0,0.50990516
3455.0,3455.0,0.15396027
3456.0,3456.0,0.4898325
3457.0,3457.0,0.022951646
3458.0,3458.0,0.14374927
3459.0,3459.0,0.19585763
3460.0,3460.0,0.4382828
3461.0,3461.0,0.04823485
3462.0,3462.0,0.37364095
3463.0,3463.0,0.1646343
3464.0,3464.0,0.3826077
3465.0,3465.0,0.19082308
3466.0,3466.0,0.29801378
3467.0,3467.0,0.07303064
3468.0,3468.0,0.2440243
3469.0,3469.0,0.3663797
3470.0,3470.0,0.32801425
3471.0,3471.0,0.06946735
3472.0,3472.0,0.044741984
3473.0,3473.0,0.1258598
3474.0,3474.0,0.0013477043
3475.0,3475.0,0.23139997
3476.0,3476.0,0.048144404
3477.0,3477.0,0.604995
3478.0,3478.0,0.36302444
3479.0,3479.0,0.13512737
3480.0,3480.0,0.079814315
3481.0,3481.0,0.13653865
3482.0,3482.0,0.120865054
3483.0,3483.0,0.15494393
3484.0,3484.0,0.21647969
3485.0,3485.0,0.40774235
3486.0,3486.0,0.072900034
3487.0,3487.0,0.39932418
3488.0,3488.0,0.12185217
3489.0,3489.0,0.1551215
3490.0,3490.0,0.5532985
3491.0,3491.0,0.19389829
3492.0,3492.0,0.09069164
3493.0,3493.0,0.090066336
3494.0,3494.0,0.51850563
3495.0,3495.0,0.16929103
3496.0,3496.0,0.08481278
3497.0,3497.0,0.18299581
3498.0,3498.0,0.19356632
3499.0,3499.0,0.3265729
3500.0,3500.0,0.36209846
3501.0,3501.0,0.06571457
3502.0,3502.0,0.10377394
3503.0,3503.0,0.06932036
3504.0,3504.0,0.3645898
3505.0,3505.0,0.17497478
3506.0,3506.0,0.254861
3507.0,3507.0,0.11885484
3508.0,3508.0,0.053304378
3509.0,3509.0,0.6401527
3510.0,3510.0,0.2047982
3511.0,3511.0,0.16652198
3512.0,3512.0,0.060506403
3513.0,3513.0,0.28196865
3514.0,3514.0,0.1984064
3515.0,3515.0,0.20678264
3516.0,3516.0,0.05648147
3517.0,3517.0,0.033129912
3518.0,3518.0,0.1399611
3519.0,3519.0,0.15899955
3520.0,3520.0,0.25950512
3521.0,3521.0,0.76164293
3522.0,3522.0,0.059830558
3523.0,3523.0,0.26225075
3524.0,3524.0,0.1204004
3525.0,3525.0,0.11583061
3526.0,3526.0,0.08394725
3527.0,3527.0,0.0012997354
3528.0,3528.0,0.42827103
3529.0,3529.0,0.18875052
3530.0,3530.0,0.21971284
3531.0,3531.0,0.169615
3532.0,3532.0,0.40082532
3533.0,3533.0,0.03653778
3534.0,3534.0,0.5410593
3535.0,3535.0,0.1734415
3536.0,3536.0,0.50546473
3537.0,3537.0,0.12412703
3538.0,3538.0,0.15003715
3539.0,3539.0,0.05468117
3540.0,3540.0,0.2201717
3541.0,3541.0,0.26232252
3542.0,3542.0,0.15632398
3543.0,3543.0,0.019990293
3544.0,3544.0,0.17682849
3545.0,3545.0,0.3022239
3546.0,3546.0,0.18587378
3547.0,3547.0,0.18050581
3548.0,3548.0,0.15566044
3549.0,3549.0,0.26855618
3550.0,3550.0,0.14620425
3551.0,3551.0,0.07510129
3552.0,3552.0,0.2016443
3553.0,3553.0,0.0486683
3554.0,3554.0,0.06427375
3555.0,3555.0,0.21831419
3556.0,3556.0,0.07007042
3557.0,3557.0,0.02368723
3558.0,3558.0,0.19909474
3559.0,3559.0,0.620996
3560.0,3560.0,0.24045438
3561.0,3561.0,0.32799852
3562.0,3562.0,0.23185387
3563.0,3563.0,0.19419119
3564.0,3564.0,0.16456528
3565.0,3565.0,0.17018831
3566.0,3566.0,0.5737258
3567.0,3567.0,0.05626164
3568.0,3568.0,0.19556515
3569.0,3569.0,0.20828627
3570.0,3570.0,0.12779868
3571.0,3571.0,0.30152705
3572.0,3572.0,0.17052214
3573.0,3573.0,0.028989352
3574.0,3574.0,0.2145859
3575.0,3575.0,0.27344742
3576.0,3576.0,0.40229592
3577.0,3577.0,0.371352
3578.0,3578.0,0.02712774
3579.0,3579.0,0.21661055
3580.0,3580.0,0.1512977
3581.0,3581.0,0.22939532
3582.0,3582.0,0.3295529
3583.0,3583.0,0.67825055
3584.0,3584.0,0.15501024
3585.0,3585.0,0.7550497
3586.0,3586.0,0.24948762
3587.0,3587.0,0.070753545
3588.0,3588.0,0.096577026
3589.0,3589.0,0.12350879
3590.0,3590.0,0.17074065
3591.0,3591.0,0.046458874
3592.0,3592.0,0.16670991
3593.0,3593.0,0.13485983
3594.0,3594.0,0.04646119
3595.0,3595.0,0.21165901
3596.0,3596.0,0.14330333
3597.0,3597.0,0.7016082
3598.0,3598.0,0.019435244
3599.0,3599.0,0.2999831
3600.0,3600.0,0.06785747
3601.0,3601.0,0.15134887
3602.0,3602.0,0.1690608
3603.0,3603.0,0.19004525
3604.0,3604.0,0.033549532
3605.0,3605.0,0.43730655
3606.0,3606.0,0.15432134
3607.0,3607.0,0.050712235
3608.0,3608.0,0.257482
3609.0,3609.0,0.17678957
3610.0,3610.0,0.23586665
3611.0,3611.0,0.055676933
3612.0,3612.0,0.0952889
3613.0,3613.0,0.21532522
3614.0,3614.0,0.25192583
3615.0,3615.0,0.10327812
3616.0,3616.0,0.16627139
3617.0,3617.0,0.027317408
3618.0,3618.0,0.22964543
3619.0,3619.0,0.26256466
3620.0,3620.0,0.5407832
3621.0,3621.0,0.27568173
3622.0,3622.0,0.160926
3623.0,3623.0,0.1475837
3624.0,3624.0,0.0934524
3625.0,3625.0,0.28068304
3626.0,3626.0,0.30125183
3627.0,3627.0,0.09885702
3628.0,3628.0,0.21349965
3629.0,3629.0,0.024099663
3630.0,3630.0,0.40006664
3631.0,3631.0,0.23196976
3632.0,3632.0,0.02510141
3633.0,3633.0,0.12341715
3634.0,3634.0,0.1947885
3635.0,3635.0,0.05567585
3636.0,3636.0,0.1287194
3637.0,3637.0,0.22543386
3638.0,3638.0,0.20170972
3639.0,3639.0,0.6161197
3640.0,3640.0,0.050852597
3641.0,3641.0,0.10801832
3642.0,3642.0,0.20273569
3643.0,3643.0,0.8165828
3644.0,3644.0,0.5413843
3645.0,3645.0,0.054151762
3646.0,3646.0,0.20124547
3647.0,3647.0,0.042755634
3648.0,3648.0,0.28536007
3649.0,3649.0,0.8309812
3650.0,3650.0,0.1377182
3651.0,3651.0,0.2780457
3652.0,3652.0,0.08274876
3653.0,3653.0,0.20073698
3654.0,3654.0,0.2292485
3655.0,3655.0,0.034644246
3656.0,3656.0,0.21602708
3657.0,3657.0,0.16284245
3658.0,3658.0,0.5937236
3659.0,3659.0,0.22505759
3660.0,3660.0,0.02597601
3661.0,3661.0,0.30008122
3662.0,3662.0,0.25470835
3663.0,3663.0,0.2619776
3664.0,3664.0,0.0013042212
3665.0,3665.0,0.3425721
3666.0,3666.0,0.15458626
3667.0,3667.0,0.32879493
3668.0,3668.0,0.16058323
3669.0,3669.0,0.3175267
3670.0,3670.0,0.2021105
3671.0,3671.0,0.15959154
3672.0,3672.0,0.15761328
3673.0,3673.0,0.5988189
3674.0,3674.0,0.055984415
3675.0,3675.0,0.3041729
3676.0,3676.0,0.36956227
3677.0,3677.0,0.20766214
3678.0,3678.0,0.24730386
3679.0,3679.0,0.02746408
3680.0,3680.0,0.17563896
3681.0,3681.0,0.3869599
3682.0,3682.0,0.45065755
3683.0,3683.0,0.17138751
3684.0,3684.0,0.38843745
3685.0,3685.0,0.15170678
3686.0,3686.0,0.39994958
3687.0,3687.0,0.08002986
3688.0,3688.0,0.08102878
3689.0,3689.0,0.0012482044
3690.0,3690.0,0.20401429
3691.0,3691.0,0.18485305
3692.0,3692.0,0.8144837
3693.0,3693.0,0.05792503
3694.0,3694.0,0.05202414
3695.0,3695.0,0.16094033
3696.0,3696.0,0.399625
3697.0,3697.0,0.5314106
3698.0,3698.0,0.3196449
3699.0,3699.0,0.090140775
3700.0,3700.0,0.29723358
3701.0,3701.0,0.25544557
3702.0,3702.0,0.19262068
3703.0,3703.0,0.58188957
3704.0,3704.0,0.15524252
3705.0,3705.0,0.019862246
3706.0,3706.0,0.27663806
3707.0,3707.0,0.23884656
3708.0,3708.0,0.22394562
3709.0,3709.0,0.5073221
3710.0,3710.0,0.29637235
3711.0,3711.0,0.3703729
3712.0,3712.0,0.17164887
3713.0,3713.0,0.13410398
3714.0,3714.0,0.048435032
3715.0,3715.0,0.51507163
3716.0,3716.0,0.1441423
3717.0,3717.0,0.26948786
3718.0,3718.0,0.07087439
3719.0,3719.0,0.24458456
3720.0,3720.0,0.129714
3721.0,3721.0,0.19460575
3722.0,3722.0,0.25574645
3723.0,3723.0,0.36845595
3724.0,3724.0,0.2455038
3725.0,3725.0,0.28120396
3726.0,3726.0,0.2443804
3727.0,3727.0,0.2693848
3728.0,3728.0,0.21287292
3729.0,3729.0,0.25686002
3730.0,3730.0,0.2144725
3731.0,3731.0,0.21233009
3732.0,3732.0,0.22868481
3733.0,3733.0,0.32598093
3734.0,3734.0,0.44474694
3735.0,3735.0,0.21984929
3736.0,3736.0,0.16364615
3737.0,3737.0,0.06347739
3738.0,3738.0,0.10048088
3739.0,3739.0,0.13657765
3740.0,3740.0,0.35024422
3741.0,3741.0,0.022688119
3742.0,3742.0,0.082908615
3743.0,3743.0,0.30179214
3744.0,3744.0,0.1169296
3745.0,3745.0,0.24284795
3746.0,3746.0,0.25656128
3747.0,3747.0,0.05591752
3748.0,3748.0,0.0012957872
3749.0,3749.0,0.19007412
3750.0,3750.0,0.0012877033
3751.0,3751.0,0.1465283
3752.0,3752.0,0.1445869
3753.0,3753.0,0.16491857
3754.0,3754.0,0.27875802
3755.0,3755.0,0.15157162
3756.0,3756.0,0.46276027
3757.0,3757.0,0.3131487
3758.0,3758.0,0.24180664
3759.0,3759.0,0.3382173
3760.0,3760.0,0.18228719
3761.0,3761.0,0.5667818
3762.0,3762.0,0.034150247
3763.0,3763.0,0.07875253
3764.0,3764.0,0.057790745
3765.0,3765.0,0.19660118
3766.0,3766.0,0.16298877
3767.0,3767.0,0.0011997503
3768.0,3768.0,0.23364158
3769.0,3769.0,0.2018046
3770.0,3770.0,0.5816897
3771.0,3771.0,0.19661906
3772.0,3772.0,0.10437015
3773.0,3773.0,0.022817932
3774.0,3774.0,0.0013149893
3775.0,3775.0,0.23856986
3776.0,3776.0,0.018039277
3777.0,3777.0,0.16293228
3778.0,3778.0,0.26016232
3779.0,3779.0,0.22521889
3780.0,3780.0,0.3979023
3781.0,3781.0,0.057030894
3782.0,3782.0,0.14479946
3783.0,3783.0,0.0884222
3784.0,3784.0,0.1141369
3785.0,3785.0,0.3350644
3786.0,3786.0,0.08438071
3787.0,3787.0,0.23074822
3788.0,3788.0,0.25839496
3789.0,3789.0,0.18716271
3790.0,3790.0,0.67976016
3791.0,3791.0,0.36477068
3792.0,3792.0,0.78903806
3793.0,3793.0,0.24727368
3794.0,3794.0,0.20872903
3795.0,3795.0,0.17219046
3796.0,3796.0,0.014280467
3797.0,3797.0,0.19924726
3798.0,3798.0,0.06990655
3799.0,3799.0,0.3324084
3800.0,3800.0,0.051174253
3801.0,3801.0,0.40932378
3802.0,3802.0,0.021280648
3803.0,3803.0,0.04666551
3804.0,3804.0,0.17584072
3805.0,3805.0,0.22755782
3806.0,3806.0,0.042141773
3807.0,3807.0,0.73278886
3808.0,3808.0,0.0013051213
3809.0,3809.0,0.17540969
3810.0,3810.0,0.15519051
3811.0,3811.0,0.6920465
3812.0,3812.0,0.3077815
3813.0,3813.0,0.48600534
3814.0,3814.0,0.03559592
3815.0,3815.0,0.15662973
3816.0,3816.0,0.04975518
3817.0,3817.0,0.55377114
3818.0,3818.0,0.21546179
3819.0,3819.0,0.0010983801
3820.0,3820.0,0.04190707
3821.0,3821.0,0.1932716
3822.0,3822.0,0.7958703
3823.0,3823.0,0.14368553
3824.0,3824.0,0.06421751
3825.0,3825.0,0.06741702
3826.0,3826.0,0.19367172
3827.0,3827.0,0.17195725
3828.0,3828.0,0.19139732
3829.0,3829.0,0.05321683
3830.0,3830.0,0.19925539
3831.0,3831.0,0.15465364
3832.0,3832.0,0.48610204
3833.0,3833.0,0.56908
3834.0,3834.0,0.2578688
3835.0,3835.0,0.07694563
3836.0,3836.0,0.22767998
3837.0,3837.0,0.011884567
3838.0,3838.0,0.16574088
3839.0,3839.0,0.22098224
3840.0,3840.0,0.06631054
3841.0,3841.0,0.24247336
3842.0,3842.0,0.20777178
3843.0,3843.0,0.05471546
3844.0,3844.0,0.028888732
3845.0,3845.0,0.1881507
3846.0,3846.0,0.22047316
3847.0,3847.0,0.14940229
3848.0,3848.0,0.048567068
3849.0,3849.0,0.3023358
3850.0,3850.0,0.064460926
3851.0,3851.0,0.08891865
3852.0,3852.0,0.7229338
3853.0,3853.0,0.4505651
3854.0,3854.0,0.7859571
3855.0,3855.0,0.1378951
3856.0,3856.0,0.37105602
3857.0,3857.0,0.7022394
3858.0,3858.0,0.21395315
3859.0,3859.0,0.31513503
3860.0,3860.0,0.21114393
3861.0,3861.0,0.05844478
3862.0,3862.0,0.18882562
3863.0,3863.0,0.07503612
3864.0,3864.0,0.20377621
3865.0,3865.0,0.05536563
3866.0,3866.0,0.0172032
3867.0,3867.0,0.5157451
3868.0,3868.0,0.05445365
3869.0,3869.0,0.85502005
3870.0,3870.0,0.19060326
3871.0,3871.0,0.018800454
3872.0,3872.0,0.15739901
3873.0,3873.0,0.18384685
3874.0,3874.0,0.098061755
3875.0,3875.0,0.07299212
3876.0,3876.0,0.06655036
3877.0,3877.0,0.1833033
3878.0,3878.0,0.043197244
3879.0,3879.0,0.0012915789
3880.0,3880.0,0.06138416
3881.0,3881.0,0.028613165
3882.0,3882.0,0.21518055
3883.0,3883.0,0.32125998
3884.0,3884.0,0.03233287
3885.0,3885.0,0.10335777
3886.0,3886.0,0.023214635
3887.0,3887.0,0.23649341
3888.0,3888.0,1.3069597E-4
3889.0,3889.0,0.4217071
3890.0,3890.0,0.09220167
3891.0,3891.0,0.7991064
3892.0,3892.0,0.252033
3893.0,3893.0,0.16767283
3894.0,3894.0,0.035888076
3895.0,3895.0,0.28066793
3896.0,3896.0,0.023030417
3897.0,3897.0,0.28432664
3898.0,3898.0,0.113597035
3899.0,3899.0,0.41579393
3900.0,3900.0,0.105987005
3901.0,3901.0,0.6090686
3902.0,3902.0,0.24943617
3903.0,3903.0,0.035472304
3904.0,3904.0,0.23531762
3905.0,3905.0,0.0601429
3906.0,3906.0,0.44166118
3907.0,3907.0,0.051093467
3908.0,3908.0,0.22443758
3909.0,3909.0,0.26799843
3910.0,3910.0,0.21315546
3911.0,3911.0,0.055721328
3912.0,3912.0,0.06486227
3913.0,3913.0,0.6472393
3914.0,3914.0,0.18149301
3915.0,3915.0,0.07760856
3916.0,3916.0,0.045259252
3917.0,3917.0,0.045221478
3918.0,3918.0,0.040761743
3919.0,3919.0,0.10691067
3920.0,3920.0,0.5285806
3921.0,3921.0,0.20751496
3922.0,3922.0,0.18486342
3923.0,3923.0,0.16661291
3924.0,3924.0,0.04664521
3925.0,3925.0,0.5397428
3926.0,3926.0,0.17299949
3927.0,3927.0,0.15392826
3928.0,3928.0,0.13349819
3929.0,3929.0,0.21652614
3930.0,3930.0,0.5314127
3931.0,3931.0,0.2234992
3932.0,3932.0,0.3022799
3933.0,3933.0,0.21063358
3934.0,3934.0,0.17516239
3935.0,3935.0,0.025518246
3936.0,3936.0,0.28276446
3937.0,3937.0,0.2593477
3938.0,3938.0,0.15208662
3939.0,3939.0,0.14281356
3940.0,3940.0,0.69154453
3941.0,3941.0,0.3092338
3942.0,3942.0,0.045609303
3943.0,3943.0,0.15348606
3944.0,3944.0,0.21389297
3945.0,3945.0,0.24397959
3946.0,3946.0,0.17267954
3947.0,3947.0,0.09954901
3948.0,3948.0,0.06811168
3949.0,3949.0,0.45515862
3950.0,3950.0,0.21014754
3951.0,3951.0,0.23302956
3952.0,3952.0,0.2477278
3953.0,3953.0,0.11607873
3954.0,3954.0,0.039003573
3955.0,3955.0,0.074924424
3956.0,3956.0,0.4688129
3957.0,3957.0,0.19800963
3958.0,3958.0,0.11636456
3959.0,3959.0,0.4086985
3960.0,3960.0,0.15624064
3961.0,3961.0,0.60065776
3962.0,3962.0,0.19016463
3963.0,3963.0,0.008724516
3964.0,3964.0,0.028860308
3965.0,3965.0,0.0417642
3966.0,3966.0,0.17037821
3967.0,3967.0,0.20931129
3968.0,3968.0,0.26754642
3969.0,3969.0,0.2196861
3970.0,3970.0,0.24903968
3971.0,3971.0,0.0451582
3972.0,3972.0,0.016242586
3973.0,3973.0,0.11874223
3974.0,3974.0,0.60517895
3975.0,3975.0,0.022725752
3976.0,3976.0,0.38379803
3977.0,3977.0,0.033985943
3978.0,3978.0,0.04071946
3979.0,3979.0,0.21966892
3980.0,3980.0,0.039421204
3981.0,3981.0,0.12179884
3982.0,3982.0,9.668606E-4
3983.0,3983.0,0.019792201
3984.0,3984.0,0.40489364
3985.0,3985.0,0.102876626
3986.0,3986.0,0.012726323
3987.0,3987.0,0.08992509
3988.0,3988.0,0.37106574
3989.0,3989.0,0.083276264
3990.0,3990.0,0.03806822
3991.0,3991.0,0.32516122
3992.0,3992.0,0.4230559
3993.0,3993.0,0.35386342
3994.0,3994.0,0.11454463
3995.0,3995.0,0.25542137
3996.0,3996.0,0.19932146
3997.0,3997.0,0.1572192
3998.0,3998.0,0.26152256
3999.0,3999.0,0.030236986
4000.0,4000.0,0.05292423
4001.0,4001.0,0.038617954
4002.0,4002.0,0.30717754
4003.0,4003.0,0.35437652
4004.0,4004.0,0.5840638
4005.0,4005.0,0.21264328
4006.0,4006.0,0.14846216
4007.0,4007.0,0.22162187
4008.0,4008.0,0.16554174
4009.0,4009.0,0.20451587
4010.0,4010.0,0.051154356
4011.0,4011.0,0.17193091
4012.0,4012.0,0.27806664
4013.0,4013.0,0.033896647
4014.0,4014.0,0.23245491
4015.0,4015.0,0.037306722
4016.0,4016.0,0.017284255
4017.0,4017.0,0.16298483
4018.0,4018.0,0.11517612
4019.0,4019.0,0.5420799
4020.0,4020.0,0.0560603
4021.0,4021.0,0.2346195
4022.0,4022.0,0.4897854
4023.0,4023.0,0.23184362
4024.0,4024.0,0.09069898
4025.0,4025.0,0.15717258
4026.0,4026.0,0.12518539
4027.0,4027.0,0.034845266
4028.0,4028.0,0.44418323
4029.0,4029.0,0.26183715
4030.0,4030.0,0.47547626
4031.0,4031.0,0.46295804
4032.0,4032.0,0.15742531
4033.0,4033.0,0.24614622
4034.0,4034.0,0.094343565
4035.0,4035.0,0.77409726
4036.0,4036.0,0.19068955
4037.0,4037.0,0.3189989
4038.0,4038.0,0.200685
4039.0,4039.0,0.113551624
4040.0,4040.0,0.15673925
4041.0,4041.0,0.04309696
4042.0,4042.0,0.75286674
4043.0,4043.0,0.034727663
4044.0,4044.0,0.068760626
4045.0,4045.0,0.20268275
4046.0,4046.0,0.7053876
4047.0,4047.0,0.24536248
4048.0,4048.0,0.088103786
4049.0,4049.0,0.4236338
4050.0,4050.0,0.24209306
4051.0,4051.0,0.19194557
4052.0,4052.0,0.12875716
4053.0,4053.0,0.102986254
4054.0,4054.0,0.55481154
4055.0,4055.0,0.107630126
4056.0,4056.0,0.25482917
4057.0,4057.0,0.25379574
4058.0,4058.0,0.23598449
4059.0,4059.0,0.1754087
4060.0,4060.0,0.57733124
4061.0,4061.0,0.23344794
4062.0,4062.0,0.16791749
4063.0,4063.0,0.15916184
4064.0,4064.0,0.045302827
4065.0,4065.0,0.06763923
4066.0,4066.0,0.04781111
4067.0,4067.0,0.36628976
4068.0,4068.0,0.025695162
4069.0,4069.0,0.13462964
4070.0,4070.0,0.1829824
4071.0,4071.0,0.07960943
4072.0,4072.0,0.14068265
4073.0,4073.0,0.2436972
4074.0,4074.0,0.10507657
4075.0,4075.0,4.3804757E-4
4076.0,4076.0,0.043590277
4077.0,4077.0,0.45917994
4078.0,4078.0,0.14377923
4079.0,4079.0,0.23461358
4080.0,4080.0,0.35709187
4081.0,4081.0,0.058326073
4082.0,4082.0,0.038288176
4083.0,4083.0,0.039669927
4084.0,4084.0,0.059270456
4085.0,4085.0,0.08865928
4086.0,4086.0,0.049628623
4087.0,4087.0,0.040457174
4088.0,4088.0,0.24788901
4089.0,4089.0,0.06281159
4090.0,4090.0,0.30938858
4091.0,4091.0,0.19332202
4092.0,4092.0,0.18896286
