x,y,species min
1.0,1.0,0.2209134
2.0,2.0,0.5505985
3.0,3.0,0.020607784
4.0,4.0,0.23080431
5.0,5.0,0.35080925
6.0,6.0,0.00759069
7.0,7.0,0.34451023
8.0,8.0,0.21983647
9.0,9.0,0.45351207
10.0,10.0,0.36362222
11.0,11.0,0.29086888
12.0,12.0,0.39050123
13.0,13.0,0.19561508
14.0,14.0,0.61487436
15.0,15.0,0.44229496
16.0,16.0,0.25546685
17.0,17.0,0.5191606
18.0,18.0,0.63314015
19.0,19.0,0.34236166
20.0,20.0,0.24975048
21.0,21.0,0.37490973
22.0,22.0,0.24785587
23.0,23.0,0.39697033
24.0,24.0,0.1691604
25.0,25.0,0.5074007
26.0,26.0,0.07652918
27.0,27.0,0.5521206
28.0,28.0,0.55528766
29.0,29.0,0.56758946
30.0,30.0,0.2517128
31.0,31.0,0.25195548
32.0,32.0,0.042655207
33.0,33.0,0.42919984
34.0,34.0,0.6499343
35.0,35.0,0.37149113
36.0,36.0,0.25353172
37.0,37.0,0.010328674
38.0,38.0,0.36842033
39.0,39.0,0.6161184
40.0,40.0,0.6440044
41.0,41.0,0.30680776
42.0,42.0,0.28200796
43.0,43.0,0.123552464
44.0,44.0,0.43251777
45.0,45.0,0.24245532
46.0,46.0,0.31147835
47.0,47.0,0.41189268
48.0,48.0,0.23320355
49.0,49.0,0.4062742
50.0,50.0,0.25716627
51.0,51.0,0.40912518
52.0,52.0,0.011914711
53.0,53.0,0.3471732
54.0,54.0,5.777132E-6
55.0,55.0,0.34425676
56.0,56.0,0.24972117
57.0,57.0,9.545529E-5
58.0,58.0,0.5883453
59.0,59.0,0.040152535
60.0,60.0,0.052210502
61.0,61.0,9.653071E-5
62.0,62.0,0.22244862
63.0,63.0,0.13175152
64.0,64.0,0.39522707
65.0,65.0,0.084685646
66.0,66.0,0.023184167
67.0,67.0,0.12583184
68.0,68.0,0.21188751
69.0,69.0,0.6366627
70.0,70.0,0.22532435
71.0,71.0,0.62913924
72.0,72.0,0.034118406
73.0,73.0,0.38003853
74.0,74.0,0.43386322
75.0,75.0,0.5996544
76.0,76.0,0.04215861
77.0,77.0,0.44725204
78.0,78.0,0.16575287
79.0,79.0,0.6372066
80.0,80.0,0.6304657
81.0,81.0,0.020648204
82.0,82.0,0.3068452
83.0,83.0,0.4833412
84.0,84.0,0.21947078
85.0,85.0,0.010307449
86.0,86.0,0.38382557
87.0,87.0,0.550382
88.0,88.0,0.4813993
89.0,89.0,0.4165087
90.0,90.0,0.59822524
91.0,91.0,0.23508999
92.0,92.0,0.19636081
93.0,93.0,0.33783776
94.0,94.0,0.03699946
95.0,95.0,0.26755252
96.0,96.0,5.757919E-6
97.0,97.0,0.26465452
98.0,98.0,0.072472356
99.0,99.0,0.30647233
100.0,100.0,0.26604587
101.0,101.0,0.5113439
102.0,102.0,0.56273174
103.0,103.0,0.0051788585
104.0,104.0,0.4023152
105.0,105.0,0.2548232
106.0,106.0,0.040015
107.0,107.0,0.57520795
108.0,108.0,0.3044267
109.0,109.0,0.2870677
110.0,110.0,0.51271427
111.0,111.0,0.48067904
112.0,112.0,0.00539705
113.0,113.0,0.3146637
114.0,114.0,0.16434702
115.0,115.0,0.28760833
116.0,116.0,0.093987316
117.0,117.0,0.39377433
118.0,118.0,0.13053192
119.0,119.0,0.34937024
120.0,120.0,0.5644655
121.0,121.0,0.38856062
122.0,122.0,0.04353839
123.0,123.0,0.0129284775
124.0,124.0,0.58979905
125.0,125.0,0.3290893
126.0,126.0,0.3225159
127.0,127.0,0.33460686
128.0,128.0,0.012013802
129.0,129.0,0.5127567
130.0,130.0,0.54335934
131.0,131.0,0.40455815
132.0,132.0,0.4741148
133.0,133.0,0.0076224636
134.0,134.0,0.12430251
135.0,135.0,0.3240761
136.0,136.0,0.012029864
137.0,137.0,0.50599533
138.0,138.0,0.5205666
139.0,139.0,0.31007916
140.0,140.0,9.378841E-5
141.0,141.0,0.21113563
142.0,142.0,0.29301378
143.0,143.0,0.4990818
144.0,144.0,0.08372207
145.0,145.0,0.5724054
146.0,146.0,0.3086754
147.0,147.0,0.012013802
148.0,148.0,0.48605943
149.0,149.0,0.62390536
150.0,150.0,0.3044267
151.0,151.0,0.25451845
152.0,152.0,0.38816464
153.0,153.0,0.54550326
154.0,154.0,0.32105777
155.0,155.0,0.6113973
156.0,156.0,0.005521609
157.0,157.0,0.083960496
158.0,158.0,0.32957733
159.0,159.0,0.40893278
160.0,160.0,0.43016428
161.0,161.0,0.27894828
162.0,162.0,0.44315088
163.0,163.0,0.61485994
164.0,164.0,0.21947543
165.0,165.0,0.5748576
166.0,166.0,9.545529E-5
167.0,167.0,0.084858455
168.0,168.0,0.33996785
169.0,169.0,0.32441306
170.0,170.0,0.50006914
171.0,171.0,0.54770386
172.0,172.0,0.3670637
173.0,173.0,0.6167681
174.0,174.0,0.30728552
175.0,175.0,0.16613765
176.0,176.0,0.07027054
177.0,177.0,0.12334632
178.0,178.0,0.23128304
179.0,179.0,0.042601548
180.0,180.0,0.61290574
181.0,181.0,0.26463872
182.0,182.0,0.45292154
183.0,183.0,0.41804054
184.0,184.0,0.25651652
185.0,185.0,0.6341251
186.0,186.0,0.31648445
187.0,187.0,0.4644849
188.0,188.0,0.18982357
189.0,189.0,0.3234461
190.0,190.0,0.62789726
191.0,191.0,0.28786203
192.0,192.0,0.44972232
193.0,193.0,0.46636078
194.0,194.0,0.6326069
195.0,195.0,0.63812375
196.0,196.0,0.084376626
197.0,197.0,0.39127642
198.0,198.0,0.29301378
199.0,199.0,0.33377045
200.0,200.0,0.18893403
201.0,201.0,0.3670637
202.0,202.0,0.5813081
203.0,203.0,0.23999977
204.0,204.0,0.2756687
205.0,205.0,0.4380428
206.0,206.0,0.5574055
207.0,207.0,0.60593855
208.0,208.0,0.19251543
209.0,209.0,0.020886948
210.0,210.0,0.31469855
211.0,211.0,0.003933703
212.0,212.0,0.13315436
213.0,213.0,0.007521815
214.0,214.0,0.08484504
215.0,215.0,0.03689047
216.0,216.0,0.34610838
217.0,217.0,0.50819314
218.0,218.0,0.45458782
219.0,219.0,0.22416843
220.0,220.0,0.26479968
221.0,221.0,0.445603
222.0,222.0,0.37766048
223.0,223.0,0.41518876
224.0,224.0,0.23185417
225.0,225.0,0.37149113
226.0,226.0,0.2507104
227.0,227.0,0.22232899
228.0,228.0,0.53897685
229.0,229.0,0.08510409
230.0,230.0,0.003995826
231.0,231.0,0.26059994
232.0,232.0,0.4004347
233.0,233.0,0.6380644
234.0,234.0,0.33804834
235.0,235.0,0.4047299
236.0,236.0,0.5325321
237.0,237.0,0.21470873
238.0,238.0,0.34451023
239.0,239.0,0.38072228
240.0,240.0,0.16918479
241.0,241.0,0.62708575
242.0,242.0,0.6355561
243.0,243.0,0.22397116
244.0,244.0,0.40704212
245.0,245.0,0.25715145
246.0,246.0,0.52748245
247.0,247.0,0.23177262
248.0,248.0,0.36414534
249.0,249.0,0.58371747
250.0,250.0,0.39118743
251.0,251.0,0.16739297
252.0,252.0,0.22845079
253.0,253.0,0.34548375
254.0,254.0,0.45158383
255.0,255.0,0.12408248
256.0,256.0,0.342506
257.0,257.0,0.007185721
258.0,258.0,0.021107921
259.0,259.0,0.02987823
260.0,260.0,0.513237
261.0,261.0,0.38362536
262.0,262.0,0.28200796
263.0,263.0,0.57096064
264.0,264.0,0.0030181063
265.0,265.0,0.64713097
266.0,266.0,0.41580966
267.0,267.0,0.16552551
268.0,268.0,0.34451023
269.0,269.0,0.5747243
270.0,270.0,0.4052089
271.0,271.0,0.23740686
272.0,272.0,0.24585591
273.0,273.0,5.757919E-6
274.0,274.0,0.4048495
275.0,275.0,0.043318525
276.0,276.0,0.60961354
277.0,277.0,0.21312197
278.0,278.0,0.12376363
279.0,279.0,0.3667953
280.0,280.0,0.5593184
281.0,281.0,0.45899972
282.0,282.0,0.48067904
283.0,283.0,0.107029006
284.0,284.0,0.39259943
285.0,285.0,0.33358768
286.0,286.0,0.032323215
287.0,287.0,0.058381964
288.0,288.0,0.28200796
289.0,289.0,0.68323004
290.0,290.0,0.57520235
291.0,291.0,0.2656466
292.0,292.0,0.21312197
293.0,293.0,0.05999967
294.0,294.0,0.2747253
295.0,295.0,0.4242785
296.0,296.0,0.545198
297.0,297.0,0.107029006
298.0,298.0,0.38031438
299.0,299.0,0.53742963
300.0,300.0,0.34070385
301.0,301.0,0.29177672
302.0,302.0,0.26886445
303.0,303.0,0.03410423
304.0,304.0,0.59917367
305.0,305.0,0.3029432
306.0,306.0,0.3071243
307.0,307.0,0.012868415
308.0,308.0,0.4085207
309.0,309.0,0.67953706
310.0,310.0,0.6520178
311.0,311.0,0.47916016
312.0,312.0,0.2559457
313.0,313.0,0.36642995
314.0,314.0,0.13250633
315.0,315.0,0.2557219
316.0,316.0,0.46636078
317.0,317.0,0.53069705
318.0,318.0,0.5963531
319.0,319.0,0.40709552
320.0,320.0,0.2810926
321.0,321.0,0.6014529
322.0,322.0,0.2511458
323.0,323.0,0.38023597
324.0,324.0,0.4066108
325.0,325.0,0.38308316
326.0,326.0,0.54558206
327.0,327.0,0.44271344
328.0,328.0,0.27410114
329.0,329.0,0.2683433
330.0,330.0,0.30631933
331.0,331.0,0.33337697
332.0,332.0,0.08859728
333.0,333.0,0.0038046387
334.0,334.0,0.38367438
335.0,335.0,0.5392606
336.0,336.0,0.2875435
337.0,337.0,0.08584683
338.0,338.0,0.47497883
339.0,339.0,0.37622878
340.0,340.0,0.009267075
341.0,341.0,0.39206472
342.0,342.0,0.2501243
343.0,343.0,0.40321907
344.0,344.0,0.4968205
345.0,345.0,0.44046023
346.0,346.0,0.26465452
347.0,347.0,0.010442556
348.0,348.0,0.16915554
349.0,349.0,0.35924146
350.0,350.0,0.22845079
351.0,351.0,0.47189897
352.0,352.0,0.50106305
353.0,353.0,0.17144555
354.0,354.0,0.44169864
355.0,355.0,0.43365496
356.0,356.0,0.23381485
357.0,357.0,0.43304273
358.0,358.0,0.0428817
359.0,359.0,0.5197797
360.0,360.0,0.5116169
361.0,361.0,0.58467925
362.0,362.0,0.009121331
363.0,363.0,0.62938595
364.0,364.0,0.04247251
365.0,365.0,0.54724705
366.0,366.0,0.08510409
367.0,367.0,0.5631126
368.0,368.0,0.039569184
369.0,369.0,0.27000684
370.0,370.0,0.25767004
371.0,371.0,0.0076052733
372.0,372.0,0.5252508
373.0,373.0,0.6222342
374.0,374.0,0.41015854
375.0,375.0,0.26435342
376.0,376.0,0.30717903
377.0,377.0,0.43092984
378.0,378.0,0.5065764
379.0,379.0,0.6316006
380.0,380.0,0.624949
381.0,381.0,0.20874928
382.0,382.0,0.46974602
383.0,383.0,0.44213447
384.0,384.0,0.5781104
385.0,385.0,0.41048485
386.0,386.0,0.19636081
387.0,387.0,0.4639239
388.0,388.0,0.029417962
389.0,389.0,0.29301378
390.0,390.0,0.5889742
391.0,391.0,0.43194482
392.0,392.0,0.44941553
393.0,393.0,0.3698885
394.0,394.0,0.44965157
395.0,395.0,0.6629629
396.0,396.0,0.22532435
397.0,397.0,0.0036506013
398.0,398.0,0.21983647
399.0,399.0,0.21983647
400.0,400.0,0.6332859
401.0,401.0,0.36780554
402.0,402.0,0.00925964
403.0,403.0,0.44523513
404.0,404.0,0.14770304
405.0,405.0,0.4049046
406.0,406.0,0.52748245
407.0,407.0,0.2337561
408.0,408.0,0.60286176
409.0,409.0,0.50819314
410.0,410.0,0.46917513
411.0,411.0,0.2852587
412.0,412.0,0.29301378
413.0,413.0,0.54550326
414.0,414.0,0.3094343
415.0,415.0,0.26886445
416.0,416.0,0.0079219835
417.0,417.0,0.057490543
418.0,418.0,0.45186275
419.0,419.0,0.5132032
420.0,420.0,0.004065821
421.0,421.0,0.3108468
422.0,422.0,0.56114984
423.0,423.0,0.6175621
424.0,424.0,0.25038573
425.0,425.0,0.346361
426.0,426.0,0.5709016
427.0,427.0,0.34451023
428.0,428.0,0.30631933
429.0,429.0,0.5778655
430.0,430.0,0.12273683
431.0,431.0,0.28400692
432.0,432.0,0.4517719
433.0,433.0,0.25715145
434.0,434.0,0.51057494
435.0,435.0,0.41225943
436.0,436.0,0.59644604
437.0,437.0,0.10702059
438.0,438.0,0.034118406
439.0,439.0,0.50291336
440.0,440.0,0.5380417
441.0,441.0,0.5406241
442.0,442.0,0.25406733
443.0,443.0,0.040127743
444.0,444.0,0.5969397
445.0,445.0,0.6564095
446.0,446.0,0.37020293
447.0,447.0,0.14917217
448.0,448.0,0.50888735
449.0,449.0,0.12488145
450.0,450.0,0.029562596
451.0,451.0,0.20169358
452.0,452.0,0.42956945
453.0,453.0,0.3113283
454.0,454.0,0.22232899
455.0,455.0,0.6402012
456.0,456.0,0.31317163
457.0,457.0,0.6072729
458.0,458.0,0.010336724
459.0,459.0,0.40384015
460.0,460.0,0.62461966
461.0,461.0,0.59544146
462.0,462.0,0.020290375
463.0,463.0,0.5222422
464.0,464.0,0.63713074
465.0,465.0,0.19251543
466.0,466.0,0.27915752
467.0,467.0,0.046793602
468.0,468.0,0.39717498
469.0,469.0,0.28262568
470.0,470.0,0.40964863
471.0,471.0,0.27061564
472.0,472.0,0.28132233
473.0,473.0,0.5565217
474.0,474.0,0.4658306
475.0,475.0,0.34451023
476.0,476.0,0.060880434
477.0,477.0,0.12430251
478.0,478.0,0.6331951
479.0,479.0,0.6034592
480.0,480.0,0.23702085
481.0,481.0,0.316362
482.0,482.0,0.0837845
483.0,483.0,0.30634692
484.0,484.0,0.46545458
485.0,485.0,0.39880776
486.0,486.0,0.36218002
487.0,487.0,0.07027054
488.0,488.0,0.39402378
489.0,489.0,0.3882948
490.0,490.0,0.03952176
491.0,491.0,0.5218295
492.0,492.0,0.58653337
493.0,493.0,0.47775075
494.0,494.0,0.037309624
495.0,495.0,0.23803975
496.0,496.0,0.3163794
497.0,497.0,0.60081047
498.0,498.0,0.46987814
499.0,499.0,0.010415296
500.0,500.0,0.5499469
501.0,501.0,0.28150454
502.0,502.0,0.042402703
503.0,503.0,0.4416607
504.0,504.0,0.367158
505.0,505.0,0.29234406
506.0,506.0,0.2658063
507.0,507.0,0.36642995
508.0,508.0,0.28200796
509.0,509.0,0.22068428
510.0,510.0,0.26604587
511.0,511.0,0.40531808
512.0,512.0,0.5589922
513.0,513.0,0.42935887
514.0,514.0,0.45221663
515.0,515.0,0.368157
516.0,516.0,0.013079184
517.0,517.0,0.3949892
518.0,518.0,0.4350756
519.0,519.0,0.36625767
520.0,520.0,0.41804054
521.0,521.0,0.2778984
522.0,522.0,0.3640744
523.0,523.0,0.4139439
524.0,524.0,0.4066682
525.0,525.0,0.6130163
526.0,526.0,3.2894636E-4
527.0,527.0,0.27061564
528.0,528.0,0.3591357
529.0,529.0,0.4689321
530.0,530.0,0.6307268
531.0,531.0,0.21302316
532.0,532.0,0.36232367
533.0,533.0,0.55174506
534.0,534.0,0.04186323
535.0,535.0,0.25456992
536.0,536.0,0.11265852
537.0,537.0,0.004163649
538.0,538.0,0.4066682
539.0,539.0,0.2858984
540.0,540.0,0.3575529
541.0,541.0,0.08633801
542.0,542.0,0.39660472
543.0,543.0,0.4022425
544.0,544.0,0.63458085
545.0,545.0,0.6179226
546.0,546.0,0.4516528
547.0,547.0,0.45118934
548.0,548.0,0.072472356
549.0,549.0,0.55432916
550.0,550.0,0.48360863
551.0,551.0,0.61194754
552.0,552.0,0.085082196
553.0,553.0,0.13116339
554.0,554.0,0.34511918
555.0,555.0,0.13271275
556.0,556.0,0.34602067
557.0,557.0,0.16247123
558.0,558.0,0.39259943
559.0,559.0,0.4732648
560.0,560.0,0.60736585
561.0,561.0,0.26987264
562.0,562.0,0.34937024
563.0,563.0,0.5124291
564.0,564.0,0.13131168
565.0,565.0,0.020607784
566.0,566.0,0.28853187
567.0,567.0,0.5078446
568.0,568.0,0.63451165
569.0,569.0,0.44454125
570.0,570.0,0.2345225
571.0,571.0,0.28744566
572.0,572.0,0.6214259
573.0,573.0,0.22585933
574.0,574.0,0.5992887
575.0,575.0,0.6751404
576.0,576.0,0.24494253
577.0,577.0,0.6603188
578.0,578.0,0.4177048
579.0,579.0,0.029858591
580.0,580.0,0.30459163
581.0,581.0,0.29301378
582.0,582.0,0.6901143
583.0,583.0,0.4097426
584.0,584.0,0.12480541
585.0,585.0,0.43982056
586.0,586.0,0.02987823
587.0,587.0,0.26604587
588.0,588.0,0.0403599
589.0,589.0,0.084887676
590.0,590.0,0.4045003
591.0,591.0,0.27541137
592.0,592.0,0.23999977
593.0,593.0,0.2714618
594.0,594.0,0.35330725
595.0,595.0,0.55759
596.0,596.0,0.24964567
597.0,597.0,0.2879595
598.0,598.0,0.64880294
599.0,599.0,0.6322123
600.0,600.0,0.4034058
601.0,601.0,0.08776839
602.0,602.0,0.38191724
603.0,603.0,0.25715145
604.0,604.0,0.5065764
605.0,605.0,0.40100998
606.0,606.0,0.6525243
607.0,607.0,0.32168618
608.0,608.0,0.39273345
609.0,609.0,0.5890965
610.0,610.0,0.5902896
611.0,611.0,0.5130307
612.0,612.0,0.41995057
613.0,613.0,0.607417
614.0,614.0,0.6070093
615.0,615.0,0.6232326
616.0,616.0,0.3369379
617.0,617.0,0.010307449
618.0,618.0,0.4065853
619.0,619.0,0.07697761
620.0,620.0,0.26047233
621.0,621.0,0.27196133
622.0,622.0,0.2660087
623.0,623.0,0.44301352
624.0,624.0,0.39837736
625.0,625.0,0.21489115
626.0,626.0,0.39357498
627.0,627.0,0.58274555
628.0,628.0,0.33972478
629.0,629.0,0.59317225
630.0,630.0,0.389345
631.0,631.0,0.55921906
632.0,632.0,0.39416495
633.0,633.0,0.2337561
634.0,634.0,0.26349005
635.0,635.0,0.26604587
636.0,636.0,9.5753894E-5
637.0,637.0,0.6587126
638.0,638.0,0.26477623
639.0,639.0,0.03967847
640.0,640.0,0.44147032
641.0,641.0,0.23690593
642.0,642.0,0.6037961
643.0,643.0,0.6034508
644.0,644.0,0.0849576
645.0,645.0,0.44032556
646.0,646.0,0.039618213
647.0,647.0,0.22215176
648.0,648.0,0.029417962
649.0,649.0,0.08510409
650.0,650.0,0.40506035
651.0,651.0,0.21968232
652.0,652.0,0.45708618
653.0,653.0,0.018725663
654.0,654.0,0.30691695
655.0,655.0,0.46636078
656.0,656.0,0.48067904
657.0,657.0,0.52788645
658.0,658.0,0.39772657
659.0,659.0,0.5949595
660.0,660.0,0.6058902
661.0,661.0,0.5165967
662.0,662.0,0.38269415
663.0,663.0,0.39259943
664.0,664.0,0.040210377
665.0,665.0,0.02322502
666.0,666.0,0.22232899
667.0,667.0,0.34150946
668.0,668.0,0.14608991
669.0,669.0,0.51585746
670.0,670.0,4.185343E-4
671.0,671.0,0.22795318
672.0,672.0,0.12359672
673.0,673.0,0.5654125
674.0,674.0,0.4794938
675.0,675.0,0.029992566
676.0,676.0,0.2555463
677.0,677.0,0.0013791311
678.0,678.0,0.19102994
679.0,679.0,0.44108266
680.0,680.0,0.2905386
681.0,681.0,0.5636986
682.0,682.0,0.36434028
683.0,683.0,0.020785427
684.0,684.0,0.08818871
685.0,685.0,0.5184491
686.0,686.0,0.012882614
687.0,687.0,0.5135158
688.0,688.0,0.5113493
689.0,689.0,0.3449612
690.0,690.0,0.4134994
691.0,691.0,0.22232899
692.0,692.0,0.24209797
693.0,693.0,0.60930884
694.0,694.0,0.21947543
695.0,695.0,0.65351653
696.0,696.0,0.30300906
697.0,697.0,0.25763577
698.0,698.0,0.023584858
699.0,699.0,0.14608991
700.0,700.0,0.34958422
701.0,701.0,0.10900679
702.0,702.0,0.40745324
703.0,703.0,0.084169365
704.0,704.0,0.5723341
705.0,705.0,0.5880963
706.0,706.0,0.6024176
707.0,707.0,0.123801686
708.0,708.0,0.13315436
709.0,709.0,0.42781284
710.0,710.0,0.21302316
711.0,711.0,0.5840469
712.0,712.0,0.6520784
713.0,713.0,0.47263703
714.0,714.0,0.1312069
715.0,715.0,0.55941564
716.0,716.0,0.22090226
717.0,717.0,0.28631777
718.0,718.0,0.62106687
719.0,719.0,0.12256332
720.0,720.0,0.5013046
721.0,721.0,0.51209
722.0,722.0,0.41286254
723.0,723.0,0.51057494
724.0,724.0,0.029623559
725.0,725.0,0.34937024
726.0,726.0,0.34451023
727.0,727.0,0.6232326
728.0,728.0,0.21947543
729.0,729.0,0.21312197
730.0,730.0,0.28469023
731.0,731.0,0.37149113
732.0,732.0,0.41234267
733.0,733.0,0.029583573
734.0,734.0,0.22232899
735.0,735.0,0.0052189953
736.0,736.0,0.61468697
737.0,737.0,0.56215894
738.0,738.0,0.48854735
739.0,739.0,0.6154928
740.0,740.0,0.39882413
741.0,741.0,0.020562254
742.0,742.0,0.24114418
743.0,743.0,0.21315719
744.0,744.0,0.33804834
745.0,745.0,0.24964567
746.0,746.0,0.12241528
747.0,747.0,0.45161486
748.0,748.0,0.60417765
749.0,749.0,0.3184153
750.0,750.0,0.36582333
751.0,751.0,0.40162686
752.0,752.0,0.28792801
753.0,753.0,0.22167239
754.0,754.0,0.52246153
755.0,755.0,0.5132481
756.0,756.0,0.5796213
757.0,757.0,0.3073843
758.0,758.0,0.22439183
759.0,759.0,0.35924146
760.0,760.0,0.51280284
761.0,761.0,0.3784896
762.0,762.0,0.6322168
763.0,763.0,0.44134983
764.0,764.0,0.5191606
765.0,765.0,0.032663755
766.0,766.0,0.021447321
767.0,767.0,0.3264949
768.0,768.0,0.26362967
769.0,769.0,0.5154042
770.0,770.0,0.020556452
771.0,771.0,0.5137699
772.0,772.0,0.08372207
773.0,773.0,0.51271427
774.0,774.0,0.41008094
775.0,775.0,0.4078192
776.0,776.0,0.45949674
777.0,777.0,0.4861058
778.0,778.0,0.40540507
779.0,779.0,0.12356831
780.0,780.0,0.08360627
781.0,781.0,0.45218885
782.0,782.0,0.08372207
783.0,783.0,0.2370937
784.0,784.0,0.086202584
785.0,785.0,0.12393451
786.0,786.0,0.023050046
787.0,787.0,0.45118934
788.0,788.0,0.225876
789.0,789.0,0.6513054
790.0,790.0,0.124203295
791.0,791.0,0.5433148
792.0,792.0,0.02987823
793.0,793.0,0.22016706
794.0,794.0,0.50801486
795.0,795.0,0.11899113
796.0,796.0,0.49540994
797.0,797.0,0.08434919
798.0,798.0,0.26675558
799.0,799.0,0.07315253
800.0,800.0,0.010269648
801.0,801.0,0.39629567
802.0,802.0,0.4047299
803.0,803.0,0.44203416
804.0,804.0,0.23702085
805.0,805.0,0.26183882
806.0,806.0,0.25406733
807.0,807.0,0.090892956
808.0,808.0,0.46709692
809.0,809.0,0.6232326
810.0,810.0,0.62783766
811.0,811.0,0.20707367
812.0,812.0,9.434192E-5
813.0,813.0,0.0053942334
814.0,814.0,0.009222911
815.0,815.0,0.32156992
816.0,816.0,0.44622982
817.0,817.0,0.6149336
818.0,818.0,0.37698665
819.0,819.0,0.18030141
820.0,820.0,0.51840156
821.0,821.0,0.55523086
822.0,822.0,0.16198887
823.0,823.0,0.10253572
824.0,824.0,0.17630658
825.0,825.0,0.41312027
826.0,826.0,0.21180579
827.0,827.0,0.47775075
828.0,828.0,0.36635646
829.0,829.0,0.38085237
830.0,830.0,0.58693165
831.0,831.0,0.26465452
832.0,832.0,0.5168315
833.0,833.0,9.557519E-5
834.0,834.0,0.6150257
835.0,835.0,0.2852587
836.0,836.0,0.0037611178
837.0,837.0,0.0042083673
838.0,838.0,0.26886445
839.0,839.0,0.3639506
840.0,840.0,0.3369379
841.0,841.0,0.12366652
842.0,842.0,0.3428015
843.0,843.0,0.28489572
844.0,844.0,0.21909533
845.0,845.0,0.45189226
846.0,846.0,0.5936528
847.0,847.0,0.6033403
848.0,848.0,0.39629567
849.0,849.0,0.4107334
850.0,850.0,0.24280317
851.0,851.0,0.35546175
852.0,852.0,0.34296134
853.0,853.0,0.63460475
854.0,854.0,0.53117394
855.0,855.0,0.46637586
856.0,856.0,0.5441059
857.0,857.0,0.50819314
858.0,858.0,0.45189226
859.0,859.0,0.36452985
860.0,860.0,0.5868809
861.0,861.0,0.2856015
862.0,862.0,0.31469855
863.0,863.0,0.22532435
864.0,864.0,0.44353083
865.0,865.0,0.216747
866.0,866.0,0.400502
867.0,867.0,0.34451023
868.0,868.0,0.21441922
869.0,869.0,0.26751202
870.0,870.0,0.43365473
871.0,871.0,0.27320263
872.0,872.0,0.004124333
873.0,873.0,0.21983647
874.0,874.0,0.38201243
875.0,875.0,0.020607784
876.0,876.0,0.22845079
877.0,877.0,0.3451923
878.0,878.0,0.16978402
879.0,879.0,0.30881602
880.0,880.0,0.2747253
881.0,881.0,0.2548232
882.0,882.0,0.54550326
883.0,883.0,0.5271471
884.0,884.0,0.34628177
885.0,885.0,0.62092644
886.0,886.0,0.4317135
887.0,887.0,0.6183511
888.0,888.0,0.6111746
889.0,889.0,0.45585796
890.0,890.0,0.21223366
891.0,891.0,0.62947494
892.0,892.0,0.62721944
893.0,893.0,0.36381122
894.0,894.0,0.38031438
895.0,895.0,0.51057494
896.0,896.0,0.44939402
897.0,897.0,0.5596435
898.0,898.0,0.2879595
899.0,899.0,0.3011631
900.0,900.0,0.5101207
901.0,901.0,0.20358942
902.0,902.0,0.13116339
903.0,903.0,0.38072228
904.0,904.0,0.6496386
905.0,905.0,0.1250749
906.0,906.0,0.35018885
907.0,907.0,0.04088854
908.0,908.0,0.33709782
909.0,909.0,0.6602917
910.0,910.0,0.39517576
911.0,911.0,0.618067
912.0,912.0,0.19491535
913.0,913.0,0.43108338
914.0,914.0,0.27429074
915.0,915.0,0.08500911
916.0,916.0,0.41518876
917.0,917.0,0.31762198
918.0,918.0,0.3447109
919.0,919.0,0.55673665
920.0,920.0,0.23318714
921.0,921.0,0.23166254
922.0,922.0,0.25185007
923.0,923.0,0.2386161
924.0,924.0,0.3829737
925.0,925.0,0.42308915
926.0,926.0,0.020832941
927.0,927.0,0.0052189953
928.0,928.0,0.12485364
929.0,929.0,0.02987823
930.0,930.0,0.3642327
931.0,931.0,0.5277609
932.0,932.0,0.07252355
933.0,933.0,0.2704425
934.0,934.0,0.63416255
935.0,935.0,0.042402703
936.0,936.0,0.2849971
937.0,937.0,0.5133439
938.0,938.0,0.6100263
939.0,939.0,0.21947543
940.0,940.0,0.63872504
941.0,941.0,0.5170789
942.0,942.0,0.04186323
943.0,943.0,0.3653112
944.0,944.0,0.06016607
945.0,945.0,0.37109512
946.0,946.0,0.123272374
947.0,947.0,0.0067806793
948.0,948.0,0.0412271
949.0,949.0,0.5372304
950.0,950.0,0.63651514
951.0,951.0,0.263949
952.0,952.0,0.5578546
953.0,953.0,0.33709782
954.0,954.0,0.3882948
955.0,955.0,0.0042100367
956.0,956.0,0.6151749
957.0,957.0,0.13287927
958.0,958.0,0.50794655
959.0,959.0,0.2119904
960.0,960.0,0.16431077
961.0,961.0,0.23792528
962.0,962.0,0.27196133
963.0,963.0,0.2742747
964.0,964.0,0.43951294
965.0,965.0,0.51057494
966.0,966.0,0.1648377
967.0,967.0,0.4826327
968.0,968.0,0.017997477
969.0,969.0,0.30693266
970.0,970.0,0.50731385
971.0,971.0,0.45409638
972.0,972.0,0.21947543
973.0,973.0,0.5991665
974.0,974.0,0.26678059
975.0,975.0,0.36517093
976.0,976.0,0.45847178
977.0,977.0,0.44947794
978.0,978.0,0.5625195
979.0,979.0,0.0037611178
980.0,980.0,0.34284016
981.0,981.0,0.5352874
982.0,982.0,0.02028734
983.0,983.0,0.618941
984.0,984.0,0.4367574
985.0,985.0,0.16216154
986.0,986.0,0.27443564
987.0,987.0,0.03410423
988.0,988.0,0.44629258
989.0,989.0,0.22232899
990.0,990.0,0.16554621
991.0,991.0,0.40313116
992.0,992.0,0.21239722
993.0,993.0,0.47482398
994.0,994.0,0.6278814
995.0,995.0,0.39481378
996.0,996.0,0.0030203927
997.0,997.0,0.34530675
998.0,998.0,0.16358799
999.0,999.0,0.5263437
1000.0,1000.0,0.38786787
1001.0,1001.0,0.6047999
1002.0,1002.0,0.49417505
1003.0,1003.0,0.34548375
1004.0,1004.0,0.3475451
1005.0,1005.0,0.61602217
1006.0,1006.0,0.14608991
1007.0,1007.0,0.13116929
1008.0,1008.0,0.35923642
1009.0,1009.0,0.13313314
1010.0,1010.0,0.010301381
1011.0,1011.0,0.36766812
1012.0,1012.0,0.41804054
1013.0,1013.0,0.2500419
1014.0,1014.0,0.64084524
1015.0,1015.0,0.47482398
1016.0,1016.0,0.5135902
1017.0,1017.0,0.53090745
1018.0,1018.0,0.18802564
1019.0,1019.0,0.4416607
1020.0,1020.0,0.39660174
1021.0,1021.0,0.32759398
1022.0,1022.0,0.6368205
1023.0,1023.0,0.19616799
1024.0,1024.0,9.418849E-5
1025.0,1025.0,0.4066682
1026.0,1026.0,0.30571023
1027.0,1027.0,0.39377433
1028.0,1028.0,0.4952964
1029.0,1029.0,0.0037231995
1030.0,1030.0,0.5080017
1031.0,1031.0,0.59396106
1032.0,1032.0,0.36957726
1033.0,1033.0,0.58939296
1034.0,1034.0,0.36129892
1035.0,1035.0,0.110471316
1036.0,1036.0,0.36129892
1037.0,1037.0,0.40531746
1038.0,1038.0,0.34716472
1039.0,1039.0,0.59546113
1040.0,1040.0,0.0037286396
1041.0,1041.0,0.28469023
1042.0,1042.0,0.2852587
1043.0,1043.0,0.35212937
1044.0,1044.0,0.14608991
1045.0,1045.0,0.2660087
1046.0,1046.0,0.001368621
1047.0,1047.0,0.59935147
1048.0,1048.0,0.12257143
1049.0,1049.0,0.2729101
1050.0,1050.0,0.001155183
1051.0,1051.0,0.33804834
1052.0,1052.0,0.28469023
1053.0,1053.0,0.19636081
1054.0,1054.0,0.18684703
1055.0,1055.0,0.26376104
1056.0,1056.0,9.6581796E-5
1057.0,1057.0,0.339431
1058.0,1058.0,0.628523
1059.0,1059.0,0.21240231
1060.0,1060.0,0.28200796
1061.0,1061.0,0.23999977
1062.0,1062.0,0.4705417
1063.0,1063.0,0.5467132
1064.0,1064.0,0.37694922
1065.0,1065.0,0.6603188
1066.0,1066.0,0.3147731
1067.0,1067.0,0.19251543
1068.0,1068.0,0.018786915
1069.0,1069.0,0.38450155
1070.0,1070.0,0.63220346
1071.0,1071.0,0.3640744
1072.0,1072.0,0.020607784
1073.0,1073.0,0.42467207
1074.0,1074.0,0.3556827
1075.0,1075.0,0.25897598
1076.0,1076.0,0.57787436
1077.0,1077.0,0.010187392
1078.0,1078.0,0.12515087
1079.0,1079.0,0.568611
1080.0,1080.0,0.43881306
1081.0,1081.0,0.18624084
1082.0,1082.0,0.029438496
1083.0,1083.0,0.42379397
1084.0,1084.0,0.24370745
1085.0,1085.0,0.22318508
1086.0,1086.0,0.51057494
1087.0,1087.0,0.63889235
1088.0,1088.0,0.33744806
1089.0,1089.0,0.5234931
1090.0,1090.0,0.2921196
1091.0,1091.0,0.44967863
1092.0,1092.0,0.24507646
1093.0,1093.0,0.28200796
1094.0,1094.0,0.3348325
1095.0,1095.0,0.31469855
1096.0,1096.0,0.36813897
1097.0,1097.0,0.28400895
1098.0,1098.0,0.62990403
1099.0,1099.0,0.5191606
1100.0,1100.0,0.51057494
1101.0,1101.0,0.2736332
1102.0,1102.0,0.216747
1103.0,1103.0,0.3636279
1104.0,1104.0,0.5731443
1105.0,1105.0,0.6026397
1106.0,1106.0,0.34299016
1107.0,1107.0,0.26055792
1108.0,1108.0,0.32673183
1109.0,1109.0,0.5030685
1110.0,1110.0,0.0038053398
1111.0,1111.0,0.46636078
1112.0,1112.0,0.072728
1113.0,1113.0,0.28251132
1114.0,1114.0,0.62873375
1115.0,1115.0,0.33709782
1116.0,1116.0,0.009267075
1117.0,1117.0,0.5516118
1118.0,1118.0,0.57124895
1119.0,1119.0,0.0030327332
1120.0,1120.0,0.076528676
1121.0,1121.0,0.3614106
1122.0,1122.0,0.26723263
1123.0,1123.0,0.11963131
1124.0,1124.0,0.5095725
1125.0,1125.0,0.28848425
1126.0,1126.0,0.28013906
1127.0,1127.0,0.51457214
1128.0,1128.0,0.44077313
1129.0,1129.0,0.541196
1130.0,1130.0,0.37296078
1131.0,1131.0,0.1707119
1132.0,1132.0,0.07678166
1133.0,1133.0,0.11899113
1134.0,1134.0,0.07296929
1135.0,1135.0,0.08421785
1136.0,1136.0,0.25459623
1137.0,1137.0,0.48881277
1138.0,1138.0,0.23325257
1139.0,1139.0,0.45189226
1140.0,1140.0,0.39720088
1141.0,1141.0,0.40923834
1142.0,1142.0,0.22151123
1143.0,1143.0,0.04059932
1144.0,1144.0,0.007185721
1145.0,1145.0,0.21239501
1146.0,1146.0,0.6115035
1147.0,1147.0,0.03729397
1148.0,1148.0,0.6089753
1149.0,1149.0,0.040053833
1150.0,1150.0,0.5248926
1151.0,1151.0,0.04282811
1152.0,1152.0,0.009267075
1153.0,1153.0,0.13315436
1154.0,1154.0,0.61568695
1155.0,1155.0,0.38189015
1156.0,1156.0,0.040586762
1157.0,1157.0,0.26886445
1158.0,1158.0,0.49417505
1159.0,1159.0,0.43064484
1160.0,1160.0,0.31469855
1161.0,1161.0,0.13115439
1162.0,1162.0,0.08372207
1163.0,1163.0,0.25343534
1164.0,1164.0,0.5159717
1165.0,1165.0,0.5614524
1166.0,1166.0,0.5598299
1167.0,1167.0,0.3845888
1168.0,1168.0,0.22793427
1169.0,1169.0,0.63275623
1170.0,1170.0,0.34451023
1171.0,1171.0,0.51777065
1172.0,1172.0,0.40292218
1173.0,1173.0,0.3369379
1174.0,1174.0,0.21312197
1175.0,1175.0,0.10159545
1176.0,1176.0,0.08372207
1177.0,1177.0,0.26751202
1178.0,1178.0,0.31007916
1179.0,1179.0,0.36184874
1180.0,1180.0,0.35191607
1181.0,1181.0,0.26751202
1182.0,1182.0,0.4049788
1183.0,1183.0,0.26882577
1184.0,1184.0,0.54257303
1185.0,1185.0,0.4421095
1186.0,1186.0,0.2897105
1187.0,1187.0,0.5323549
1188.0,1188.0,0.48067904
1189.0,1189.0,0.3950402
1190.0,1190.0,0.367158
1191.0,1191.0,0.21182501
1192.0,1192.0,0.22467263
1193.0,1193.0,0.034118406
1194.0,1194.0,0.25401145
1195.0,1195.0,0.5503133
1196.0,1196.0,0.60643774
1197.0,1197.0,0.65917397
1198.0,1198.0,0.18802564
1199.0,1199.0,0.14608991
1200.0,1200.0,0.14608991
1201.0,1201.0,0.28646353
1202.0,1202.0,0.042402703
1203.0,1203.0,0.34451023
1204.0,1204.0,0.22232899
1205.0,1205.0,0.6542969
1206.0,1206.0,0.51260775
1207.0,1207.0,0.22183108
1208.0,1208.0,0.39435822
1209.0,1209.0,0.26899487
1210.0,1210.0,0.4416607
1211.0,1211.0,0.19113246
1212.0,1212.0,0.0347757
1213.0,1213.0,0.5418032
1214.0,1214.0,0.010761585
1215.0,1215.0,0.49417505
1216.0,1216.0,0.16613765
1217.0,1217.0,0.5237614
1218.0,1218.0,0.4179005
1219.0,1219.0,0.26717174
1220.0,1220.0,0.53814334
1221.0,1221.0,0.23128304
1222.0,1222.0,0.618751
1223.0,1223.0,0.632882
1224.0,1224.0,0.001288585
1225.0,1225.0,0.5565217
1226.0,1226.0,0.03689047
1227.0,1227.0,0.26465452
1228.0,1228.0,0.4362985
1229.0,1229.0,0.3064538
1230.0,1230.0,0.45443612
1231.0,1231.0,0.43592572
1232.0,1232.0,0.44055024
1233.0,1233.0,0.5159741
1234.0,1234.0,0.34451023
1235.0,1235.0,0.40196836
1236.0,1236.0,0.08525517
1237.0,1237.0,0.56491214
1238.0,1238.0,0.52375
1239.0,1239.0,0.32742605
1240.0,1240.0,0.64937913
1241.0,1241.0,0.0037610265
1242.0,1242.0,0.04295074
1243.0,1243.0,0.6233846
1244.0,1244.0,0.3113283
1245.0,1245.0,0.42805874
1246.0,1246.0,0.003916698
1247.0,1247.0,0.27035156
1248.0,1248.0,0.13116339
1249.0,1249.0,0.08510409
1250.0,1250.0,0.57522935
1251.0,1251.0,0.62999475
1252.0,1252.0,0.3894154
1253.0,1253.0,0.4063533
1254.0,1254.0,0.6495147
1255.0,1255.0,0.46897587
1256.0,1256.0,0.42959037
1257.0,1257.0,0.33162987
1258.0,1258.0,0.65917397
1259.0,1259.0,0.4860759
1260.0,1260.0,0.0039738133
1261.0,1261.0,0.5254883
1262.0,1262.0,0.51313776
1263.0,1263.0,0.26918527
1264.0,1264.0,0.60736585
1265.0,1265.0,0.005449706
1266.0,1266.0,0.61551535
1267.0,1267.0,0.5946948
1268.0,1268.0,0.32021627
1269.0,1269.0,0.13193415
1270.0,1270.0,0.22073157
1271.0,1271.0,0.4518792
1272.0,1272.0,0.3640744
1273.0,1273.0,0.6176387
1274.0,1274.0,0.5557353
1275.0,1275.0,0.22845079
1276.0,1276.0,0.3696844
1277.0,1277.0,0.06946318
1278.0,1278.0,0.4683098
1279.0,1279.0,0.4566954
1280.0,1280.0,0.32311982
1281.0,1281.0,0.16382295
1282.0,1282.0,0.010427835
1283.0,1283.0,0.5963206
1284.0,1284.0,0.3613622
1285.0,1285.0,0.46897587
1286.0,1286.0,0.22396222
1287.0,1287.0,0.02081354
1288.0,1288.0,0.19798738
1289.0,1289.0,0.39834782
1290.0,1290.0,0.5990338
1291.0,1291.0,0.10730498
1292.0,1292.0,0.26385823
1293.0,1293.0,0.45449132
1294.0,1294.0,0.25062698
1295.0,1295.0,0.08599551
1296.0,1296.0,0.38857523
1297.0,1297.0,0.22281884
1298.0,1298.0,0.6090272
1299.0,1299.0,0.23588707
1300.0,1300.0,0.034394022
1301.0,1301.0,0.23352307
1302.0,1302.0,0.62161905
1303.0,1303.0,0.012013802
1304.0,1304.0,0.31648445
1305.0,1305.0,0.5847249
1306.0,1306.0,0.004163649
1307.0,1307.0,0.25213426
1308.0,1308.0,0.003061596
1309.0,1309.0,0.28853187
1310.0,1310.0,0.23413974
1311.0,1311.0,0.07692107
1312.0,1312.0,0.11899113
1313.0,1313.0,0.37143022
1314.0,1314.0,0.46935686
1315.0,1315.0,0.58609897
1316.0,1316.0,0.04186323
1317.0,1317.0,0.3670637
1318.0,1318.0,0.5302076
1319.0,1319.0,0.25766802
1320.0,1320.0,0.2087435
1321.0,1321.0,0.22430736
1322.0,1322.0,0.367158
1323.0,1323.0,0.3915521
1324.0,1324.0,0.27873543
1325.0,1325.0,0.5117954
1326.0,1326.0,0.4132575
1327.0,1327.0,0.517039
1328.0,1328.0,0.4536764
1329.0,1329.0,0.0013645377
1330.0,1330.0,0.3963964
1331.0,1331.0,0.6589384
1332.0,1332.0,0.042763345
1333.0,1333.0,0.24981254
1334.0,1334.0,0.3970025
1335.0,1335.0,0.057490543
1336.0,1336.0,0.2923734
1337.0,1337.0,0.004142806
1338.0,1338.0,0.4482856
1339.0,1339.0,0.2861047
1340.0,1340.0,0.34031263
1341.0,1341.0,0.4089644
1342.0,1342.0,0.63907313
1343.0,1343.0,0.48465815
1344.0,1344.0,0.31012157
1345.0,1345.0,0.63910556
1346.0,1346.0,0.54917574
1347.0,1347.0,9.3241535E-5
1348.0,1348.0,0.6603188
1349.0,1349.0,0.3986366
1350.0,1350.0,0.46462038
1351.0,1351.0,0.0052868626
1352.0,1352.0,0.6175303
1353.0,1353.0,0.2956262
1354.0,1354.0,0.42762113
1355.0,1355.0,0.023165705
1356.0,1356.0,0.3190226
1357.0,1357.0,0.28754324
1358.0,1358.0,0.6087768
1359.0,1359.0,0.19628851
1360.0,1360.0,0.12048291
1361.0,1361.0,0.2337561
1362.0,1362.0,0.3891722
1363.0,1363.0,0.62913924
1364.0,1364.0,0.6200482
1365.0,1365.0,0.06876484
1366.0,1366.0,0.34550866
1367.0,1367.0,0.14608991
1368.0,1368.0,0.48524144
1369.0,1369.0,0.107029006
1370.0,1370.0,0.40784445
1371.0,1371.0,0.04028072
1372.0,1372.0,0.5461308
1373.0,1373.0,0.2667188
1374.0,1374.0,0.16576707
1375.0,1375.0,0.08520448
1376.0,1376.0,0.38450155
1377.0,1377.0,0.16613765
1378.0,1378.0,0.22532435
1379.0,1379.0,0.020607784
1380.0,1380.0,0.56935716
1381.0,1381.0,0.44863933
1382.0,1382.0,0.44176087
1383.0,1383.0,0.6503918
1384.0,1384.0,0.4188574
1385.0,1385.0,0.08510409
1386.0,1386.0,0.6267702
1387.0,1387.0,0.44901907
1388.0,1388.0,0.21045123
1389.0,1389.0,0.51057494
1390.0,1390.0,0.50865567
1391.0,1391.0,0.25124344
1392.0,1392.0,0.43592572
1393.0,1393.0,0.12013459
1394.0,1394.0,0.429721
1395.0,1395.0,0.5286254
1396.0,1396.0,0.24960084
1397.0,1397.0,0.23209032
1398.0,1398.0,0.32632935
1399.0,1399.0,0.28200796
1400.0,1400.0,0.45333543
1401.0,1401.0,0.22515392
1402.0,1402.0,0.33972478
1403.0,1403.0,0.5135927
1404.0,1404.0,0.36969146
1405.0,1405.0,0.6001957
1406.0,1406.0,0.6271437
1407.0,1407.0,0.24441363
1408.0,1408.0,0.26751202
1409.0,1409.0,0.23209032
1410.0,1410.0,0.023050046
1411.0,1411.0,0.59447336
1412.0,1412.0,0.6179226
1413.0,1413.0,0.36643833
1414.0,1414.0,0.16613765
1415.0,1415.0,0.61692405
1416.0,1416.0,0.5844677
1417.0,1417.0,0.13045193
1418.0,1418.0,0.5134897
1419.0,1419.0,0.46616876
1420.0,1420.0,0.4039901
1421.0,1421.0,0.5891856
1422.0,1422.0,0.61065936
1423.0,1423.0,0.23073097
1424.0,1424.0,0.00412773
1425.0,1425.0,0.47936156
1426.0,1426.0,0.23339711
1427.0,1427.0,0.28499335
1428.0,1428.0,0.40384015
1429.0,1429.0,0.23318714
1430.0,1430.0,0.4662746
1431.0,1431.0,0.0960481
1432.0,1432.0,0.21312197
1433.0,1433.0,0.3613622
1434.0,1434.0,0.124606915
1435.0,1435.0,0.042314187
1436.0,1436.0,0.37001958
1437.0,1437.0,0.39259943
1438.0,1438.0,0.3044267
1439.0,1439.0,0.6081351
1440.0,1440.0,0.51431656
1441.0,1441.0,0.6388309
1442.0,1442.0,0.40304384
1443.0,1443.0,0.43444702
1444.0,1444.0,0.2723166
1445.0,1445.0,0.27196133
1446.0,1446.0,0.21983647
1447.0,1447.0,0.5227236
1448.0,1448.0,0.14608991
1449.0,1449.0,0.45526746
1450.0,1450.0,0.38163584
1451.0,1451.0,0.26027197
1452.0,1452.0,0.41710746
1453.0,1453.0,0.27554998
1454.0,1454.0,0.26353788
1455.0,1455.0,0.22877133
1456.0,1456.0,0.60174495
1457.0,1457.0,0.5525212
1458.0,1458.0,0.41212448
1459.0,1459.0,0.5142889
1460.0,1460.0,0.448532
1461.0,1461.0,0.43776405
1462.0,1462.0,0.33972478
1463.0,1463.0,0.0013718015
1464.0,1464.0,0.36886528
1465.0,1465.0,0.40035674
1466.0,1466.0,0.5308781
1467.0,1467.0,0.4574019
1468.0,1468.0,0.34969625
1469.0,1469.0,0.32234833
1470.0,1470.0,0.5992652
1471.0,1471.0,0.33783776
1472.0,1472.0,0.31012338
1473.0,1473.0,0.367324
1474.0,1474.0,0.48067904
1475.0,1475.0,0.22147503
1476.0,1476.0,0.362921
1477.0,1477.0,0.029417962
1478.0,1478.0,0.39519438
1479.0,1479.0,0.05542406
1480.0,1480.0,0.60866743
1481.0,1481.0,0.22185546
1482.0,1482.0,0.45408103
1483.0,1483.0,0.34874746
1484.0,1484.0,0.5687392
1485.0,1485.0,0.40055695
1486.0,1486.0,0.5573682
1487.0,1487.0,0.3670637
1488.0,1488.0,0.0403599
1489.0,1489.0,0.32277024
1490.0,1490.0,0.59255326
1491.0,1491.0,0.09468498
1492.0,1492.0,0.6124217
1493.0,1493.0,5.690754E-6
1494.0,1494.0,0.36952472
1495.0,1495.0,0.22977059
1496.0,1496.0,0.27429074
1497.0,1497.0,0.39050123
1498.0,1498.0,0.50819314
1499.0,1499.0,9.6581796E-5
1500.0,1500.0,0.62018096
1501.0,1501.0,0.57805073
1502.0,1502.0,0.55368954
1503.0,1503.0,0.38832653
1504.0,1504.0,0.53466433
1505.0,1505.0,0.05928636
1506.0,1506.0,0.24997191
1507.0,1507.0,0.020886948
1508.0,1508.0,0.63209057
1509.0,1509.0,0.24245532
1510.0,1510.0,0.07001393
1511.0,1511.0,0.123604774
1512.0,1512.0,0.42384928
1513.0,1513.0,0.039558858
1514.0,1514.0,0.26822472
1515.0,1515.0,0.24245532
1516.0,1516.0,0.51714396
1517.0,1517.0,0.5418096
1518.0,1518.0,0.54496694
1519.0,1519.0,0.44170454
1520.0,1520.0,0.48067543
1521.0,1521.0,0.4675152
1522.0,1522.0,0.3726592
1523.0,1523.0,0.04073722
1524.0,1524.0,0.114892796
1525.0,1525.0,0.55737174
1526.0,1526.0,0.5951474
1527.0,1527.0,0.2879595
1528.0,1528.0,0.23507702
1529.0,1529.0,0.45158383
1530.0,1530.0,0.02324895
1531.0,1531.0,0.45189226
1532.0,1532.0,0.6073487
1533.0,1533.0,0.5035635
1534.0,1534.0,0.5745326
1535.0,1535.0,0.003900894
1536.0,1536.0,0.5234931
1537.0,1537.0,0.2667284
1538.0,1538.0,0.0052189953
1539.0,1539.0,0.34716472
1540.0,1540.0,0.5686851
1541.0,1541.0,0.34849918
1542.0,1542.0,0.2261913
1543.0,1543.0,0.28469023
1544.0,1544.0,0.26479667
1545.0,1545.0,0.21312197
1546.0,1546.0,0.26854676
1547.0,1547.0,0.45481116
1548.0,1548.0,0.40784383
1549.0,1549.0,0.6331951
1550.0,1550.0,0.45452237
1551.0,1551.0,0.2883631
1552.0,1552.0,0.43110955
1553.0,1553.0,0.46400565
1554.0,1554.0,0.5143871
1555.0,1555.0,0.5221253
1556.0,1556.0,0.4448928
1557.0,1557.0,0.6291596
1558.0,1558.0,0.35330725
1559.0,1559.0,0.22503003
1560.0,1560.0,0.3059082
1561.0,1561.0,0.38031438
1562.0,1562.0,0.63339007
1563.0,1563.0,0.55655307
1564.0,1564.0,0.0412271
1565.0,1565.0,0.58842266
1566.0,1566.0,0.5569892
1567.0,1567.0,0.36793196
1568.0,1568.0,0.5120417
1569.0,1569.0,0.46502474
1570.0,1570.0,0.367158
1571.0,1571.0,0.34937024
1572.0,1572.0,0.14608991
1573.0,1573.0,0.37472188
1574.0,1574.0,0.6182018
1575.0,1575.0,0.6301274
1576.0,1576.0,0.639445
1577.0,1577.0,0.28853187
1578.0,1578.0,0.33113417
1579.0,1579.0,0.36668962
1580.0,1580.0,0.40928468
1581.0,1581.0,0.586939
1582.0,1582.0,0.28200796
1583.0,1583.0,0.46897587
1584.0,1584.0,0.21959017
1585.0,1585.0,0.350631
1586.0,1586.0,0.2562974
1587.0,1587.0,0.5063881
1588.0,1588.0,0.0053316457
1589.0,1589.0,0.6271437
1590.0,1590.0,0.45491847
1591.0,1591.0,0.2317201
1592.0,1592.0,0.084931225
1593.0,1593.0,0.60793966
1594.0,1594.0,0.60267633
1595.0,1595.0,0.38638663
1596.0,1596.0,0.042107694
1597.0,1597.0,0.22232899
1598.0,1598.0,0.21455282
1599.0,1599.0,0.23166254
1600.0,1600.0,0.19636081
1601.0,1601.0,0.3537217
1602.0,1602.0,0.12220028
1603.0,1603.0,0.6302865
1604.0,1604.0,0.47775075
1605.0,1605.0,0.034673084
1606.0,1606.0,0.4035978
1607.0,1607.0,0.3591357
1608.0,1608.0,0.007185721
1609.0,1609.0,0.3634535
1610.0,1610.0,0.18624084
1611.0,1611.0,0.63309187
1612.0,1612.0,0.042179402
1613.0,1613.0,0.03410423
1614.0,1614.0,0.4132575
1615.0,1615.0,0.3806554
1616.0,1616.0,0.25417337
1617.0,1617.0,0.04186323
1618.0,1618.0,0.020607784
1619.0,1619.0,0.35211283
1620.0,1620.0,0.23359159
1621.0,1621.0,0.23117925
1622.0,1622.0,0.36155057
1623.0,1623.0,0.18893403
1624.0,1624.0,0.57520366
1625.0,1625.0,0.12331889
1626.0,1626.0,0.2562974
1627.0,1627.0,0.08885112
1628.0,1628.0,0.46754518
1629.0,1629.0,0.33392125
1630.0,1630.0,0.3882948
1631.0,1631.0,0.21983647
1632.0,1632.0,0.22072142
1633.0,1633.0,0.042402703
1634.0,1634.0,0.34822223
1635.0,1635.0,0.13116339
1636.0,1636.0,0.39785278
1637.0,1637.0,0.27931607
1638.0,1638.0,0.41714153
1639.0,1639.0,0.41995466
1640.0,1640.0,0.30186057
1641.0,1641.0,0.51457214
1642.0,1642.0,0.41518876
1643.0,1643.0,0.4075517
1644.0,1644.0,0.5145319
1645.0,1645.0,0.50806636
1646.0,1646.0,0.25416675
1647.0,1647.0,0.16434702
1648.0,1648.0,0.059409574
1649.0,1649.0,0.6014479
1650.0,1650.0,0.16420719
1651.0,1651.0,0.6388309
1652.0,1652.0,0.65836304
1653.0,1653.0,0.40604538
1654.0,1654.0,0.039558858
1655.0,1655.0,0.45394537
1656.0,1656.0,4.7102658E-4
1657.0,1657.0,0.36642995
1658.0,1658.0,0.5668117
1659.0,1659.0,0.0875555
1660.0,1660.0,0.07632582
1661.0,1661.0,0.5646196
1662.0,1662.0,0.5645658
1663.0,1663.0,0.5271953
1664.0,1664.0,0.4698353
1665.0,1665.0,0.6269997
1666.0,1666.0,0.013109914
1667.0,1667.0,0.3148877
1668.0,1668.0,0.6327236
1669.0,1669.0,0.4516414
1670.0,1670.0,0.34548375
1671.0,1671.0,0.043052386
1672.0,1672.0,0.24517594
1673.0,1673.0,0.22564304
1674.0,1674.0,0.2556273
1675.0,1675.0,0.31020495
1676.0,1676.0,0.43881306
1677.0,1677.0,5.757919E-6
1678.0,1678.0,0.6015716
1679.0,1679.0,0.19636081
1680.0,1680.0,0.14608991
1681.0,1681.0,0.28384823
1682.0,1682.0,0.45658404
1683.0,1683.0,0.23128304
1684.0,1684.0,0.33709782
1685.0,1685.0,0.6019583
1686.0,1686.0,0.00722324
1687.0,1687.0,0.21947543
1688.0,1688.0,0.42038915
1689.0,1689.0,0.3113283
1690.0,1690.0,0.05542406
1691.0,1691.0,0.43592572
1692.0,1692.0,0.528489
1693.0,1693.0,0.3352187
1694.0,1694.0,0.38682297
1695.0,1695.0,0.36129892
1696.0,1696.0,5.743525E-6
1697.0,1697.0,0.123764
1698.0,1698.0,0.26604587
1699.0,1699.0,0.40384015
1700.0,1700.0,0.42570937
1701.0,1701.0,0.6331951
1702.0,1702.0,0.2568107
1703.0,1703.0,0.056267627
1704.0,1704.0,0.34451023
1705.0,1705.0,0.3698885
1706.0,1706.0,0.039558858
1707.0,1707.0,0.36335465
1708.0,1708.0,0.10781205
1709.0,1709.0,0.15162851
1710.0,1710.0,0.43572885
1711.0,1711.0,0.046644803
1712.0,1712.0,0.018271865
1713.0,1713.0,0.38072228
1714.0,1714.0,0.59383124
1715.0,1715.0,0.42631745
1716.0,1716.0,0.27229753
1717.0,1717.0,0.38450155
1718.0,1718.0,0.36657056
1719.0,1719.0,0.44457033
1720.0,1720.0,0.1261694
1721.0,1721.0,0.3921517
1722.0,1722.0,0.3667953
1723.0,1723.0,5.757919E-6
1724.0,1724.0,0.12476494
1725.0,1725.0,0.51057494
1726.0,1726.0,0.5077555
1727.0,1727.0,0.45452237
1728.0,1728.0,0.44338918
1729.0,1729.0,0.48915282
1730.0,1730.0,0.33667606
1731.0,1731.0,0.618751
1732.0,1732.0,0.17144555
1733.0,1733.0,0.6072729
1734.0,1734.0,0.22308545
1735.0,1735.0,5.7674442E-6
1736.0,1736.0,0.29301378
1737.0,1737.0,0.13116339
1738.0,1738.0,0.075409
1739.0,1739.0,0.26173916
1740.0,1740.0,0.2345225
1741.0,1741.0,0.28200796
1742.0,1742.0,0.37294516
1743.0,1743.0,0.40754765
1744.0,1744.0,0.41654158
1745.0,1745.0,0.55586326
1746.0,1746.0,0.21045123
1747.0,1747.0,0.057490543
1748.0,1748.0,0.52005625
1749.0,1749.0,0.51057494
1750.0,1750.0,0.20358942
1751.0,1751.0,0.01041087
1752.0,1752.0,0.36129892
1753.0,1753.0,0.25534028
1754.0,1754.0,0.40485832
1755.0,1755.0,0.26465452
1756.0,1756.0,0.6090272
1757.0,1757.0,0.64648044
1758.0,1758.0,0.40410063
1759.0,1759.0,0.4066682
1760.0,1760.0,0.43592572
1761.0,1761.0,0.28013906
1762.0,1762.0,0.6262478
1763.0,1763.0,0.4705417
1764.0,1764.0,0.27348322
1765.0,1765.0,0.0052035954
1766.0,1766.0,0.44806397
1767.0,1767.0,0.1257971
1768.0,1768.0,0.40126035
1769.0,1769.0,0.041686337
1770.0,1770.0,0.00304002
1771.0,1771.0,0.31078222
1772.0,1772.0,0.35330725
1773.0,1773.0,0.52520394
1774.0,1774.0,0.22232899
1775.0,1775.0,0.085155144
1776.0,1776.0,0.5991994
1777.0,1777.0,0.30373672
1778.0,1778.0,0.4011287
1779.0,1779.0,0.13262132
1780.0,1780.0,0.07606379
1781.0,1781.0,0.25038704
1782.0,1782.0,0.039558858
1783.0,1783.0,0.5635177
1784.0,1784.0,0.39163473
1785.0,1785.0,0.05279419
1786.0,1786.0,0.2879595
1787.0,1787.0,0.25027218
1788.0,1788.0,0.043384306
1789.0,1789.0,0.29301378
1790.0,1790.0,0.21202506
1791.0,1791.0,4.2330884E-4
1792.0,1792.0,0.6131526
1793.0,1793.0,0.30691695
1794.0,1794.0,0.2879595
1795.0,1795.0,0.24964567
1796.0,1796.0,0.26183882
1797.0,1797.0,0.19544548
1798.0,1798.0,0.38072228
1799.0,1799.0,0.6431005
1800.0,1800.0,0.6358898
1801.0,1801.0,0.31890863
1802.0,1802.0,0.49417505
1803.0,1803.0,0.49299568
1804.0,1804.0,0.6043385
1805.0,1805.0,0.21956922
1806.0,1806.0,0.010364683
1807.0,1807.0,0.59882617
1808.0,1808.0,0.4636172
1809.0,1809.0,0.51457214
1810.0,1810.0,0.08510409
1811.0,1811.0,0.24589646
1812.0,1812.0,0.45189226
1813.0,1813.0,0.6437008
1814.0,1814.0,0.11899113
1815.0,1815.0,0.08510409
1816.0,1816.0,0.058397055
1817.0,1817.0,0.20358942
1818.0,1818.0,0.28469023
1819.0,1819.0,0.618025
1820.0,1820.0,0.0403599
1821.0,1821.0,0.2780388
1822.0,1822.0,0.5422893
1823.0,1823.0,0.22206439
1824.0,1824.0,0.30536947
1825.0,1825.0,0.2677083
1826.0,1826.0,0.6232238
1827.0,1827.0,0.61187977
1828.0,1828.0,0.0474491
1829.0,1829.0,0.24441363
1830.0,1830.0,0.65917397
1831.0,1831.0,0.2680909
1832.0,1832.0,0.40029824
1833.0,1833.0,0.55855745
1834.0,1834.0,0.0038053398
1835.0,1835.0,0.029417962
1836.0,1836.0,0.63500756
1837.0,1837.0,0.5439009
1838.0,1838.0,0.5422893
1839.0,1839.0,0.17373288
1840.0,1840.0,0.40384015
1841.0,1841.0,0.4064532
1842.0,1842.0,0.3290343
1843.0,1843.0,0.43677577
1844.0,1844.0,0.08336438
1845.0,1845.0,0.62651515
1846.0,1846.0,9.434192E-5
1847.0,1847.0,0.2562974
1848.0,1848.0,0.21882354
1849.0,1849.0,0.26886445
1850.0,1850.0,0.46090165
1851.0,1851.0,0.6033896
1852.0,1852.0,0.6342507
1853.0,1853.0,0.032692242
1854.0,1854.0,0.01783521
1855.0,1855.0,9.743219E-5
1856.0,1856.0,0.059267726
1857.0,1857.0,0.43245956
1858.0,1858.0,0.25268793
1859.0,1859.0,0.2370937
1860.0,1860.0,0.12022668
1861.0,1861.0,0.6276097
1862.0,1862.0,0.367158
1863.0,1863.0,0.4853084
1864.0,1864.0,0.45585796
1865.0,1865.0,0.21045123
1866.0,1866.0,0.38786787
1867.0,1867.0,0.5410263
1868.0,1868.0,0.4660549
1869.0,1869.0,0.2461778
1870.0,1870.0,0.32021627
1871.0,1871.0,0.22128981
1872.0,1872.0,0.27061564
1873.0,1873.0,0.020886948
1874.0,1874.0,0.2293734
1875.0,1875.0,0.35743353
1876.0,1876.0,0.504844
1877.0,1877.0,0.41371512
1878.0,1878.0,0.6133729
1879.0,1879.0,0.003717408
1880.0,1880.0,0.5523883
1881.0,1881.0,0.02984738
1882.0,1882.0,0.123997696
1883.0,1883.0,0.22845079
1884.0,1884.0,0.23176505
1885.0,1885.0,0.5004237
1886.0,1886.0,0.24958272
1887.0,1887.0,0.4066682
1888.0,1888.0,0.40070832
1889.0,1889.0,0.3891722
1890.0,1890.0,0.4066682
1891.0,1891.0,0.34783173
1892.0,1892.0,0.6128648
1893.0,1893.0,0.63482237
1894.0,1894.0,0.11180039
1895.0,1895.0,0.2690482
1896.0,1896.0,0.52026016
1897.0,1897.0,0.039539248
1898.0,1898.0,0.029417962
1899.0,1899.0,0.3113283
1900.0,1900.0,0.12256332
1901.0,1901.0,0.27324125
1902.0,1902.0,0.648821
1903.0,1903.0,0.26187852
1904.0,1904.0,0.3613622
1905.0,1905.0,0.23209032
1906.0,1906.0,0.36612847
1907.0,1907.0,0.07293613
1908.0,1908.0,0.5991665
1909.0,1909.0,0.3613622
1910.0,1910.0,0.40950242
1911.0,1911.0,0.3113283
1912.0,1912.0,0.30495316
1913.0,1913.0,0.14608991
1914.0,1914.0,0.22804227
1915.0,1915.0,0.58397424
1916.0,1916.0,0.36303595
1917.0,1917.0,0.30647233
1918.0,1918.0,0.45801172
1919.0,1919.0,0.54051465
1920.0,1920.0,0.603005
1921.0,1921.0,0.26604587
1922.0,1922.0,0.50690085
1923.0,1923.0,0.48829007
1924.0,1924.0,0.37201425
1925.0,1925.0,0.24284232
1926.0,1926.0,0.012961616
1927.0,1927.0,0.40585127
1928.0,1928.0,0.6052111
1929.0,1929.0,0.27438608
1930.0,1930.0,0.63385874
1931.0,1931.0,0.2319622
1932.0,1932.0,0.58807856
1933.0,1933.0,0.23132856
1934.0,1934.0,0.069507815
1935.0,1935.0,0.23716757
1936.0,1936.0,0.31757712
1937.0,1937.0,0.072472356
1938.0,1938.0,0.62134093
1939.0,1939.0,0.11899113
1940.0,1940.0,0.25191948
1941.0,1941.0,0.40084976
1942.0,1942.0,0.66483414
1943.0,1943.0,0.12546238
1944.0,1944.0,0.34716472
1945.0,1945.0,0.38420385
1946.0,1946.0,0.39526543
1947.0,1947.0,0.12487994
1948.0,1948.0,0.40322807
1949.0,1949.0,0.5238763
1950.0,1950.0,0.5721276
1951.0,1951.0,0.052210502
1952.0,1952.0,0.50977206
1953.0,1953.0,0.6054201
1954.0,1954.0,0.34954908
1955.0,1955.0,0.0041779866
1956.0,1956.0,0.11535654
1957.0,1957.0,0.28200796
1958.0,1958.0,0.60013145
1959.0,1959.0,0.3649456
1960.0,1960.0,0.07300176
1961.0,1961.0,0.28541473
1962.0,1962.0,0.10619268
1963.0,1963.0,0.39102444
1964.0,1964.0,0.36886984
1965.0,1965.0,0.4015587
1966.0,1966.0,0.51061213
1967.0,1967.0,0.38869816
1968.0,1968.0,0.38148448
1969.0,1969.0,0.60048395
1970.0,1970.0,0.46636078
1971.0,1971.0,0.2465257
1972.0,1972.0,0.40396193
1973.0,1973.0,0.28013906
1974.0,1974.0,0.41518876
1975.0,1975.0,0.47189897
1976.0,1976.0,0.16576707
1977.0,1977.0,0.3882948
1978.0,1978.0,0.34676856
1979.0,1979.0,0.08557427
1980.0,1980.0,0.37149113
1981.0,1981.0,0.5285748
1982.0,1982.0,0.012909587
1983.0,1983.0,0.4412545
1984.0,1984.0,0.60207075
1985.0,1985.0,0.05542406
1986.0,1986.0,0.08936822
1987.0,1987.0,0.35161886
1988.0,1988.0,0.118047036
1989.0,1989.0,0.34456465
1990.0,1990.0,0.38763076
1991.0,1991.0,0.47640175
1992.0,1992.0,0.41456157
1993.0,1993.0,0.33972478
1994.0,1994.0,0.09321834
1995.0,1995.0,0.4066682
1996.0,1996.0,0.38871804
1997.0,1997.0,0.5191927
1998.0,1998.0,0.61496973
1999.0,1999.0,0.6336069
2000.0,2000.0,0.33686402
2001.0,2001.0,0.33530024
2002.0,2002.0,0.3797464
2003.0,2003.0,0.055514187
2004.0,2004.0,0.30934575
2005.0,2005.0,0.11057043
2006.0,2006.0,0.3715339
2007.0,2007.0,0.40703467
2008.0,2008.0,0.085068904
2009.0,2009.0,0.35909155
2010.0,2010.0,0.40850732
2011.0,2011.0,0.39075202
2012.0,2012.0,0.072472356
2013.0,2013.0,0.46897587
2014.0,2014.0,0.3250723
2015.0,2015.0,0.059267726
2016.0,2016.0,0.61437464
2017.0,2017.0,0.4883507
2018.0,2018.0,0.27342424
2019.0,2019.0,0.34554082
2020.0,2020.0,0.010175781
2021.0,2021.0,0.042402703
2022.0,2022.0,0.34604368
2023.0,2023.0,0.5380417
2024.0,2024.0,0.5380417
2025.0,2025.0,0.22144991
2026.0,2026.0,0.18729
2027.0,2027.0,0.40082726
2028.0,2028.0,0.47482398
2029.0,2029.0,0.2704425
2030.0,2030.0,0.63249516
2031.0,2031.0,0.04186323
2032.0,2032.0,0.27196133
2033.0,2033.0,0.23292099
2034.0,2034.0,0.34456354
2035.0,2035.0,0.49449244
2036.0,2036.0,0.4075517
2037.0,2037.0,0.45154458
2038.0,2038.0,0.5065764
2039.0,2039.0,0.5537424
2040.0,2040.0,0.42959037
2041.0,2041.0,0.23000571
2042.0,2042.0,0.21180579
2043.0,2043.0,0.007912803
2044.0,2044.0,0.6125483
2045.0,2045.0,0.21947543
2046.0,2046.0,1.7930559E-4
2047.0,2047.0,0.21045123
2048.0,2048.0,0.43674487
2049.0,2049.0,0.6297711
2050.0,2050.0,0.31982654
2051.0,2051.0,0.11978901
2052.0,2052.0,0.41136914
2053.0,2053.0,0.34451023
2054.0,2054.0,0.26604587
2055.0,2055.0,0.0037574728
2056.0,2056.0,0.5277353
2057.0,2057.0,0.012006607
2058.0,2058.0,0.43869957
2059.0,2059.0,0.44170454
2060.0,2060.0,0.27554998
2061.0,2061.0,0.3640744
2062.0,2062.0,0.23352805
2063.0,2063.0,0.26751202
2064.0,2064.0,0.45309228
2065.0,2065.0,0.0052117533
2066.0,2066.0,0.4485402
2067.0,2067.0,9.434192E-5
2068.0,2068.0,0.34451023
2069.0,2069.0,0.41995466
2070.0,2070.0,0.40384015
2071.0,2071.0,0.24441363
2072.0,2072.0,0.24496686
2073.0,2073.0,0.6479938
2074.0,2074.0,0.28469023
2075.0,2075.0,0.58765703
2076.0,2076.0,0.5712324
2077.0,2077.0,0.25616527
2078.0,2078.0,0.30036002
2079.0,2079.0,0.27034506
2080.0,2080.0,0.018271865
2081.0,2081.0,0.5303371
2082.0,2082.0,0.14608991
2083.0,2083.0,0.2869368
2084.0,2084.0,0.004102799
2085.0,2085.0,0.1449628
2086.0,2086.0,0.52336764
2087.0,2087.0,0.2694166
2088.0,2088.0,0.3754829
2089.0,2089.0,0.639327
2090.0,2090.0,0.004163649
2091.0,2091.0,0.28200796
2092.0,2092.0,0.6430643
2093.0,2093.0,0.48506093
2094.0,2094.0,0.26933438
2095.0,2095.0,0.52577996
2096.0,2096.0,0.40803885
2097.0,2097.0,0.36003396
2098.0,2098.0,0.072472356
2099.0,2099.0,0.3878323
2100.0,2100.0,0.29301378
2101.0,2101.0,9.6581796E-5
2102.0,2102.0,0.28842503
2103.0,2103.0,0.54445696
2104.0,2104.0,0.35924146
2105.0,2105.0,0.020474328
2106.0,2106.0,0.41518876
2107.0,2107.0,0.47679293
2108.0,2108.0,0.3037892
2109.0,2109.0,0.43184385
2110.0,2110.0,0.36070842
2111.0,2111.0,0.24517594
2112.0,2112.0,0.5997253
2113.0,2113.0,0.19571668
2114.0,2114.0,0.3371668
2115.0,2115.0,0.21164894
2116.0,2116.0,0.23245107
2117.0,2117.0,0.4091725
2118.0,2118.0,0.49014407
2119.0,2119.0,0.63567156
2120.0,2120.0,4.2330884E-4
2121.0,2121.0,0.57520366
2122.0,2122.0,0.40434596
2123.0,2123.0,0.08557621
2124.0,2124.0,0.0038053398
2125.0,2125.0,0.49007338
2126.0,2126.0,0.013115058
2127.0,2127.0,0.28200796
2128.0,2128.0,0.40261766
2129.0,2129.0,0.23000571
2130.0,2130.0,0.37698665
2131.0,2131.0,0.34451023
2132.0,2132.0,0.41241017
2133.0,2133.0,0.279179
2134.0,2134.0,0.07063363
2135.0,2135.0,0.26586646
2136.0,2136.0,0.2540191
2137.0,2137.0,0.34548375
2138.0,2138.0,0.6207582
2139.0,2139.0,0.26047233
2140.0,2140.0,0.43500793
2141.0,2141.0,0.2643964
2142.0,2142.0,0.4040877
2143.0,2143.0,0.0053861993
2144.0,2144.0,0.123604774
2145.0,2145.0,0.3591357
2146.0,2146.0,0.21045123
2147.0,2147.0,0.020666568
2148.0,2148.0,0.21471168
2149.0,2149.0,0.37123668
2150.0,2150.0,0.25564295
2151.0,2151.0,0.6013821
2152.0,2152.0,0.36781964
2153.0,2153.0,0.527402
2154.0,2154.0,0.19234622
2155.0,2155.0,0.510562
2156.0,2156.0,0.3481367
2157.0,2157.0,0.58553654
2158.0,2158.0,0.31995553
2159.0,2159.0,0.45367432
2160.0,2160.0,0.41416898
2161.0,2161.0,0.39668557
2162.0,2162.0,0.56950796
2163.0,2163.0,0.08454684
2164.0,2164.0,0.528501
2165.0,2165.0,0.54550326
2166.0,2166.0,0.4090534
2167.0,2167.0,0.47730657
2168.0,2168.0,0.03410423
2169.0,2169.0,0.33690587
2170.0,2170.0,0.39497548
2171.0,2171.0,0.51259637
2172.0,2172.0,0.30971074
2173.0,2173.0,0.039558858
2174.0,2174.0,0.13116339
2175.0,2175.0,0.14608991
2176.0,2176.0,0.020886948
2177.0,2177.0,0.38085237
2178.0,2178.0,0.28226137
2179.0,2179.0,0.5447754
2180.0,2180.0,0.2208868
2181.0,2181.0,0.23740686
2182.0,2182.0,0.007971302
2183.0,2183.0,0.5465699
2184.0,2184.0,0.38679957
2185.0,2185.0,0.40317953
2186.0,2186.0,0.5908123
2187.0,2187.0,0.5177542
2188.0,2188.0,0.6299468
2189.0,2189.0,0.4616598
2190.0,2190.0,0.6363633
2191.0,2191.0,0.46533737
2192.0,2192.0,0.21739024
2193.0,2193.0,0.010307449
2194.0,2194.0,0.28013906
2195.0,2195.0,0.24998353
2196.0,2196.0,0.24851431
2197.0,2197.0,0.2863744
2198.0,2198.0,0.4066682
2199.0,2199.0,0.2476855
2200.0,2200.0,0.37716353
2201.0,2201.0,0.0037611178
2202.0,2202.0,0.42959037
2203.0,2203.0,9.56709E-5
2204.0,2204.0,0.57549995
2205.0,2205.0,0.13141513
2206.0,2206.0,0.5191606
2207.0,2207.0,0.2198393
2208.0,2208.0,5.690754E-6
2209.0,2209.0,0.397204
2210.0,2210.0,0.10900679
2211.0,2211.0,0.010427835
2212.0,2212.0,0.338653
2213.0,2213.0,0.0403599
2214.0,2214.0,0.49007338
2215.0,2215.0,0.6284959
2216.0,2216.0,0.38660428
2217.0,2217.0,0.5227236
2218.0,2218.0,0.10838324
2219.0,2219.0,0.5522635
2220.0,2220.0,0.33969623
2221.0,2221.0,0.43504524
2222.0,2222.0,0.3670123
2223.0,2223.0,0.4633708
2224.0,2224.0,0.43245956
2225.0,2225.0,0.0024467604
2226.0,2226.0,0.49007338
2227.0,2227.0,0.2345225
2228.0,2228.0,0.31766757
2229.0,2229.0,0.33709782
2230.0,2230.0,0.51286775
2231.0,2231.0,0.5924686
2232.0,2232.0,0.21947543
2233.0,2233.0,0.45161486
2234.0,2234.0,0.2503375
2235.0,2235.0,0.36824855
2236.0,2236.0,0.02074633
2237.0,2237.0,0.22658347
2238.0,2238.0,0.51476955
2239.0,2239.0,0.23209032
2240.0,2240.0,0.007185721
2241.0,2241.0,0.020904692
2242.0,2242.0,0.405791
2243.0,2243.0,0.4952372
2244.0,2244.0,0.2922753
2245.0,2245.0,0.5227236
2246.0,2246.0,0.3698885
2247.0,2247.0,0.2445659
2248.0,2248.0,0.59756976
2249.0,2249.0,0.21911137
2250.0,2250.0,0.22896892
2251.0,2251.0,0.5722965
2252.0,2252.0,0.34220007
2253.0,2253.0,0.3559345
2254.0,2254.0,0.5102353
2255.0,2255.0,0.16356641
2256.0,2256.0,0.0013806205
2257.0,2257.0,0.029554293
2258.0,2258.0,0.22845079
2259.0,2259.0,0.44505113
2260.0,2260.0,0.12369168
2261.0,2261.0,0.0037611178
2262.0,2262.0,0.38281342
2263.0,2263.0,0.6297382
2264.0,2264.0,0.40807733
2265.0,2265.0,0.36612847
2266.0,2266.0,0.3974713
2267.0,2267.0,0.6483653
2268.0,2268.0,0.48920524
2269.0,2269.0,0.57666713
2270.0,2270.0,0.0051629646
2271.0,2271.0,0.39115202
2272.0,2272.0,0.618146
2273.0,2273.0,0.009265002
2274.0,2274.0,0.38308352
2275.0,2275.0,0.25408834
2276.0,2276.0,0.59682316
2277.0,2277.0,0.51271427
2278.0,2278.0,0.26604587
2279.0,2279.0,0.216747
2280.0,2280.0,0.020665323
2281.0,2281.0,0.39526543
2282.0,2282.0,0.36927626
2283.0,2283.0,0.40384015
2284.0,2284.0,0.2643887
2285.0,2285.0,0.48208022
2286.0,2286.0,0.44295165
2287.0,2287.0,0.4253385
2288.0,2288.0,0.070220806
2289.0,2289.0,0.43304273
2290.0,2290.0,0.63433737
2291.0,2291.0,0.26465452
2292.0,2292.0,0.38995165
2293.0,2293.0,0.25868884
2294.0,2294.0,0.04186323
2295.0,2295.0,0.54628086
2296.0,2296.0,0.19636081
2297.0,2297.0,0.4425295
2298.0,2298.0,0.18893403
2299.0,2299.0,0.40742874
2300.0,2300.0,0.30430886
2301.0,2301.0,0.36965233
2302.0,2302.0,0.22768027
2303.0,2303.0,0.54550326
2304.0,2304.0,0.27196133
2305.0,2305.0,0.27931607
2306.0,2306.0,0.4712931
2307.0,2307.0,0.4105285
2308.0,2308.0,0.42570937
2309.0,2309.0,0.5069584
2310.0,2310.0,0.24441363
2311.0,2311.0,0.22232899
2312.0,2312.0,0.3660525
2313.0,2313.0,0.13177764
2314.0,2314.0,0.54550326
2315.0,2315.0,0.0412271
2316.0,2316.0,0.46391696
2317.0,2317.0,0.041894566
2318.0,2318.0,0.5469701
2319.0,2319.0,0.43211123
2320.0,2320.0,0.39958704
2321.0,2321.0,0.18624084
2322.0,2322.0,0.45549068
2323.0,2323.0,0.6303178
2324.0,2324.0,0.16217719
2325.0,2325.0,0.029540522
2326.0,2326.0,0.64384466
2327.0,2327.0,0.639287
2328.0,2328.0,0.40336508
2329.0,2329.0,0.38635156
2330.0,2330.0,0.31865335
2331.0,2331.0,0.40670434
2332.0,2332.0,0.28397167
2333.0,2333.0,0.61718345
2334.0,2334.0,0.5234931
2335.0,2335.0,0.6422405
2336.0,2336.0,0.22232899
2337.0,2337.0,0.2868345
2338.0,2338.0,0.08510409
2339.0,2339.0,0.19636081
2340.0,2340.0,0.47564903
2341.0,2341.0,0.16613765
2342.0,2342.0,0.51867265
2343.0,2343.0,0.5809695
2344.0,2344.0,0.28598252
2345.0,2345.0,0.4667401
2346.0,2346.0,0.4451181
2347.0,2347.0,0.2568885
2348.0,2348.0,0.44170454
2349.0,2349.0,0.6102257
2350.0,2350.0,0.36587283
2351.0,2351.0,0.44423756
2352.0,2352.0,0.16210736
2353.0,2353.0,0.24280317
2354.0,2354.0,0.45218885
2355.0,2355.0,0.14806977
2356.0,2356.0,0.26886445
2357.0,2357.0,0.2702468
2358.0,2358.0,0.23551117
2359.0,2359.0,0.40670353
2360.0,2360.0,0.64248884
2361.0,2361.0,0.54749995
2362.0,2362.0,0.44788823
2363.0,2363.0,0.33778885
2364.0,2364.0,0.43471545
2365.0,2365.0,0.23770657
2366.0,2366.0,0.28680307
2367.0,2367.0,0.36680144
2368.0,2368.0,0.24441363
2369.0,2369.0,0.61007184
2370.0,2370.0,0.46636078
2371.0,2371.0,0.37047735
2372.0,2372.0,0.525697
2373.0,2373.0,0.29301378
2374.0,2374.0,0.31178725
2375.0,2375.0,0.25347596
2376.0,2376.0,0.02310277
2377.0,2377.0,0.37668386
2378.0,2378.0,0.22231632
2379.0,2379.0,0.51057494
2380.0,2380.0,0.33555344
2381.0,2381.0,0.47102138
2382.0,2382.0,0.6034508
2383.0,2383.0,0.40708107
2384.0,2384.0,0.4083478
2385.0,2385.0,0.41019344
2386.0,2386.0,0.6149008
2387.0,2387.0,0.6031142
2388.0,2388.0,0.5374611
2389.0,2389.0,0.5454415
2390.0,2390.0,0.37766758
2391.0,2391.0,0.5227236
2392.0,2392.0,0.40277585
2393.0,2393.0,0.12430251
2394.0,2394.0,0.40091562
2395.0,2395.0,0.003890858
2396.0,2396.0,0.4744989
2397.0,2397.0,0.19889778
2398.0,2398.0,0.6432592
2399.0,2399.0,0.45432192
2400.0,2400.0,0.36585575
2401.0,2401.0,0.29301378
2402.0,2402.0,0.37005502
2403.0,2403.0,0.37106192
2404.0,2404.0,0.40007633
2405.0,2405.0,0.5963425
2406.0,2406.0,0.5228992
2407.0,2407.0,0.12583184
2408.0,2408.0,0.070817545
2409.0,2409.0,0.46897587
2410.0,2410.0,0.38047445
2411.0,2411.0,0.5175567
2412.0,2412.0,0.23241226
2413.0,2413.0,0.007185721
2414.0,2414.0,0.6171991
2415.0,2415.0,0.4090282
2416.0,2416.0,0.22222845
2417.0,2417.0,0.41804054
2418.0,2418.0,0.122932024
2419.0,2419.0,0.6037961
2420.0,2420.0,0.12319204
2421.0,2421.0,0.41029498
2422.0,2422.0,0.2855301
2423.0,2423.0,0.124579586
2424.0,2424.0,0.13240536
2425.0,2425.0,0.12256332
2426.0,2426.0,0.24982859
2427.0,2427.0,0.57520366
2428.0,2428.0,0.3670637
2429.0,2429.0,0.28509748
2430.0,2430.0,0.5422893
2431.0,2431.0,0.43808734
2432.0,2432.0,0.28384566
2433.0,2433.0,0.2876496
2434.0,2434.0,0.29301378
2435.0,2435.0,0.36410713
2436.0,2436.0,0.38031438
2437.0,2437.0,0.22232899
2438.0,2438.0,0.52565014
2439.0,2439.0,0.6340686
2440.0,2440.0,0.45189226
2441.0,2441.0,0.511668
2442.0,2442.0,0.6226721
2443.0,2443.0,0.13243958
2444.0,2444.0,0.36262876
2445.0,2445.0,0.24441363
2446.0,2446.0,0.3640744
2447.0,2447.0,0.16216154
2448.0,2448.0,0.5980536
2449.0,2449.0,0.41346154
2450.0,2450.0,0.3834775
2451.0,2451.0,0.40552565
2452.0,2452.0,0.09719574
2453.0,2453.0,0.23592053
2454.0,2454.0,0.6262841
2455.0,2455.0,0.49417505
2456.0,2456.0,0.45652848
2457.0,2457.0,0.012013802
2458.0,2458.0,0.007612147
2459.0,2459.0,0.45449132
2460.0,2460.0,0.41816017
2461.0,2461.0,0.08391768
2462.0,2462.0,0.26580375
2463.0,2463.0,0.14608991
2464.0,2464.0,0.40614852
2465.0,2465.0,0.40910694
2466.0,2466.0,0.34716472
2467.0,2467.0,0.10749732
2468.0,2468.0,0.2661016
2469.0,2469.0,0.34451023
2470.0,2470.0,0.55265373
2471.0,2471.0,0.0041567753
2472.0,2472.0,0.5124291
2473.0,2473.0,0.077551335
2474.0,2474.0,0.36157054
2475.0,2475.0,0.3640744
2476.0,2476.0,0.62662864
2477.0,2477.0,0.2864892
2478.0,2478.0,0.36734578
2479.0,2479.0,0.3892731
2480.0,2480.0,0.47775075
2481.0,2481.0,0.25188553
2482.0,2482.0,0.18725602
2483.0,2483.0,0.579925
2484.0,2484.0,0.36405572
2485.0,2485.0,0.4597441
2486.0,2486.0,0.42411467
2487.0,2487.0,0.00916329
2488.0,2488.0,0.6141319
2489.0,2489.0,0.12218881
2490.0,2490.0,0.2567331
2491.0,2491.0,0.059267726
2492.0,2492.0,0.20169358
2493.0,2493.0,0.3753412
2494.0,2494.0,0.010761585
2495.0,2495.0,0.40436083
2496.0,2496.0,0.30647233
2497.0,2497.0,0.2505936
2498.0,2498.0,0.3578889
2499.0,2499.0,0.03414736
2500.0,2500.0,0.08571819
2501.0,2501.0,0.48067904
2502.0,2502.0,0.40950242
2503.0,2503.0,0.34643853
2504.0,2504.0,0.55556434
2505.0,2505.0,0.6066092
2506.0,2506.0,0.34451023
2507.0,2507.0,0.34201807
2508.0,2508.0,0.3882948
2509.0,2509.0,0.36661088
2510.0,2510.0,0.00414185
2511.0,2511.0,0.64058477
2512.0,2512.0,0.19636081
2513.0,2513.0,0.504882
2514.0,2514.0,0.28853187
2515.0,2515.0,0.5560169
2516.0,2516.0,0.40390718
2517.0,2517.0,0.41965917
2518.0,2518.0,0.0845299
2519.0,2519.0,0.3667953
2520.0,2520.0,0.01017081
2521.0,2521.0,0.6387961
2522.0,2522.0,0.64142764
2523.0,2523.0,0.18240279
2524.0,2524.0,0.08510409
2525.0,2525.0,0.6140395
2526.0,2526.0,0.60180396
2527.0,2527.0,0.32021627
2528.0,2528.0,0.58115256
2529.0,2529.0,0.51606274
2530.0,2530.0,0.44479707
2531.0,2531.0,0.3388706
2532.0,2532.0,0.32037732
2533.0,2533.0,0.5639072
2534.0,2534.0,0.23740686
2535.0,2535.0,0.5861994
2536.0,2536.0,0.5128317
2537.0,2537.0,0.50801545
2538.0,2538.0,0.2489323
2539.0,2539.0,0.3827243
2540.0,2540.0,0.46687755
2541.0,2541.0,0.5056931
2542.0,2542.0,0.18802564
2543.0,2543.0,0.5157512
2544.0,2544.0,0.39526543
2545.0,2545.0,0.30897188
2546.0,2546.0,0.3404248
2547.0,2547.0,0.52565014
2548.0,2548.0,0.53930384
2549.0,2549.0,0.65917397
2550.0,2550.0,0.3892027
2551.0,2551.0,0.5658236
2552.0,2552.0,0.3460203
2553.0,2553.0,0.029485423
2554.0,2554.0,0.5287354
2555.0,2555.0,0.36659998
2556.0,2556.0,0.24656124
2557.0,2557.0,0.48619717
2558.0,2558.0,0.5076074
2559.0,2559.0,0.16358799
2560.0,2560.0,0.60918856
2561.0,2561.0,0.020631803
2562.0,2562.0,0.58409995
2563.0,2563.0,0.42066056
2564.0,2564.0,0.3369379
2565.0,2565.0,0.12228622
2566.0,2566.0,0.39377433
2567.0,2567.0,0.5128929
2568.0,2568.0,0.6412229
2569.0,2569.0,0.38367382
2570.0,2570.0,0.31995553
2571.0,2571.0,0.65097904
2572.0,2572.0,0.53512406
2573.0,2573.0,0.64476186
2574.0,2574.0,0.38031438
2575.0,2575.0,0.020406557
2576.0,2576.0,0.3437611
2577.0,2577.0,0.4066682
2578.0,2578.0,0.2849529
2579.0,2579.0,0.26711082
2580.0,2580.0,0.40683973
2581.0,2581.0,0.38504076
2582.0,2582.0,0.39642495
2583.0,2583.0,0.21428645
2584.0,2584.0,0.20358942
2585.0,2585.0,0.2486952
2586.0,2586.0,0.05622673
2587.0,2587.0,0.13168874
2588.0,2588.0,0.45137984
2589.0,2589.0,0.072472356
2590.0,2590.0,0.21698374
2591.0,2591.0,0.37486905
2592.0,2592.0,0.41189268
2593.0,2593.0,0.4374421
2594.0,2594.0,0.12610394
2595.0,2595.0,0.2875041
2596.0,2596.0,0.040337246
2597.0,2597.0,0.5502027
2598.0,2598.0,0.28139573
2599.0,2599.0,0.22232899
2600.0,2600.0,0.6218242
2601.0,2601.0,0.018038139
2602.0,2602.0,0.27425247
2603.0,2603.0,0.56125486
2604.0,2604.0,0.14607464
2605.0,2605.0,0.040069006
2606.0,2606.0,0.60890836
2607.0,2607.0,0.4150458
2608.0,2608.0,0.5706791
2609.0,2609.0,0.26465452
2610.0,2610.0,0.3678229
2611.0,2611.0,0.08490014
2612.0,2612.0,0.20169358
2613.0,2613.0,0.4066682
2614.0,2614.0,0.6942394
2615.0,2615.0,0.57685333
2616.0,2616.0,0.49417505
2617.0,2617.0,0.40132943
2618.0,2618.0,0.63728374
2619.0,2619.0,0.4975699
2620.0,2620.0,0.429567
2621.0,2621.0,0.2852587
2622.0,2622.0,0.34937024
2623.0,2623.0,0.38773805
2624.0,2624.0,0.052210502
2625.0,2625.0,0.24496686
2626.0,2626.0,0.6060169
2627.0,2627.0,0.46439165
2628.0,2628.0,0.5065764
2629.0,2629.0,9.587734E-5
2630.0,2630.0,0.13250633
2631.0,2631.0,0.51846904
2632.0,2632.0,0.2683433
2633.0,2633.0,0.18802564
2634.0,2634.0,0.0042083673
2635.0,2635.0,0.06951573
2636.0,2636.0,0.27222094
2637.0,2637.0,0.10583294
2638.0,2638.0,0.37948972
2639.0,2639.0,0.4093606
2640.0,2640.0,0.00793357
2641.0,2641.0,0.367158
2642.0,2642.0,0.31469855
2643.0,2643.0,0.34482384
2644.0,2644.0,0.25406733
2645.0,2645.0,0.46052548
2646.0,2646.0,0.34500322
2647.0,2647.0,0.16434702
2648.0,2648.0,0.20548423
2649.0,2649.0,0.33337292
2650.0,2650.0,0.31007916
2651.0,2651.0,0.10900679
2652.0,2652.0,0.5285081
2653.0,2653.0,0.05542406
2654.0,2654.0,0.27996352
2655.0,2655.0,0.5254084
2656.0,2656.0,0.337118
2657.0,2657.0,0.33337292
2658.0,2658.0,0.33960345
2659.0,2659.0,0.374574
2660.0,2660.0,0.47917828
2661.0,2661.0,0.22328283
2662.0,2662.0,0.3893356
2663.0,2663.0,0.54335934
2664.0,2664.0,0.5088828
2665.0,2665.0,0.17411506
2666.0,2666.0,0.16358799
2667.0,2667.0,0.32536396
2668.0,2668.0,0.3640744
2669.0,2669.0,0.22532435
2670.0,2670.0,0.6420717
2671.0,2671.0,0.4350111
2672.0,2672.0,0.44953075
2673.0,2673.0,0.37149113
2674.0,2674.0,0.12048291
2675.0,2675.0,0.2519615
2676.0,2676.0,0.4932003
2677.0,2677.0,0.24245532
2678.0,2678.0,0.3415893
2679.0,2679.0,0.24293011
2680.0,2680.0,0.040264275
2681.0,2681.0,0.4886183
2682.0,2682.0,0.3129566
2683.0,2683.0,0.2879595
2684.0,2684.0,0.41710746
2685.0,2685.0,0.34493816
2686.0,2686.0,0.36129892
2687.0,2687.0,0.41312042
2688.0,2688.0,0.072472356
2689.0,2689.0,0.38786787
2690.0,2690.0,0.2549165
2691.0,2691.0,0.3708523
2692.0,2692.0,0.31007916
2693.0,2693.0,0.40858102
2694.0,2694.0,0.4460177
2695.0,2695.0,0.2879595
2696.0,2696.0,0.39184123
2697.0,2697.0,0.0403599
2698.0,2698.0,0.21951829
2699.0,2699.0,0.23340656
2700.0,2700.0,0.16434798
2701.0,2701.0,0.62412655
2702.0,2702.0,0.6124355
2703.0,2703.0,0.48606083
2704.0,2704.0,0.34796414
2705.0,2705.0,0.5911456
2706.0,2706.0,0.24814886
2707.0,2707.0,0.11428993
2708.0,2708.0,0.52576804
2709.0,2709.0,0.36381546
2710.0,2710.0,0.43823755
2711.0,2711.0,0.45585796
2712.0,2712.0,0.039558858
2713.0,2713.0,0.45130324
2714.0,2714.0,0.39151317
2715.0,2715.0,0.44170454
2716.0,2716.0,0.23209032
2717.0,2717.0,0.21323474
2718.0,2718.0,0.37777367
2719.0,2719.0,0.49020877
2720.0,2720.0,0.2638561
2721.0,2721.0,0.58194774
2722.0,2722.0,0.6631429
2723.0,2723.0,0.085224696
2724.0,2724.0,0.25195548
2725.0,2725.0,0.24280317
2726.0,2726.0,0.46749786
2727.0,2727.0,0.007185721
2728.0,2728.0,0.4940721
2729.0,2729.0,0.13212654
2730.0,2730.0,0.40660408
2731.0,2731.0,0.50170743
2732.0,2732.0,0.08789661
2733.0,2733.0,0.31317163
2734.0,2734.0,0.2656602
2735.0,2735.0,0.45669565
2736.0,2736.0,0.47992396
2737.0,2737.0,0.565868
2738.0,2738.0,0.66032684
2739.0,2739.0,0.4416607
2740.0,2740.0,0.31963226
2741.0,2741.0,0.22847155
2742.0,2742.0,0.27073672
2743.0,2743.0,0.5139899
2744.0,2744.0,0.40227336
2745.0,2745.0,0.40702695
2746.0,2746.0,0.28843734
2747.0,2747.0,0.08517605
2748.0,2748.0,0.33554646
2749.0,2749.0,0.12265513
2750.0,2750.0,0.36880526
2751.0,2751.0,0.39526543
2752.0,2752.0,0.51540124
2753.0,2753.0,0.626144
2754.0,2754.0,0.039558858
2755.0,2755.0,0.27128586
2756.0,2756.0,0.21983647
2757.0,2757.0,0.09677671
2758.0,2758.0,0.62702173
2759.0,2759.0,0.012909587
2760.0,2760.0,0.25137687
2761.0,2761.0,0.5644275
2762.0,2762.0,0.45719185
2763.0,2763.0,0.4574019
2764.0,2764.0,0.0041653714
2765.0,2765.0,0.63528645
2766.0,2766.0,0.16364896
2767.0,2767.0,0.24441363
2768.0,2768.0,0.33815846
2769.0,2769.0,0.5265326
2770.0,2770.0,0.56059945
2771.0,2771.0,0.6357995
2772.0,2772.0,0.27196133
2773.0,2773.0,0.43514395
2774.0,2774.0,0.18893403
2775.0,2775.0,0.3181972
2776.0,2776.0,0.072472356
2777.0,2777.0,0.42159784
2778.0,2778.0,0.003800836
2779.0,2779.0,0.5916225
2780.0,2780.0,0.52748245
2781.0,2781.0,0.5365779
2782.0,2782.0,0.19236413
2783.0,2783.0,0.641609
2784.0,2784.0,0.28740522
2785.0,2785.0,0.10332084
2786.0,2786.0,0.00414185
2787.0,2787.0,0.53423756
2788.0,2788.0,0.21169893
2789.0,2789.0,0.22328283
2790.0,2790.0,0.6309673
2791.0,2791.0,0.63392204
2792.0,2792.0,0.36412802
2793.0,2793.0,0.25492147
2794.0,2794.0,0.2897301
2795.0,2795.0,0.12583184
2796.0,2796.0,0.30872813
2797.0,2797.0,0.020983437
2798.0,2798.0,0.23209032
2799.0,2799.0,0.38083786
2800.0,2800.0,0.47775075
2801.0,2801.0,0.077551335
2802.0,2802.0,0.28200796
2803.0,2803.0,0.3670637
2804.0,2804.0,0.3168691
2805.0,2805.0,0.12342976
2806.0,2806.0,0.5258273
2807.0,2807.0,0.5929702
2808.0,2808.0,0.26965988
2809.0,2809.0,0.22030832
2810.0,2810.0,0.45391458
2811.0,2811.0,0.13315436
2812.0,2812.0,0.22484763
2813.0,2813.0,0.44035518
2814.0,2814.0,0.4066682
2815.0,2815.0,0.44271344
2816.0,2816.0,0.40485832
2817.0,2817.0,0.4072588
2818.0,2818.0,0.36300197
2819.0,2819.0,0.5975406
2820.0,2820.0,0.13050835
2821.0,2821.0,0.24996157
2822.0,2822.0,0.50786185
2823.0,2823.0,0.35160485
2824.0,2824.0,0.6111746
2825.0,2825.0,0.4164607
2826.0,2826.0,0.4066682
2827.0,2827.0,0.36851954
2828.0,2828.0,0.2655418
2829.0,2829.0,0.26769263
2830.0,2830.0,0.4110499
2831.0,2831.0,0.61496973
2832.0,2832.0,0.34018433
2833.0,2833.0,0.3264949
2834.0,2834.0,0.4414889
2835.0,2835.0,0.059269037
2836.0,2836.0,0.26886445
2837.0,2837.0,0.00414185
2838.0,2838.0,0.056629743
2839.0,2839.0,0.5578994
2840.0,2840.0,0.5389052
2841.0,2841.0,0.5137699
2842.0,2842.0,0.56445277
2843.0,2843.0,0.36618167
2844.0,2844.0,0.53260046
2845.0,2845.0,0.22550139
2846.0,2846.0,0.56945425
2847.0,2847.0,0.28274304
2848.0,2848.0,0.03259481
2849.0,2849.0,0.33385345
2850.0,2850.0,0.24500889
2851.0,2851.0,0.16918479
2852.0,2852.0,0.35212937
2853.0,2853.0,0.28469023
2854.0,2854.0,0.31351218
2855.0,2855.0,0.61683613
2856.0,2856.0,0.0052189953
2857.0,2857.0,0.41995466
2858.0,2858.0,0.16211051
2859.0,2859.0,0.08372207
2860.0,2860.0,0.4072588
2861.0,2861.0,0.059267726
2862.0,2862.0,0.24441363
2863.0,2863.0,0.5433847
2864.0,2864.0,0.41518876
2865.0,2865.0,0.48616707
2866.0,2866.0,0.24846473
2867.0,2867.0,0.41284594
2868.0,2868.0,0.49516454
2869.0,2869.0,0.5141695
2870.0,2870.0,0.38656592
2871.0,2871.0,0.3419295
2872.0,2872.0,0.33957535
2873.0,2873.0,0.13315436
2874.0,2874.0,0.336813
2875.0,2875.0,0.0037611178
2876.0,2876.0,0.2725374
2877.0,2877.0,0.369726
2878.0,2878.0,0.5989063
2879.0,2879.0,0.24515364
2880.0,2880.0,0.40955842
2881.0,2881.0,0.39196503
2882.0,2882.0,0.2869306
2883.0,2883.0,0.39655757
2884.0,2884.0,0.57261115
2885.0,2885.0,0.23928384
2886.0,2886.0,0.032692242
2887.0,2887.0,0.21983647
2888.0,2888.0,0.11899113
2889.0,2889.0,0.3952614
2890.0,2890.0,0.34716472
2891.0,2891.0,0.004105529
2892.0,2892.0,0.3999968
2893.0,2893.0,0.08372207
2894.0,2894.0,0.2530019
2895.0,2895.0,0.3088182
2896.0,2896.0,0.29301378
2897.0,2897.0,0.085068904
2898.0,2898.0,0.40312606
2899.0,2899.0,0.618751
2900.0,2900.0,0.32644913
2901.0,2901.0,0.5123627
2902.0,2902.0,0.12578098
2903.0,2903.0,0.40604538
2904.0,2904.0,0.5582416
2905.0,2905.0,0.4979444
2906.0,2906.0,0.6755725
2907.0,2907.0,0.24245532
2908.0,2908.0,0.38857523
2909.0,2909.0,0.39197445
2910.0,2910.0,0.27429074
2911.0,2911.0,0.516853
2912.0,2912.0,0.62926036
2913.0,2913.0,0.04281511
2914.0,2914.0,0.45656732
2915.0,2915.0,0.22102936
2916.0,2916.0,0.18624084
2917.0,2917.0,0.33337292
2918.0,2918.0,0.48568124
2919.0,2919.0,0.13132866
2920.0,2920.0,0.59823996
2921.0,2921.0,0.51704484
2922.0,2922.0,0.02052775
2923.0,2923.0,0.34451023
2924.0,2924.0,0.55101174
2925.0,2925.0,0.020839257
2926.0,2926.0,0.24441363
2927.0,2927.0,0.34507895
2928.0,2928.0,0.60859346
2929.0,2929.0,0.10846183
2930.0,2930.0,0.52368915
2931.0,2931.0,0.28704813
2932.0,2932.0,0.12488145
2933.0,2933.0,0.12488145
2934.0,2934.0,0.25406733
2935.0,2935.0,0.5078394
2936.0,2936.0,0.14608991
2937.0,2937.0,0.52486354
2938.0,2938.0,0.49192438
2939.0,2939.0,0.4891778
2940.0,2940.0,0.12019148
2941.0,2941.0,0.18623921
2942.0,2942.0,0.02324895
2943.0,2943.0,0.2704458
2944.0,2944.0,0.39247236
2945.0,2945.0,0.53352505
2946.0,2946.0,0.3758938
2947.0,2947.0,0.0013806205
2948.0,2948.0,0.25145972
2949.0,2949.0,0.28853187
2950.0,2950.0,0.5676333
2951.0,2951.0,0.12430251
2952.0,2952.0,0.2650771
2953.0,2953.0,0.5499993
2954.0,2954.0,0.22122675
2955.0,2955.0,0.6060956
2956.0,2956.0,0.52748245
2957.0,2957.0,0.40942505
2958.0,2958.0,0.2704425
2959.0,2959.0,0.118774146
2960.0,2960.0,0.10356933
2961.0,2961.0,0.22285983
2962.0,2962.0,0.39765525
2963.0,2963.0,0.034118406
2964.0,2964.0,0.4000609
2965.0,2965.0,0.47534746
2966.0,2966.0,0.3793223
2967.0,2967.0,0.5855937
2968.0,2968.0,0.38869816
2969.0,2969.0,0.6161184
2970.0,2970.0,0.48229656
2971.0,2971.0,0.029417962
2972.0,2972.0,0.4901306
2973.0,2973.0,0.3995445
2974.0,2974.0,0.39343908
2975.0,2975.0,0.6141319
2976.0,2976.0,0.3670637
2977.0,2977.0,0.3595863
2978.0,2978.0,0.0037202404
2979.0,2979.0,0.57402325
2980.0,2980.0,0.60055375
2981.0,2981.0,0.41471365
2982.0,2982.0,0.32277575
2983.0,2983.0,0.2915023
2984.0,2984.0,0.22469762
2985.0,2985.0,0.5788978
2986.0,2986.0,0.23241226
2987.0,2987.0,0.39606956
2988.0,2988.0,0.45474598
2989.0,2989.0,0.007185721
2990.0,2990.0,0.362684
2991.0,2991.0,0.31007916
2992.0,2992.0,0.60869294
2993.0,2993.0,0.51444936
2994.0,2994.0,0.16434702
2995.0,2995.0,0.51028883
2996.0,2996.0,0.46998602
2997.0,2997.0,0.30316597
2998.0,2998.0,0.45605105
2999.0,2999.0,0.62927073
3000.0,3000.0,0.3475572
3001.0,3001.0,0.39367723
3002.0,3002.0,0.61751354
3003.0,3003.0,0.35330725
3004.0,3004.0,0.23128304
3005.0,3005.0,0.48510396
3006.0,3006.0,0.41554278
3007.0,3007.0,0.40059844
3008.0,3008.0,0.3850268
3009.0,3009.0,0.59491634
3010.0,3010.0,0.18802564
3011.0,3011.0,0.6300257
3012.0,3012.0,0.38201436
3013.0,3013.0,0.3698885
3014.0,3014.0,0.34284127
3015.0,3015.0,0.39259943
3016.0,3016.0,0.33211106
3017.0,3017.0,0.37392733
3018.0,3018.0,0.3691582
3019.0,3019.0,0.16434702
3020.0,3020.0,0.16403496
3021.0,3021.0,0.30420265
3022.0,3022.0,0.33337292
3023.0,3023.0,0.44508824
3024.0,3024.0,0.60312885
3025.0,3025.0,0.21045123
3026.0,3026.0,0.447999
3027.0,3027.0,0.12430251
3028.0,3028.0,0.3088182
3029.0,3029.0,0.4047762
3030.0,3030.0,0.62967944
3031.0,3031.0,0.2337561
3032.0,3032.0,0.40060574
3033.0,3033.0,0.020607784
3034.0,3034.0,0.38934046
3035.0,3035.0,9.565419E-5
3036.0,3036.0,0.1848009
3037.0,3037.0,0.19636081
3038.0,3038.0,0.13250633
3039.0,3039.0,0.36504602
3040.0,3040.0,0.04186323
3041.0,3041.0,0.28639814
3042.0,3042.0,0.43381834
3043.0,3043.0,0.26626748
3044.0,3044.0,0.0011394299
3045.0,3045.0,0.40256986
3046.0,3046.0,0.3284173
3047.0,3047.0,0.34558764
3048.0,3048.0,0.25753716
3049.0,3049.0,0.010307449
3050.0,3050.0,0.19169453
3051.0,3051.0,0.5439017
3052.0,3052.0,0.47775075
3053.0,3053.0,0.5793044
3054.0,3054.0,0.1235512
3055.0,3055.0,0.0091999695
3056.0,3056.0,0.3044267
3057.0,3057.0,0.3337313
3058.0,3058.0,0.2345225
3059.0,3059.0,0.25893185
3060.0,3060.0,0.23413974
3061.0,3061.0,0.6097447
3062.0,3062.0,0.42209563
3063.0,3063.0,0.009136866
3064.0,3064.0,0.38966307
3065.0,3065.0,0.04186323
3066.0,3066.0,0.4070753
3067.0,3067.0,0.4408754
3068.0,3068.0,0.367158
3069.0,3069.0,0.22525024
3070.0,3070.0,0.3640744
3071.0,3071.0,0.6151857
3072.0,3072.0,0.05883128
3073.0,3073.0,0.29301378
3074.0,3074.0,0.23100266
3075.0,3075.0,0.012031588
3076.0,3076.0,0.4095236
3077.0,3077.0,0.22908807
3078.0,3078.0,0.28687617
3079.0,3079.0,0.37800515
3080.0,3080.0,0.45083338
3081.0,3081.0,0.27492392
3082.0,3082.0,0.018271865
3083.0,3083.0,0.24517594
3084.0,3084.0,0.12406926
3085.0,3085.0,0.40568426
3086.0,3086.0,0.47482398
3087.0,3087.0,0.44170454
3088.0,3088.0,0.23740686
3089.0,3089.0,0.2879595
3090.0,3090.0,0.13116339
3091.0,3091.0,0.08510409
3092.0,3092.0,0.40091562
3093.0,3093.0,0.58789
3094.0,3094.0,0.3621676
3095.0,3095.0,0.44505113
3096.0,3096.0,0.0403599
3097.0,3097.0,0.25416675
3098.0,3098.0,0.35924146
3099.0,3099.0,0.6174554
3100.0,3100.0,0.19251543
3101.0,3101.0,0.54940915
3102.0,3102.0,0.36400965
3103.0,3103.0,0.31007916
3104.0,3104.0,0.25306365
3105.0,3105.0,0.31723452
3106.0,3106.0,0.23166254
3107.0,3107.0,0.3044267
3108.0,3108.0,0.63115156
3109.0,3109.0,0.389426
3110.0,3110.0,0.16918479
3111.0,3111.0,0.34958422
3112.0,3112.0,0.33804834
3113.0,3113.0,0.41225395
3114.0,3114.0,0.45452237
3115.0,3115.0,0.5828923
3116.0,3116.0,0.12317962
3117.0,3117.0,0.350631
3118.0,3118.0,0.34722757
3119.0,3119.0,0.5260952
3120.0,3120.0,0.405984
3121.0,3121.0,0.45734265
3122.0,3122.0,0.26988956
3123.0,3123.0,0.33804834
3124.0,3124.0,0.26622277
3125.0,3125.0,0.39259943
3126.0,3126.0,0.3739687
3127.0,3127.0,0.39622122
3128.0,3128.0,0.093987316
3129.0,3129.0,0.1260568
3130.0,3130.0,0.27429074
3131.0,3131.0,0.094696745
3132.0,3132.0,0.6280465
3133.0,3133.0,0.39588985
3134.0,3134.0,0.38163584
3135.0,3135.0,0.2567331
3136.0,3136.0,0.38310605
3137.0,3137.0,0.36559236
3138.0,3138.0,0.12022668
3139.0,3139.0,0.46758658
3140.0,3140.0,0.21947543
3141.0,3141.0,0.38919294
3142.0,3142.0,0.010335867
3143.0,3143.0,0.08918775
3144.0,3144.0,0.34814176
3145.0,3145.0,0.59089565
3146.0,3146.0,0.24651223
3147.0,3147.0,0.53250617
3148.0,3148.0,0.34451023
3149.0,3149.0,0.16253476
3150.0,3150.0,0.39932263
3151.0,3151.0,0.26087058
3152.0,3152.0,0.4829034
3153.0,3153.0,0.59904194
3154.0,3154.0,0.52748245
3155.0,3155.0,0.059333626
3156.0,3156.0,0.4149576
3157.0,3157.0,0.51057494
3158.0,3158.0,0.12130707
3159.0,3159.0,0.43836918
3160.0,3160.0,0.3088188
3161.0,3161.0,0.38072228
3162.0,3162.0,0.31945133
3163.0,3163.0,0.39949706
3164.0,3164.0,0.13315436
3165.0,3165.0,0.124491505
3166.0,3166.0,0.4483411
3167.0,3167.0,0.22562103
3168.0,3168.0,5.757919E-6
3169.0,3169.0,0.29301378
3170.0,3170.0,0.51271427
3171.0,3171.0,0.22165933
3172.0,3172.0,0.41751555
3173.0,3173.0,0.26955462
3174.0,3174.0,0.49592867
3175.0,3175.0,0.5684006
3176.0,3176.0,0.12496347
3177.0,3177.0,0.012013802
3178.0,3178.0,0.12233934
3179.0,3179.0,0.26969668
3180.0,3180.0,0.49856177
3181.0,3181.0,0.34451023
3182.0,3182.0,0.5565217
3183.0,3183.0,0.6105485
3184.0,3184.0,0.007185721
3185.0,3185.0,0.399589
3186.0,3186.0,0.21890841
3187.0,3187.0,0.14583056
3188.0,3188.0,0.40591967
3189.0,3189.0,0.41699246
3190.0,3190.0,0.08539873
3191.0,3191.0,0.12352962
3192.0,3192.0,0.46145117
3193.0,3193.0,0.0040196055
3194.0,3194.0,0.11899113
3195.0,3195.0,0.44216347
3196.0,3196.0,0.44271344
3197.0,3197.0,0.6920655
3198.0,3198.0,0.50675404
3199.0,3199.0,0.004112307
3200.0,3200.0,0.34716472
3201.0,3201.0,0.08910268
3202.0,3202.0,0.36164021
3203.0,3203.0,0.40950242
3204.0,3204.0,0.5573576
3205.0,3205.0,0.004089976
3206.0,3206.0,0.023050046
3207.0,3207.0,0.26363066
3208.0,3208.0,0.34452224
3209.0,3209.0,0.36843234
3210.0,3210.0,0.36909345
3211.0,3211.0,0.12583184
3212.0,3212.0,0.27138308
3213.0,3213.0,0.13249604
3214.0,3214.0,0.27429074
3215.0,3215.0,0.5185675
3216.0,3216.0,0.23450267
3217.0,3217.0,0.36991334
3218.0,3218.0,0.24964567
3219.0,3219.0,0.37419575
3220.0,3220.0,0.6090272
3221.0,3221.0,0.2643887
3222.0,3222.0,0.2548232
3223.0,3223.0,0.5737557
3224.0,3224.0,0.30553198
3225.0,3225.0,0.029804131
3226.0,3226.0,0.36129892
3227.0,3227.0,0.6269997
3228.0,3228.0,0.6111746
3229.0,3229.0,0.11919878
3230.0,3230.0,0.61060977
3231.0,3231.0,0.029503545
3232.0,3232.0,0.330167
3233.0,3233.0,0.21182911
3234.0,3234.0,0.3471224
3235.0,3235.0,0.5065764
3236.0,3236.0,0.3392902
3237.0,3237.0,0.39416495
3238.0,3238.0,0.28313038
3239.0,3239.0,0.5719326
3240.0,3240.0,0.21224669
3241.0,3241.0,0.020607784
3242.0,3242.0,0.43565053
3243.0,3243.0,0.46381497
3244.0,3244.0,0.16064817
3245.0,3245.0,0.45291698
3246.0,3246.0,0.37254617
3247.0,3247.0,0.59475225
3248.0,3248.0,0.0065442086
3249.0,3249.0,0.076311015
3250.0,3250.0,0.12983203
3251.0,3251.0,0.19022638
3252.0,3252.0,0.13269112
3253.0,3253.0,0.4572299
3254.0,3254.0,0.2563994
3255.0,3255.0,0.53380233
3256.0,3256.0,0.4491705
3257.0,3257.0,0.11453631
3258.0,3258.0,0.2643887
3259.0,3259.0,0.2136261
3260.0,3260.0,0.16434702
3261.0,3261.0,0.40084976
3262.0,3262.0,0.00414185
3263.0,3263.0,0.26886445
3264.0,3264.0,0.09392778
3265.0,3265.0,0.26836175
3266.0,3266.0,0.24835171
3267.0,3267.0,0.40905944
3268.0,3268.0,0.31469855
3269.0,3269.0,0.23190571
3270.0,3270.0,0.44271344
3271.0,3271.0,0.010284712
3272.0,3272.0,0.34530675
3273.0,3273.0,0.2548232
3274.0,3274.0,0.24245532
3275.0,3275.0,0.40384015
3276.0,3276.0,0.2619696
3277.0,3277.0,0.5468441
3278.0,3278.0,0.434151
3279.0,3279.0,0.085068904
3280.0,3280.0,0.5258852
3281.0,3281.0,0.36460143
3282.0,3282.0,0.51521015
3283.0,3283.0,0.59682316
3284.0,3284.0,0.23558189
3285.0,3285.0,0.3349644
3286.0,3286.0,0.3113283
3287.0,3287.0,0.34530675
3288.0,3288.0,4.9759774E-4
3289.0,3289.0,0.14608991
3290.0,3290.0,0.057256382
3291.0,3291.0,0.16208859
3292.0,3292.0,0.3404723
3293.0,3293.0,0.51457214
3294.0,3294.0,0.54335934
3295.0,3295.0,0.2650608
3296.0,3296.0,0.31648445
3297.0,3297.0,0.524814
3298.0,3298.0,0.46820125
3299.0,3299.0,0.03410423
3300.0,3300.0,0.46544075
3301.0,3301.0,0.43302658
3302.0,3302.0,0.10658868
3303.0,3303.0,0.49071446
3304.0,3304.0,0.39888346
3305.0,3305.0,0.2704425
3306.0,3306.0,0.58101934
3307.0,3307.0,0.5475663
3308.0,3308.0,0.16354594
3309.0,3309.0,0.26588893
3310.0,3310.0,0.486508
3311.0,3311.0,0.12547067
3312.0,3312.0,0.6082986
3313.0,3313.0,0.010761585
3314.0,3314.0,0.08789661
3315.0,3315.0,0.005367581
3316.0,3316.0,0.2747253
3317.0,3317.0,0.08838351
3318.0,3318.0,0.54620814
3319.0,3319.0,0.12250196
3320.0,3320.0,0.4101034
3321.0,3321.0,0.41177943
3322.0,3322.0,0.2370937
3323.0,3323.0,0.6503016
3324.0,3324.0,0.5077946
3325.0,3325.0,0.3678359
3326.0,3326.0,0.21224555
3327.0,3327.0,0.57582814
3328.0,3328.0,0.5234931
3329.0,3329.0,0.29359475
3330.0,3330.0,0.3591357
3331.0,3331.0,0.33972478
3332.0,3332.0,0.39069518
3333.0,3333.0,0.39629567
3334.0,3334.0,0.5144205
3335.0,3335.0,9.545529E-5
3336.0,3336.0,0.49007338
3337.0,3337.0,0.48360863
3338.0,3338.0,0.64463246
3339.0,3339.0,0.2683433
3340.0,3340.0,0.018041912
3341.0,3341.0,0.2852587
3342.0,3342.0,0.32607913
3343.0,3343.0,0.01314791
3344.0,3344.0,0.22418338
3345.0,3345.0,0.22185546
3346.0,3346.0,0.25398055
3347.0,3347.0,0.5716017
3348.0,3348.0,0.44675854
3349.0,3349.0,0.056267627
3350.0,3350.0,0.51057494
3351.0,3351.0,0.4023152
3352.0,3352.0,0.61499417
3353.0,3353.0,0.52743745
3354.0,3354.0,0.16398092
3355.0,3355.0,0.36997375
3356.0,3356.0,0.33972478
3357.0,3357.0,0.43302613
3358.0,3358.0,0.47466895
3359.0,3359.0,0.26886445
3360.0,3360.0,0.22330394
3361.0,3361.0,0.56336224
3362.0,3362.0,0.16160983
3363.0,3363.0,0.09635669
3364.0,3364.0,0.5568574
3365.0,3365.0,0.010301381
3366.0,3366.0,0.034492865
3367.0,3367.0,0.2872259
3368.0,3368.0,0.5181343
3369.0,3369.0,0.54753506
3370.0,3370.0,0.21302316
3371.0,3371.0,0.007877593
3372.0,3372.0,0.61623114
3373.0,3373.0,0.28461567
3374.0,3374.0,0.41804054
3375.0,3375.0,0.38108256
3376.0,3376.0,0.59375525
3377.0,3377.0,0.6336069
3378.0,3378.0,0.6298993
3379.0,3379.0,0.46524578
3380.0,3380.0,0.6348628
3381.0,3381.0,0.12226912
3382.0,3382.0,0.2562974
3383.0,3383.0,0.43462816
3384.0,3384.0,0.53125465
3385.0,3385.0,0.5964016
3386.0,3386.0,0.53984565
3387.0,3387.0,0.40227896
3388.0,3388.0,0.40514368
3389.0,3389.0,0.009172367
3390.0,3390.0,0.4939991
3391.0,3391.0,0.24975048
3392.0,3392.0,0.42365658
3393.0,3393.0,0.23318714
3394.0,3394.0,0.072472356
3395.0,3395.0,0.45069245
3396.0,3396.0,0.2503482
3397.0,3397.0,0.20358942
3398.0,3398.0,0.4687281
3399.0,3399.0,0.23066336
3400.0,3400.0,0.48360863
3401.0,3401.0,0.36494884
3402.0,3402.0,0.18802564
3403.0,3403.0,0.45938995
3404.0,3404.0,0.26612777
3405.0,3405.0,0.64861864
3406.0,3406.0,0.007976984
3407.0,3407.0,0.26715264
3408.0,3408.0,0.41836497
3409.0,3409.0,0.6404291
3410.0,3410.0,0.28523818
3411.0,3411.0,0.3859164
3412.0,3412.0,0.41510537
3413.0,3413.0,0.2549165
3414.0,3414.0,0.21224009
3415.0,3415.0,0.3369379
3416.0,3416.0,0.17056985
3417.0,3417.0,0.630499
3418.0,3418.0,0.40660176
3419.0,3419.0,0.52748245
3420.0,3420.0,0.38999912
3421.0,3421.0,0.017995914
3422.0,3422.0,0.420738
3423.0,3423.0,0.60130584
3424.0,3424.0,0.39278826
3425.0,3425.0,0.0011458761
3426.0,3426.0,0.25548983
3427.0,3427.0,0.09499124
3428.0,3428.0,0.3227558
3429.0,3429.0,0.45262036
3430.0,3430.0,0.14608991
3431.0,3431.0,0.37326193
3432.0,3432.0,0.21045123
3433.0,3433.0,0.62913924
3434.0,3434.0,0.512508
3435.0,3435.0,0.45409638
3436.0,3436.0,0.05929423
3437.0,3437.0,0.40604538
3438.0,3438.0,0.56734806
3439.0,3439.0,0.22173326
3440.0,3440.0,0.13222522
3441.0,3441.0,0.19849141
3442.0,3442.0,0.11899113
3443.0,3443.0,0.21122633
3444.0,3444.0,0.6425123
3445.0,3445.0,0.3689797
3446.0,3446.0,0.4619189
3447.0,3447.0,0.62439084
3448.0,3448.0,0.30694476
3449.0,3449.0,0.007496679
3450.0,3450.0,0.069267504
3451.0,3451.0,0.25417337
3452.0,3452.0,0.5281724
3453.0,3453.0,0.0023105568
3454.0,3454.0,0.32343954
3455.0,3455.0,0.2848338
3456.0,3456.0,0.14608991
3457.0,3457.0,0.06016607
3458.0,3458.0,0.22187312
3459.0,3459.0,0.007185721
3460.0,3460.0,0.6481759
3461.0,3461.0,0.36547834
3462.0,3462.0,0.46611795
3463.0,3463.0,0.429721
3464.0,3464.0,0.18624084
3465.0,3465.0,0.018013578
3466.0,3466.0,0.14621413
3467.0,3467.0,0.40084976
3468.0,3468.0,0.40372434
3469.0,3469.0,0.58055866
3470.0,3470.0,0.46625444
3471.0,3471.0,0.01785564
3472.0,3472.0,0.13249724
3473.0,3473.0,0.22165635
3474.0,3474.0,9.545529E-5
3475.0,3475.0,0.23000571
3476.0,3476.0,0.25253177
3477.0,3477.0,0.31832075
3478.0,3478.0,0.6411161
3479.0,3479.0,0.38507617
3480.0,3480.0,0.017680403
3481.0,3481.0,0.6130984
3482.0,3482.0,0.5626956
3483.0,3483.0,0.4813993
3484.0,3484.0,0.3698885
3485.0,3485.0,0.36642995
3486.0,3486.0,0.5749485
3487.0,3487.0,0.18624084
3488.0,3488.0,0.16576707
3489.0,3489.0,0.28854337
3490.0,3490.0,0.5977203
3491.0,3491.0,0.605071
3492.0,3492.0,0.4157515
3493.0,3493.0,0.009156584
3494.0,3494.0,0.5465516
3495.0,3495.0,0.48725182
3496.0,3496.0,0.3667953
3497.0,3497.0,0.21226898
3498.0,3498.0,0.33783776
3499.0,3499.0,0.22120169
3500.0,3500.0,0.19509503
3501.0,3501.0,0.3656258
3502.0,3502.0,0.05542406
3503.0,3503.0,0.3698885
3504.0,3504.0,0.2300252
3505.0,3505.0,0.65597504
3506.0,3506.0,0.21302316
3507.0,3507.0,0.6389814
3508.0,3508.0,0.35546175
3509.0,3509.0,0.2836941
3510.0,3510.0,0.3591357
3511.0,3511.0,0.57520235
3512.0,3512.0,0.40399343
3513.0,3513.0,0.367158
3514.0,3514.0,0.5101874
3515.0,3515.0,0.07617261
3516.0,3516.0,0.009121331
3517.0,3517.0,0.36467898
3518.0,3518.0,0.2529278
3519.0,3519.0,0.26886445
3520.0,3520.0,0.31007916
3521.0,3521.0,0.519026
3522.0,3522.0,0.4700434
3523.0,3523.0,0.54683375
3524.0,3524.0,0.23331617
3525.0,3525.0,0.21045123
3526.0,3526.0,0.13189887
3527.0,3527.0,9.3325325E-5
3528.0,3528.0,0.30684662
3529.0,3529.0,0.4944082
3530.0,3530.0,0.507814
3531.0,3531.0,0.29145566
3532.0,3532.0,0.6725293
3533.0,3533.0,0.001150482
3534.0,3534.0,0.22553429
3535.0,3535.0,0.38450155
3536.0,3536.0,0.11940933
3537.0,3537.0,0.23241226
3538.0,3538.0,0.40604538
3539.0,3539.0,0.14809707
3540.0,3540.0,0.36987436
3541.0,3541.0,0.48641494
3542.0,3542.0,0.45441598
3543.0,3543.0,0.60736585
3544.0,3544.0,0.003055932
3545.0,3545.0,0.43873325
3546.0,3546.0,0.008084189
3547.0,3547.0,0.2370937
3548.0,3548.0,0.3667837
3549.0,3549.0,0.36701247
3550.0,3550.0,0.6111746
3551.0,3551.0,0.37010077
3552.0,3552.0,0.25195548
3553.0,3553.0,0.13518941
3554.0,3554.0,0.3698885
3555.0,3555.0,0.6272595
3556.0,3556.0,0.01785339
3557.0,3557.0,0.597615
3558.0,3558.0,0.039558858
3559.0,3559.0,0.62305415
3560.0,3560.0,0.48067904
3561.0,3561.0,0.21093419
3562.0,3562.0,0.5492005
3563.0,3563.0,0.3335823
3564.0,3564.0,0.26893482
3565.0,3565.0,0.51057494
3566.0,3566.0,0.6553685
3567.0,3567.0,0.5171661
3568.0,3568.0,0.21180579
3569.0,3569.0,0.25417337
3570.0,3570.0,0.3698375
3571.0,3571.0,0.12228622
3572.0,3572.0,0.26886445
3573.0,3573.0,0.6111746
3574.0,3574.0,0.52748245
3575.0,3575.0,0.13250633
3576.0,3576.0,0.16198887
3577.0,3577.0,0.013067283
3578.0,3578.0,0.26751664
3579.0,3579.0,0.41518876
3580.0,3580.0,0.33568788
3581.0,3581.0,0.4519054
3582.0,3582.0,0.46636078
3583.0,3583.0,0.61631596
3584.0,3584.0,0.3591357
3585.0,3585.0,0.6225476
3586.0,3586.0,0.23209032
3587.0,3587.0,0.58826727
3588.0,3588.0,0.46573484
3589.0,3589.0,0.40602
3590.0,3590.0,0.37176448
3591.0,3591.0,0.44679284
3592.0,3592.0,0.23999977
3593.0,3593.0,0.2459961
3594.0,3594.0,0.0075282096
3595.0,3595.0,0.22409353
3596.0,3596.0,0.216747
3597.0,3597.0,0.6234916
3598.0,3598.0,0.39526543
3599.0,3599.0,0.3091675
3600.0,3600.0,0.56670344
3601.0,3601.0,0.03997897
3602.0,3602.0,0.22828963
3603.0,3603.0,0.24297394
3604.0,3604.0,0.3871141
3605.0,3605.0,0.5181423
3606.0,3606.0,0.020607784
3607.0,3607.0,0.02943578
3608.0,3608.0,0.29032195
3609.0,3609.0,0.3369379
3610.0,3610.0,0.34497383
3611.0,3611.0,0.33972478
3612.0,3612.0,0.13124037
3613.0,3613.0,0.27060944
3614.0,3614.0,0.3624707
3615.0,3615.0,0.6020604
3616.0,3616.0,0.52748245
3617.0,3617.0,0.45436922
3618.0,3618.0,0.5144056
3619.0,3619.0,0.37058675
3620.0,3620.0,0.6272595
3621.0,3621.0,0.49673837
3622.0,3622.0,0.5065764
3623.0,3623.0,0.24487063
3624.0,3624.0,0.3772788
3625.0,3625.0,0.3667953
3626.0,3626.0,0.6126241
3627.0,3627.0,0.44422963
3628.0,3628.0,0.30175182
3629.0,3629.0,0.41855097
3630.0,3630.0,0.66219336
3631.0,3631.0,0.5104958
3632.0,3632.0,0.5133804
3633.0,3633.0,0.08598164
3634.0,3634.0,0.25195548
3635.0,3635.0,0.029417962
3636.0,3636.0,0.24998353
3637.0,3637.0,0.21104404
3638.0,3638.0,0.3667953
3639.0,3639.0,0.63460475
3640.0,3640.0,0.28784904
3641.0,3641.0,0.2723581
3642.0,3642.0,0.39629567
3643.0,3643.0,0.29927796
3644.0,3644.0,0.608795
3645.0,3645.0,0.22073829
3646.0,3646.0,0.48144042
3647.0,3647.0,0.24990553
3648.0,3648.0,0.21237518
3649.0,3649.0,0.5578336
3650.0,3650.0,0.52643305
3651.0,3651.0,0.1938528
3652.0,3652.0,0.073338345
3653.0,3653.0,0.2345225
3654.0,3654.0,0.010761585
3655.0,3655.0,0.3642337
3656.0,3656.0,0.010301381
3657.0,3657.0,0.08510409
3658.0,3658.0,0.62090343
3659.0,3659.0,0.3472662
3660.0,3660.0,4.9759774E-4
3661.0,3661.0,0.16199364
3662.0,3662.0,0.45311064
3663.0,3663.0,0.28153244
3664.0,3664.0,9.596548E-5
3665.0,3665.0,0.46565855
3666.0,3666.0,0.19821414
3667.0,3667.0,0.5452651
3668.0,3668.0,0.26465452
3669.0,3669.0,0.2855621
3670.0,3670.0,0.49517676
3671.0,3671.0,0.2879595
3672.0,3672.0,0.61779606
3673.0,3673.0,0.5518403
3674.0,3674.0,0.3044267
3675.0,3675.0,0.3179296
3676.0,3676.0,0.6199501
3677.0,3677.0,0.53829205
3678.0,3678.0,0.3806813
3679.0,3679.0,0.073394105
3680.0,3680.0,0.40250036
3681.0,3681.0,0.5865008
3682.0,3682.0,0.51743275
3683.0,3683.0,0.5086545
3684.0,3684.0,0.65357125
3685.0,3685.0,0.51289487
3686.0,3686.0,0.16180305
3687.0,3687.0,0.13116339
3688.0,3688.0,0.018050987
3689.0,3689.0,9.523938E-5
3690.0,3690.0,0.6299464
3691.0,3691.0,0.3378411
3692.0,3692.0,0.17400292
3693.0,3693.0,0.0024182883
3694.0,3694.0,0.3044267
3695.0,3695.0,0.6148205
3696.0,3696.0,0.11658142
3697.0,3697.0,0.62430227
3698.0,3698.0,0.542629
3699.0,3699.0,0.60929143
3700.0,3700.0,0.6152591
3701.0,3701.0,0.32261333
3702.0,3702.0,0.24897635
3703.0,3703.0,0.6222639
3704.0,3704.0,0.25609028
3705.0,3705.0,0.41995466
3706.0,3706.0,0.11180643
3707.0,3707.0,0.37818092
3708.0,3708.0,0.5483275
3709.0,3709.0,0.53404975
3710.0,3710.0,0.6264916
3711.0,3711.0,0.5598299
3712.0,3712.0,0.2370937
3713.0,3713.0,0.51484543
3714.0,3714.0,0.58201134
3715.0,3715.0,0.39165962
3716.0,3716.0,0.3956091
3717.0,3717.0,0.3640744
3718.0,3718.0,0.21547279
3719.0,3719.0,0.56052244
3720.0,3720.0,0.08619368
3721.0,3721.0,0.040026635
3722.0,3722.0,0.6090272
3723.0,3723.0,0.46371228
3724.0,3724.0,0.12256332
3725.0,3725.0,0.023050046
3726.0,3726.0,0.37204918
3727.0,3727.0,0.3695357
3728.0,3728.0,0.36741692
3729.0,3729.0,0.404261
3730.0,3730.0,0.34451023
3731.0,3731.0,0.36457968
3732.0,3732.0,0.28200796
3733.0,3733.0,0.30556768
3734.0,3734.0,0.0032777532
3735.0,3735.0,0.34733963
3736.0,3736.0,0.34539574
3737.0,3737.0,0.0013711692
3738.0,3738.0,0.14809707
3739.0,3739.0,0.6140482
3740.0,3740.0,0.40346065
3741.0,3741.0,0.53805417
3742.0,3742.0,0.37149113
3743.0,3743.0,0.039852314
3744.0,3744.0,0.013115058
3745.0,3745.0,0.4082651
3746.0,3746.0,0.51457214
3747.0,3747.0,0.34796414
3748.0,3748.0,9.434192E-5
3749.0,3749.0,0.007185721
3750.0,3750.0,9.3241535E-5
3751.0,3751.0,0.49856177
3752.0,3752.0,0.0041450737
3753.0,3753.0,0.26886445
3754.0,3754.0,0.21045123
3755.0,3755.0,0.12380311
3756.0,3756.0,0.63688815
3757.0,3757.0,0.2897105
3758.0,3758.0,0.38085237
3759.0,3759.0,0.4066682
3760.0,3760.0,0.42542067
3761.0,3761.0,0.09392608
3762.0,3762.0,0.10356933
3763.0,3763.0,0.5621795
3764.0,3764.0,0.2771771
3765.0,3765.0,0.24441363
3766.0,3766.0,0.12400368
3767.0,3767.0,9.631681E-5
3768.0,3768.0,0.21312197
3769.0,3769.0,0.24510327
3770.0,3770.0,0.55368954
3771.0,3771.0,0.65109575
3772.0,3772.0,0.03978631
3773.0,3773.0,0.02987823
3774.0,3774.0,9.494019E-5
3775.0,3775.0,0.12489481
3776.0,3776.0,0.55193764
3777.0,3777.0,0.34583917
3778.0,3778.0,0.087900296
3779.0,3779.0,0.44662085
3780.0,3780.0,0.625981
3781.0,3781.0,0.33741325
3782.0,3782.0,0.39025325
3783.0,3783.0,0.1202374
3784.0,3784.0,0.0030276342
3785.0,3785.0,0.46636078
3786.0,3786.0,0.5455031
3787.0,3787.0,0.107029006
3788.0,3788.0,0.47775075
3789.0,3789.0,0.3040876
3790.0,3790.0,0.6040945
3791.0,3791.0,0.6380375
3792.0,3792.0,0.5124291
3793.0,3793.0,0.077551335
3794.0,3794.0,0.2552322
3795.0,3795.0,0.32021627
3796.0,3796.0,0.39377433
3797.0,3797.0,0.29301378
3798.0,3798.0,0.25737828
3799.0,3799.0,0.14679335
3800.0,3800.0,0.032692242
3801.0,3801.0,0.5997253
3802.0,3802.0,0.3992105
3803.0,3803.0,0.072472356
3804.0,3804.0,0.40384015
3805.0,3805.0,0.60510945
3806.0,3806.0,0.49160206
3807.0,3807.0,0.587873
3808.0,3808.0,9.593882E-5
3809.0,3809.0,0.48639807
3810.0,3810.0,0.25237802
3811.0,3811.0,0.6503918
3812.0,3812.0,0.55609417
3813.0,3813.0,0.0072259116
3814.0,3814.0,0.3567686
3815.0,3815.0,0.26893723
3816.0,3816.0,0.33804834
3817.0,3817.0,0.49742618
3818.0,3818.0,0.6177506
3819.0,3819.0,9.597813E-5
3820.0,3820.0,0.020607784
3821.0,3821.0,0.3334701
3822.0,3822.0,0.5664637
3823.0,3823.0,0.2548232
3824.0,3824.0,0.23209032
3825.0,3825.0,0.22385624
3826.0,3826.0,0.4085632
3827.0,3827.0,0.27196133
3828.0,3828.0,0.39629567
3829.0,3829.0,0.0074467175
3830.0,3830.0,0.5258374
3831.0,3831.0,0.38684002
3832.0,3832.0,0.3614329
3833.0,3833.0,0.6389728
3834.0,3834.0,0.23309368
3835.0,3835.0,0.16702487
3836.0,3836.0,0.16613765
3837.0,3837.0,4.7308285E-4
3838.0,3838.0,0.23999977
3839.0,3839.0,0.28427386
3840.0,3840.0,0.367158
3841.0,3841.0,0.38085237
3842.0,3842.0,0.2661471
3843.0,3843.0,0.25406733
3844.0,3844.0,0.11057043
3845.0,3845.0,0.3891722
3846.0,3846.0,0.0754675
3847.0,3847.0,0.45582867
3848.0,3848.0,0.25195548
3849.0,3849.0,0.18865862
3850.0,3850.0,0.5248678
3851.0,3851.0,0.5575724
3852.0,3852.0,0.6178902
3853.0,3853.0,0.54917574
3854.0,3854.0,0.6230298
3855.0,3855.0,0.25133768
3856.0,3856.0,0.029881239
3857.0,3857.0,0.3203929
3858.0,3858.0,0.41518876
3859.0,3859.0,0.24843311
3860.0,3860.0,0.36539087
3861.0,3861.0,0.48825318
3862.0,3862.0,0.056647792
3863.0,3863.0,0.30814198
3864.0,3864.0,0.52729267
3865.0,3865.0,0.28503075
3866.0,3866.0,0.39526543
3867.0,3867.0,0.63973206
3868.0,3868.0,0.36108175
3869.0,3869.0,0.5124291
3870.0,3870.0,0.14608991
3871.0,3871.0,0.40215987
3872.0,3872.0,0.56109154
3873.0,3873.0,0.4554629
3874.0,3874.0,0.29865223
3875.0,3875.0,0.2683433
3876.0,3876.0,0.39525416
3877.0,3877.0,0.23368616
3878.0,3878.0,0.61496973
3879.0,3879.0,9.434192E-5
3880.0,3880.0,0.31995553
3881.0,3881.0,0.37073734
3882.0,3882.0,0.4075505
3883.0,3883.0,0.1966602
3884.0,3884.0,0.36612847
3885.0,3885.0,0.07758376
3886.0,3886.0,0.52562565
3887.0,3887.0,0.40384015
3888.0,3888.0,5.757919E-6
3889.0,3889.0,0.5541
3890.0,3890.0,0.51457214
3891.0,3891.0,0.61966944
3892.0,3892.0,0.21499681
3893.0,3893.0,0.48402724
3894.0,3894.0,0.16064817
3895.0,3895.0,0.51073045
3896.0,3896.0,0.45283183
3897.0,3897.0,0.082856014
3898.0,3898.0,0.5986064
3899.0,3899.0,0.6624797
3900.0,3900.0,0.17139089
3901.0,3901.0,0.04178965
3902.0,3902.0,0.3613622
3903.0,3903.0,0.029691452
3904.0,3904.0,0.12474556
3905.0,3905.0,0.2142919
3906.0,3906.0,0.08512994
3907.0,3907.0,0.34530675
3908.0,3908.0,0.216747
3909.0,3909.0,0.3969262
3910.0,3910.0,0.5199418
3911.0,3911.0,0.3396519
3912.0,3912.0,0.6076596
3913.0,3913.0,0.11428993
3914.0,3914.0,0.03426138
3915.0,3915.0,0.40727875
3916.0,3916.0,0.31086564
3917.0,3917.0,0.22185546
3918.0,3918.0,0.00760896
3919.0,3919.0,0.04278716
3920.0,3920.0,0.62049705
3921.0,3921.0,0.560596
3922.0,3922.0,0.029417962
3923.0,3923.0,0.26886445
3924.0,3924.0,0.2345225
3925.0,3925.0,0.6371704
3926.0,3926.0,0.020533457
3927.0,3927.0,0.28747457
3928.0,3928.0,0.072472356
3929.0,3929.0,0.10052949
3930.0,3930.0,0.085068904
3931.0,3931.0,0.3226244
3932.0,3932.0,0.089449786
3933.0,3933.0,0.3991062
3934.0,3934.0,0.31704873
3935.0,3935.0,0.4964235
3936.0,3936.0,0.20358942
3937.0,3937.0,0.042211194
3938.0,3938.0,0.07301471
3939.0,3939.0,0.40091562
3940.0,3940.0,0.6021768
3941.0,3941.0,0.23055242
3942.0,3942.0,0.26047233
3943.0,3943.0,0.2866887
3944.0,3944.0,0.35814938
3945.0,3945.0,0.032641828
3946.0,3946.0,0.3369379
3947.0,3947.0,0.2333007
3948.0,3948.0,0.43218195
3949.0,3949.0,0.55449647
3950.0,3950.0,0.22372553
3951.0,3951.0,0.27889138
3952.0,3952.0,0.023050046
3953.0,3953.0,0.0041510705
3954.0,3954.0,0.23762918
3955.0,3955.0,0.6106181
3956.0,3956.0,0.12288385
3957.0,3957.0,0.31007916
3958.0,3958.0,0.07328094
3959.0,3959.0,0.010269648
3960.0,3960.0,0.34385696
3961.0,3961.0,0.6271437
3962.0,3962.0,0.0024482526
3963.0,3963.0,1.8046274E-4
3964.0,3964.0,0.4072791
3965.0,3965.0,0.42895952
3966.0,3966.0,0.123837374
3967.0,3967.0,0.447123
3968.0,3968.0,0.6038858
3969.0,3969.0,0.3668042
3970.0,3970.0,0.40833476
3971.0,3971.0,0.21180579
3972.0,3972.0,0.40479335
3973.0,3973.0,0.4432433
3974.0,3974.0,0.59326065
3975.0,3975.0,0.38869816
3976.0,3976.0,0.18640634
3977.0,3977.0,0.63314015
3978.0,3978.0,0.59621686
3979.0,3979.0,0.2747253
3980.0,3980.0,0.41965917
3981.0,3981.0,0.23126645
3982.0,3982.0,9.725151E-5
3983.0,3983.0,0.003799003
3984.0,3984.0,0.28281844
3985.0,3985.0,0.042378172
3986.0,3986.0,0.44516087
3987.0,3987.0,0.5457744
3988.0,3988.0,0.27196133
3989.0,3989.0,0.43942934
3990.0,3990.0,0.38876727
3991.0,3991.0,0.5098287
3992.0,3992.0,0.5571649
3993.0,3993.0,0.46510494
3994.0,3994.0,0.009121331
3995.0,3995.0,0.36931616
3996.0,3996.0,0.32390764
3997.0,3997.0,0.36388162
3998.0,3998.0,0.36460143
3999.0,3999.0,0.49823466
4000.0,4000.0,0.0030355237
4001.0,4001.0,0.23809768
4002.0,4002.0,0.31102908
4003.0,4003.0,0.40395552
4004.0,4004.0,0.16972648
4005.0,4005.0,0.5041342
4006.0,4006.0,0.35906923
4007.0,4007.0,0.018602256
4008.0,4008.0,0.34933537
4009.0,4009.0,0.25045332
4010.0,4010.0,0.51401323
4011.0,4011.0,0.35327503
4012.0,4012.0,0.41518876
4013.0,4013.0,0.36419073
4014.0,4014.0,0.34796414
4015.0,4015.0,0.005351219
4016.0,4016.0,0.010333147
4017.0,4017.0,0.33804834
4018.0,4018.0,0.39765197
4019.0,4019.0,0.3029656
4020.0,4020.0,0.2107024
4021.0,4021.0,0.68848836
4022.0,4022.0,0.58142316
4023.0,4023.0,0.49594963
4024.0,4024.0,0.5274877
4025.0,4025.0,0.2235932
4026.0,4026.0,0.22082195
4027.0,4027.0,0.029869948
4028.0,4028.0,0.31767687
4029.0,4029.0,0.34451023
4030.0,4030.0,0.41473785
4031.0,4031.0,0.63392204
4032.0,4032.0,0.28713745
4033.0,4033.0,0.31648445
4034.0,4034.0,0.461579
4035.0,4035.0,0.5191606
4036.0,4036.0,0.28200796
4037.0,4037.0,0.6111746
4038.0,4038.0,0.08425216
4039.0,4039.0,0.4573729
4040.0,4040.0,0.6437008
4041.0,4041.0,0.29061264
4042.0,4042.0,0.5841039
4043.0,4043.0,0.0038011647
4044.0,4044.0,0.57392323
4045.0,4045.0,0.23654038
4046.0,4046.0,0.57117987
4047.0,4047.0,0.31836447
4048.0,4048.0,0.37253115
4049.0,4049.0,0.5541819
4050.0,4050.0,0.2897105
4051.0,4051.0,0.0030282692
4052.0,4052.0,0.08384808
4053.0,4053.0,0.13126904
4054.0,4054.0,0.04353839
4055.0,4055.0,0.27429074
4056.0,4056.0,0.19636081
4057.0,4057.0,0.6090272
4058.0,4058.0,0.35308275
4059.0,4059.0,0.36464798
4060.0,4060.0,0.09337268
4061.0,4061.0,0.34451023
4062.0,4062.0,0.40973622
4063.0,4063.0,0.03975725
4064.0,4064.0,0.44793266
4065.0,4065.0,0.4513585
4066.0,4066.0,0.36204588
4067.0,4067.0,0.5065144
4068.0,4068.0,0.52033013
4069.0,4069.0,0.3708813
4070.0,4070.0,0.33709782
4071.0,4071.0,0.5110525
4072.0,4072.0,0.059267726
4073.0,4073.0,0.6166172
4074.0,4074.0,0.056267627
4075.0,4075.0,5.757919E-6
4076.0,4076.0,0.23098409
4077.0,4077.0,0.5908174
4078.0,4078.0,0.17131145
4079.0,4079.0,0.05859358
4080.0,4080.0,0.23090266
4081.0,4081.0,0.3050702
4082.0,4082.0,0.36011007
4083.0,4083.0,0.02324895
4084.0,4084.0,0.28728363
4085.0,4085.0,0.37698665
4086.0,4086.0,0.0053316457
4087.0,4087.0,0.19636081
4088.0,4088.0,0.4806987
4089.0,4089.0,0.13116339
4090.0,4090.0,0.61069727
4091.0,4091.0,0.21180579
4092.0,4092.0,0.3882948
