x,y,species median
1.0,1.0,0.32888508
2.0,2.0,0.573745
3.0,3.0,0.062878035
4.0,4.0,0.33599746
5.0,5.0,0.40611142
6.0,6.0,0.16319706
7.0,7.0,0.39523032
8.0,8.0,0.26574546
9.0,9.0,0.46792144
10.0,10.0,0.38536495
11.0,11.0,0.34862328
12.0,12.0,0.40852302
13.0,13.0,0.26203275
14.0,14.0,0.63617384
15.0,15.0,0.45302182
16.0,16.0,0.30504385
17.0,17.0,0.54417485
18.0,18.0,0.6427876
19.0,19.0,0.41401348
20.0,20.0,0.26439515
21.0,21.0,0.45032173
22.0,22.0,0.31249645
23.0,23.0,0.5201321
24.0,24.0,0.21979079
25.0,25.0,0.54280025
26.0,26.0,0.11019231
27.0,27.0,0.5727587
28.0,28.0,0.58223975
29.0,29.0,0.5859051
30.0,30.0,0.3268014
31.0,31.0,0.2675185
32.0,32.0,0.20753255
33.0,33.0,0.49774107
34.0,34.0,0.66840297
35.0,35.0,0.43461105
36.0,36.0,0.31857994
37.0,37.0,0.18522272
38.0,38.0,0.49302247
39.0,39.0,0.63554364
40.0,40.0,0.6675761
41.0,41.0,0.3746585
42.0,42.0,0.32960832
43.0,43.0,0.29029793
44.0,44.0,0.47272167
45.0,45.0,0.26129523
46.0,46.0,0.39724115
47.0,47.0,0.43654668
48.0,48.0,0.28125268
49.0,49.0,0.44498736
50.0,50.0,0.4044878
51.0,51.0,0.49064317
52.0,52.0,0.14701267
53.0,53.0,0.38704407
54.0,54.0,0.014799781
55.0,55.0,0.35729754
56.0,56.0,0.29974836
57.0,57.0,0.02227855
58.0,58.0,0.60241866
59.0,59.0,0.0922515
60.0,60.0,0.21329254
61.0,61.0,0.022613768
62.0,62.0,0.330327
63.0,63.0,0.3472762
64.0,64.0,0.43408698
65.0,65.0,0.16070119
66.0,66.0,0.23819257
67.0,67.0,0.18697275
68.0,68.0,0.35374865
69.0,69.0,0.64650595
70.0,70.0,0.32502407
71.0,71.0,0.65652734
72.0,72.0,0.102858044
73.0,73.0,0.43258563
74.0,74.0,0.45977843
75.0,75.0,0.6062547
76.0,76.0,0.07065121
77.0,77.0,0.4659606
78.0,78.0,0.34790513
79.0,79.0,0.6470798
80.0,80.0,0.6379623
81.0,81.0,0.081752025
82.0,82.0,0.3562549
83.0,83.0,0.51451594
84.0,84.0,0.29242602
85.0,85.0,0.18385957
86.0,86.0,0.43357632
87.0,87.0,0.57182395
88.0,88.0,0.5265063
89.0,89.0,0.46169615
90.0,90.0,0.60484254
91.0,91.0,0.37424093
92.0,92.0,0.2649682
93.0,93.0,0.41718003
94.0,94.0,0.26967922
95.0,95.0,0.29518223
96.0,96.0,0.014589576
97.0,97.0,0.31040534
98.0,98.0,0.1769737
99.0,99.0,0.48416707
100.0,100.0,0.2915147
101.0,101.0,0.5566218
102.0,102.0,0.5657802
103.0,103.0,0.08676745
104.0,104.0,0.49913406
105.0,105.0,0.30466554
106.0,106.0,0.09129923
107.0,107.0,0.6219585
108.0,108.0,0.35760292
109.0,109.0,0.33703217
110.0,110.0,0.54676676
111.0,111.0,0.55378115
112.0,112.0,0.13701
113.0,113.0,0.39166307
114.0,114.0,0.2209044
115.0,115.0,0.34930912
116.0,116.0,0.15104674
117.0,117.0,0.48984793
118.0,118.0,0.31047055
119.0,119.0,0.42003566
120.0,120.0,0.57925403
121.0,121.0,0.4800698
122.0,122.0,0.27971587
123.0,123.0,0.029669888
124.0,124.0,0.6011663
125.0,125.0,0.43607306
126.0,126.0,0.47726256
127.0,127.0,0.37793067
128.0,128.0,0.15165322
129.0,129.0,0.54352564
130.0,130.0,0.58674574
131.0,131.0,0.46385586
132.0,132.0,0.5363838
133.0,133.0,0.09732664
134.0,134.0,0.1903535
135.0,135.0,0.4118166
136.0,136.0,0.15241301
137.0,137.0,0.5273086
138.0,138.0,0.5468243
139.0,139.0,0.36744362
140.0,140.0,0.02176123
141.0,141.0,0.2668585
142.0,142.0,0.35619184
143.0,143.0,0.5335838
144.0,144.0,0.1553871
145.0,145.0,0.5958016
146.0,146.0,0.3350428
147.0,147.0,0.15165322
148.0,148.0,0.5288013
149.0,149.0,0.64103127
150.0,150.0,0.35760292
151.0,151.0,0.32352647
152.0,152.0,0.50028807
153.0,153.0,0.5635161
154.0,154.0,0.47000337
155.0,155.0,0.6239556
156.0,156.0,0.14075093
157.0,157.0,0.15669361
158.0,158.0,0.4384425
159.0,159.0,0.44642112
160.0,160.0,0.46231213
161.0,161.0,0.3189903
162.0,162.0,0.49215385
163.0,163.0,0.627832
164.0,164.0,0.29244393
165.0,165.0,0.5928401
166.0,166.0,0.02227855
167.0,167.0,0.16166367
168.0,168.0,0.38305658
169.0,169.0,0.41344106
170.0,170.0,0.5356876
171.0,171.0,0.58130884
172.0,172.0,0.49195293
173.0,173.0,0.6270529
174.0,174.0,0.37695408
175.0,175.0,0.24564925
176.0,176.0,0.11838306
177.0,177.0,0.18604983
178.0,178.0,0.27434614
179.0,179.0,0.20706789
180.0,180.0,0.6248401
181.0,181.0,0.39042065
182.0,182.0,0.4754322
183.0,183.0,0.46852642
184.0,184.0,0.4026056
185.0,185.0,0.6427841
186.0,186.0,0.3870669
187.0,187.0,0.5023972
188.0,188.0,0.35208166
189.0,189.0,0.40878236
190.0,190.0,0.65524495
191.0,191.0,0.35020897
192.0,192.0,0.45875102
193.0,193.0,0.53290653
194.0,194.0,0.6410135
195.0,195.0,0.65443724
196.0,196.0,0.13687135
197.0,197.0,0.5085012
198.0,198.0,0.35619184
199.0,199.0,0.4354854
200.0,200.0,0.2763692
201.0,201.0,0.49195293
202.0,202.0,0.6065317
203.0,203.0,0.2848784
204.0,204.0,0.30198196
205.0,205.0,0.48152
206.0,206.0,0.5867212
207.0,207.0,0.61527985
208.0,208.0,0.33134246
209.0,209.0,0.082400694
210.0,210.0,0.39171556
211.0,211.0,0.09485256
212.0,212.0,0.19767264
213.0,213.0,0.16149403
214.0,214.0,0.16158889
215.0,215.0,0.2670579
216.0,216.0,0.4026177
217.0,217.0,0.52839
218.0,218.0,0.4696141
219.0,219.0,0.2551663
220.0,220.0,0.31048948
221.0,221.0,0.5213053
222.0,222.0,0.46299523
223.0,223.0,0.4558162
224.0,224.0,0.27536756
225.0,225.0,0.43461105
226.0,226.0,0.30459392
227.0,227.0,0.28934485
228.0,228.0,0.5825427
229.0,229.0,0.14045168
230.0,230.0,0.09671028
231.0,231.0,0.2935177
232.0,232.0,0.45677683
233.0,233.0,0.64694697
234.0,234.0,0.3819901
235.0,235.0,0.49337372
236.0,236.0,0.5692797
237.0,237.0,0.3706737
238.0,238.0,0.39523032
239.0,239.0,0.43121088
240.0,240.0,0.21988592
241.0,241.0,0.6500394
242.0,242.0,0.6415297
243.0,243.0,0.3176406
244.0,244.0,0.51033276
245.0,245.0,0.4044449
246.0,246.0,0.5735397
247.0,247.0,0.33688915
248.0,248.0,0.3865953
249.0,249.0,0.5915603
250.0,250.0,0.4368104
251.0,251.0,0.21608241
252.0,252.0,0.26428422
253.0,253.0,0.39609683
254.0,254.0,0.4606964
255.0,255.0,0.17932342
256.0,256.0,0.47665077
257.0,257.0,0.15821396
258.0,258.0,0.082998745
259.0,259.0,0.05480614
260.0,260.0,0.5325338
261.0,261.0,0.39704534
262.0,262.0,0.32960832
263.0,263.0,0.5938626
264.0,264.0,0.08205387
265.0,265.0,0.65904826
266.0,266.0,0.44110915
267.0,267.0,0.34763142
268.0,268.0,0.39523032
269.0,269.0,0.5896425
270.0,270.0,0.47830603
271.0,271.0,0.29551962
272.0,272.0,0.43825725
273.0,273.0,0.014589576
274.0,274.0,0.510604
275.0,275.0,0.27509233
276.0,276.0,0.6349605
277.0,277.0,0.27435604
278.0,278.0,0.29205066
279.0,279.0,0.395295
280.0,280.0,0.5907606
281.0,281.0,0.49266514
282.0,282.0,0.55378115
283.0,283.0,0.21556203
284.0,284.0,0.43566337
285.0,285.0,0.4353372
286.0,286.0,0.061504338
287.0,287.0,0.15512444
288.0,288.0,0.32960832
289.0,289.0,0.72500134
290.0,290.0,0.59102917
291.0,291.0,0.3913239
292.0,292.0,0.27435604
293.0,293.0,0.15793738
294.0,294.0,0.3162041
295.0,295.0,0.44534522
296.0,296.0,0.5924677
297.0,297.0,0.21556203
298.0,298.0,0.40843236
299.0,299.0,0.57906103
300.0,300.0,0.38346502
301.0,301.0,0.45573625
302.0,302.0,0.29818007
303.0,303.0,0.2436752
304.0,304.0,0.6121419
305.0,305.0,0.47621277
306.0,306.0,0.33283523
307.0,307.0,0.18230498
308.0,308.0,0.5186861
309.0,309.0,0.71914035
310.0,310.0,0.67057025
311.0,311.0,0.55172986
312.0,312.0,0.27985054
313.0,313.0,0.4380517
314.0,314.0,0.3155388
315.0,315.0,0.29931575
316.0,316.0,0.53290653
317.0,317.0,0.5529123
318.0,318.0,0.60041106
319.0,319.0,0.49501294
320.0,320.0,0.4363192
321.0,321.0,0.62736076
322.0,322.0,0.296575
323.0,323.0,0.40808195
324.0,324.0,0.43468317
325.0,325.0,0.43301082
326.0,326.0,0.59141105
327.0,327.0,0.53216517
328.0,328.0,0.36744934
329.0,329.0,0.2979337
330.0,330.0,0.33169
331.0,331.0,0.4351663
332.0,332.0,0.34935147
333.0,333.0,0.10215567
334.0,334.0,0.49260598
335.0,335.0,0.56458753
336.0,336.0,0.3386937
337.0,337.0,0.1441582
338.0,338.0,0.5455775
339.0,339.0,0.4563965
340.0,340.0,0.025160126
341.0,341.0,0.43553683
342.0,342.0,0.32088664
343.0,343.0,0.503228
344.0,344.0,0.5340923
345.0,345.0,0.48589122
346.0,346.0,0.31040534
347.0,347.0,0.070155956
348.0,348.0,0.2197718
349.0,349.0,0.4628538
350.0,350.0,0.26428422
351.0,351.0,0.5347846
352.0,352.0,0.53390807
353.0,353.0,0.22878315
354.0,354.0,0.48471457
355.0,355.0,0.5149226
356.0,356.0,0.33876508
357.0,357.0,0.4746004
358.0,358.0,0.20949617
359.0,359.0,0.55301243
360.0,360.0,0.55971384
361.0,361.0,0.6020559
362.0,362.0,0.024873937
363.0,363.0,0.6360635
364.0,364.0,0.20595136
365.0,365.0,0.56945443
366.0,366.0,0.14045168
367.0,367.0,0.5785683
368.0,368.0,0.08941541
369.0,369.0,0.2988206
370.0,370.0,0.40594688
371.0,371.0,0.16355751
372.0,372.0,0.55006313
373.0,373.0,0.6495737
374.0,374.0,0.48906985
375.0,375.0,0.29564148
376.0,376.0,0.48301244
377.0,377.0,0.49861178
378.0,378.0,0.54219997
379.0,379.0,0.6374576
380.0,380.0,0.64584553
381.0,381.0,0.2579588
382.0,382.0,0.5406724
383.0,383.0,0.45293686
384.0,384.0,0.60426694
385.0,385.0,0.4905387
386.0,386.0,0.2649682
387.0,387.0,0.5273018
388.0,388.0,0.052216668
389.0,389.0,0.35619184
390.0,390.0,0.6272683
391.0,391.0,0.44942573
392.0,392.0,0.45478314
393.0,393.0,0.42878416
394.0,394.0,0.46787316
395.0,395.0,0.6899344
396.0,396.0,0.32502407
397.0,397.0,0.0333649
398.0,398.0,0.26574546
399.0,399.0,0.26574546
400.0,400.0,0.66080505
401.0,401.0,0.467398
402.0,402.0,0.02514556
403.0,403.0,0.53763056
404.0,404.0,0.20794012
405.0,405.0,0.43231368
406.0,406.0,0.5735397
407.0,407.0,0.3387112
408.0,408.0,0.6096606
409.0,409.0,0.52839
410.0,410.0,0.5393645
411.0,411.0,0.34100458
412.0,412.0,0.35619184
413.0,413.0,0.5635161
414.0,414.0,0.38732103
415.0,415.0,0.29818007
416.0,416.0,0.15813164
417.0,417.0,0.14638682
418.0,418.0,0.46262798
419.0,419.0,0.56330484
420.0,420.0,0.12770766
421.0,421.0,0.37011158
422.0,422.0,0.588294
423.0,423.0,0.64515436
424.0,424.0,0.30300015
425.0,425.0,0.38659582
426.0,426.0,0.57907534
427.0,427.0,0.39523032
428.0,428.0,0.33169
429.0,429.0,0.59602183
430.0,430.0,0.18333131
431.0,431.0,0.32640234
432.0,432.0,0.46112975
433.0,433.0,0.4044449
434.0,434.0,0.54511094
435.0,435.0,0.49852237
436.0,436.0,0.61043274
437.0,437.0,0.21555111
438.0,438.0,0.102858044
439.0,439.0,0.5190032
440.0,440.0,0.58043915
441.0,441.0,0.5868511
442.0,442.0,0.32126153
443.0,443.0,0.25478396
444.0,444.0,0.60271853
445.0,445.0,0.67363364
446.0,446.0,0.46866304
447.0,447.0,0.38757467
448.0,448.0,0.5190727
449.0,449.0,0.18775666
450.0,450.0,0.05302184
451.0,451.0,0.29418728
452.0,452.0,0.4564866
453.0,453.0,0.33882087
454.0,454.0,0.28934485
455.0,455.0,0.6502388
456.0,456.0,0.49255386
457.0,457.0,0.6223267
458.0,458.0,0.069665104
459.0,459.0,0.4308354
460.0,460.0,0.65185827
461.0,461.0,0.61123294
462.0,462.0,0.062196717
463.0,463.0,0.537988
464.0,464.0,0.6616959
465.0,465.0,0.33134246
466.0,466.0,0.43711853
467.0,467.0,0.2802186
468.0,468.0,0.5205909
469.0,469.0,0.33176506
470.0,470.0,0.51612914
471.0,471.0,0.3326958
472.0,472.0,0.43753782
473.0,473.0,0.5914269
474.0,474.0,0.5316881
475.0,475.0,0.39523032
476.0,476.0,0.3067548
477.0,477.0,0.1903535
478.0,478.0,0.64180744
479.0,479.0,0.61791104
480.0,480.0,0.29516903
481.0,481.0,0.3866376
482.0,482.0,0.15572864
483.0,483.0,0.3317293
484.0,484.0,0.53082365
485.0,485.0,0.44945368
486.0,486.0,0.4231631
487.0,487.0,0.11838306
488.0,488.0,0.42761514
489.0,489.0,0.44630042
490.0,490.0,0.08934087
491.0,491.0,0.54920244
492.0,492.0,0.5903115
493.0,493.0,0.54982436
494.0,494.0,0.27718565
495.0,495.0,0.27791402
496.0,496.0,0.49762303
497.0,497.0,0.61687696
498.0,498.0,0.53415483
499.0,499.0,0.19083765
500.0,500.0,0.5729805
501.0,501.0,0.3177914
502.0,502.0,0.20534784
503.0,503.0,0.45738283
504.0,504.0,0.4163076
505.0,505.0,0.35382426
506.0,506.0,0.31107253
507.0,507.0,0.4380517
508.0,508.0,0.32960832
509.0,509.0,0.26996443
510.0,510.0,0.2915147
511.0,511.0,0.49367478
512.0,512.0,0.5900723
513.0,513.0,0.47728664
514.0,514.0,0.46215487
515.0,515.0,0.41293576
516.0,516.0,0.030769663
517.0,517.0,0.502144
518.0,518.0,0.46929955
519.0,519.0,0.39288536
520.0,520.0,0.46852642
521.0,521.0,0.43380585
522.0,522.0,0.38642848
523.0,523.0,0.45027703
524.0,524.0,0.43476287
525.0,525.0,0.62463933
526.0,526.0,0.031476896
527.0,527.0,0.3326958
528.0,528.0,0.418192
529.0,529.0,0.5388075
530.0,530.0,0.6581658
531.0,531.0,0.3605399
532.0,532.0,0.38231388
533.0,533.0,0.5747225
534.0,534.0,0.06857959
535.0,535.0,0.2735383
536.0,536.0,0.30976996
537.0,537.0,0.030616505
538.0,538.0,0.43476287
539.0,539.0,0.33295906
540.0,540.0,0.41696417
541.0,541.0,0.1466375
542.0,542.0,0.47051132
543.0,543.0,0.43793643
544.0,544.0,0.6621398
545.0,545.0,0.6288651
546.0,546.0,0.4608553
547.0,547.0,0.4705255
548.0,548.0,0.1769737
549.0,549.0,0.5716497
550.0,550.0,0.55773115
551.0,551.0,0.6251234
552.0,552.0,0.14034317
553.0,553.0,0.31209368
554.0,554.0,0.39804173
555.0,555.0,0.3555972
556.0,556.0,0.38640788
557.0,557.0,0.21344887
558.0,558.0,0.43566337
559.0,559.0,0.52249354
560.0,560.0,0.63378197
561.0,561.0,0.3134197
562.0,562.0,0.42003566
563.0,563.0,0.5314646
564.0,564.0,0.31247455
565.0,565.0,0.062878035
566.0,566.0,0.3525876
567.0,567.0,0.5282185
568.0,568.0,0.64319265
569.0,569.0,0.49594215
570.0,570.0,0.2849861
571.0,571.0,0.33835182
572.0,572.0,0.6323137
573.0,573.0,0.2891328
574.0,574.0,0.6091632
575.0,575.0,0.71224445
576.0,576.0,0.2933715
577.0,577.0,0.6946426
578.0,578.0,0.495007
579.0,579.0,0.05469402
580.0,580.0,0.47886434
581.0,581.0,0.35619184
582.0,582.0,0.7336921
583.0,583.0,0.5163379
584.0,584.0,0.30074993
585.0,585.0,0.525878
586.0,586.0,0.05480614
587.0,587.0,0.2915147
588.0,588.0,0.073812194
589.0,589.0,0.16182671
590.0,590.0,0.43175218
591.0,591.0,0.31659636
592.0,592.0,0.2848784
593.0,593.0,0.31433353
594.0,594.0,0.38771164
595.0,595.0,0.59367496
596.0,596.0,0.29937977
597.0,597.0,0.3401482
598.0,598.0,0.6737456
599.0,599.0,0.6407005
600.0,600.0,0.4302321
601.0,601.0,0.33920953
602.0,602.0,0.48158494
603.0,603.0,0.4044449
604.0,604.0,0.54219997
605.0,605.0,0.4593686
606.0,606.0,0.67587376
607.0,607.0,0.47313252
608.0,608.0,0.49345452
609.0,609.0,0.60196435
610.0,610.0,0.6085881
611.0,611.0,0.5629146
612.0,612.0,0.48642495
613.0,613.0,0.6213573
614.0,614.0,0.61907285
615.0,615.0,0.650424
616.0,616.0,0.4380492
617.0,617.0,0.18385957
618.0,618.0,0.47298053
619.0,619.0,0.14074814
620.0,620.0,0.3163014
621.0,621.0,0.35659844
622.0,622.0,0.31039143
623.0,623.0,0.45340225
624.0,624.0,0.48127094
625.0,625.0,0.28109926
626.0,626.0,0.43589407
627.0,627.0,0.585669
628.0,628.0,0.40166447
629.0,629.0,0.5992055
630.0,630.0,0.505735
631.0,631.0,0.59709764
632.0,632.0,0.51383096
633.0,633.0,0.3387112
634.0,634.0,0.3097297
635.0,635.0,0.2915147
636.0,636.0,0.022371512
637.0,637.0,0.6912753
638.0,638.0,0.29588005
639.0,639.0,0.08958704
640.0,640.0,0.5038994
641.0,641.0,0.27391577
642.0,642.0,0.6185416
643.0,643.0,0.61637765
644.0,644.0,0.1622172
645.0,645.0,0.48557767
646.0,646.0,0.089492425
647.0,647.0,0.28867137
648.0,648.0,0.052216668
649.0,649.0,0.14045168
650.0,650.0,0.48549387
651.0,651.0,0.32772598
652.0,652.0,0.47727546
653.0,653.0,0.1374705
654.0,654.0,0.3694337
655.0,655.0,0.53290653
656.0,656.0,0.55378115
657.0,657.0,0.5741649
658.0,658.0,0.47831652
659.0,659.0,0.60854113
660.0,660.0,0.62024957
661.0,661.0,0.5397277
662.0,662.0,0.4327144
663.0,663.0,0.43566337
664.0,664.0,0.072971575
665.0,665.0,0.23962085
666.0,666.0,0.28934485
667.0,667.0,0.3839118
668.0,668.0,0.2012452
669.0,669.0,0.55547696
670.0,670.0,0.06167517
671.0,671.0,0.2564548
672.0,672.0,0.1871723
673.0,673.0,0.58310646
674.0,674.0,0.55218065
675.0,675.0,0.21078986
676.0,676.0,0.3997947
677.0,677.0,0.10030421
678.0,678.0,0.32978705
679.0,679.0,0.52862316
680.0,680.0,0.34920493
681.0,681.0,0.5761853
682.0,682.0,0.4120214
683.0,683.0,0.08212519
684.0,684.0,0.16612576
685.0,685.0,0.5713222
686.0,686.0,0.18303187
687.0,687.0,0.5331311
688.0,688.0,0.5209362
689.0,689.0,0.39731184
690.0,690.0,0.44887924
691.0,691.0,0.28934485
692.0,692.0,0.28324556
693.0,693.0,0.630656
694.0,694.0,0.29244393
695.0,695.0,0.6768975
696.0,696.0,0.35091963
697.0,697.0,0.30631596
698.0,698.0,0.092402674
699.0,699.0,0.2012452
700.0,700.0,0.38837302
701.0,701.0,0.1602739
702.0,702.0,0.47688875
703.0,703.0,0.15784273
704.0,704.0,0.595706
705.0,705.0,0.59252286
706.0,706.0,0.61042786
707.0,707.0,0.18809353
708.0,708.0,0.19767264
709.0,709.0,0.44533724
710.0,710.0,0.3605399
711.0,711.0,0.5934538
712.0,712.0,0.68453926
713.0,713.0,0.53541094
714.0,714.0,0.31220543
715.0,715.0,0.59751016
716.0,716.0,0.27105415
717.0,717.0,0.33441824
718.0,718.0,0.6381472
719.0,719.0,0.37370878
720.0,720.0,0.5362941
721.0,721.0,0.5607855
722.0,722.0,0.49254724
723.0,723.0,0.54511094
724.0,724.0,0.053363558
725.0,725.0,0.42003566
726.0,726.0,0.39523032
727.0,727.0,0.650424
728.0,728.0,0.29244393
729.0,729.0,0.27435604
730.0,730.0,0.32876632
731.0,731.0,0.43461105
732.0,732.0,0.4431633
733.0,733.0,0.053139266
734.0,734.0,0.28934485
735.0,735.0,0.08809911
736.0,736.0,0.62772375
737.0,737.0,0.57570714
738.0,738.0,0.516569
739.0,739.0,0.6285996
740.0,740.0,0.4832991
741.0,741.0,0.08151785
742.0,742.0,0.2798802
743.0,743.0,0.36134347
744.0,744.0,0.3819901
745.0,745.0,0.29937977
746.0,746.0,0.2809231
747.0,747.0,0.47241122
748.0,748.0,0.6188056
749.0,749.0,0.39384553
750.0,750.0,0.39094135
751.0,751.0,0.42953557
752.0,752.0,0.3400381
753.0,753.0,0.30096656
754.0,754.0,0.54860395
755.0,755.0,0.56340647
756.0,756.0,0.59001845
757.0,757.0,0.371666
758.0,758.0,0.31992975
759.0,759.0,0.4628538
760.0,760.0,0.54820186
761.0,761.0,0.48022172
762.0,762.0,0.64076656
763.0,763.0,0.4879623
764.0,764.0,0.54417485
765.0,765.0,0.06428639
766.0,766.0,0.21903114
767.0,767.0,0.41432995
768.0,768.0,0.43277952
769.0,769.0,0.5672455
770.0,770.0,0.06276808
771.0,771.0,0.5512926
772.0,772.0,0.1553871
773.0,773.0,0.54676676
774.0,774.0,0.51708907
775.0,775.0,0.43636128
776.0,776.0,0.49484542
777.0,777.0,0.50280875
778.0,778.0,0.421703
779.0,779.0,0.1870448
780.0,780.0,0.15475455
781.0,781.0,0.46407953
782.0,782.0,0.1553871
783.0,783.0,0.27457637
784.0,784.0,0.32022336
785.0,785.0,0.18869163
786.0,786.0,0.23352766
787.0,787.0,0.4705255
788.0,788.0,0.28921822
789.0,789.0,0.68811417
790.0,790.0,0.2957116
791.0,791.0,0.55270475
792.0,792.0,0.05480614
793.0,793.0,0.32818267
794.0,794.0,0.55411637
795.0,795.0,0.2788712
796.0,796.0,0.52209765
797.0,797.0,0.15883544
798.0,798.0,0.39231604
799.0,799.0,0.1780525
800.0,800.0,0.170033
801.0,801.0,0.43363836
802.0,802.0,0.49337372
803.0,803.0,0.45288375
804.0,804.0,0.29516903
805.0,805.0,0.42968756
806.0,806.0,0.32126153
807.0,807.0,0.32757393
808.0,808.0,0.53459734
809.0,809.0,0.650424
810.0,810.0,0.6435444
811.0,811.0,0.25178295
812.0,812.0,0.021932704
813.0,813.0,0.13692538
814.0,814.0,0.025073541
815.0,815.0,0.47255382
816.0,816.0,0.45090067
817.0,817.0,0.6252205
818.0,818.0,0.45988894
819.0,819.0,0.3665887
820.0,820.0,0.5595243
821.0,821.0,0.58211935
822.0,822.0,0.29820678
823.0,823.0,0.24328184
824.0,824.0,0.40968114
825.0,825.0,0.502392
826.0,826.0,0.26603863
827.0,827.0,0.54982436
828.0,828.0,0.41265738
829.0,829.0,0.39556444
830.0,830.0,0.5951013
831.0,831.0,0.31040534
832.0,832.0,0.5535218
833.0,833.0,0.022315865
834.0,834.0,0.63624257
835.0,835.0,0.34100458
836.0,836.0,0.10072039
837.0,837.0,0.014199088
838.0,838.0,0.29818007
839.0,839.0,0.42661324
840.0,840.0,0.4380492
841.0,841.0,0.2912441
842.0,842.0,0.38462767
843.0,843.0,0.4444193
844.0,844.0,0.29097778
845.0,845.0,0.46272266
846.0,846.0,0.5999846
847.0,847.0,0.6178807
848.0,848.0,0.43363836
849.0,849.0,0.43142122
850.0,850.0,0.3197345
851.0,851.0,0.41533992
852.0,852.0,0.38471615
853.0,853.0,0.6590825
854.0,854.0,0.5792457
855.0,855.0,0.53294116
856.0,856.0,0.56053317
857.0,857.0,0.52839
858.0,858.0,0.46272266
859.0,859.0,0.3875001
860.0,860.0,0.5934172
861.0,861.0,0.3422127
862.0,862.0,0.39171556
863.0,863.0,0.32502407
864.0,864.0,0.4914834
865.0,865.0,0.28197616
866.0,866.0,0.45707998
867.0,867.0,0.39523032
868.0,868.0,0.3689288
869.0,869.0,0.39299184
870.0,870.0,0.49998155
871.0,871.0,0.3006077
872.0,872.0,0.1299029
873.0,873.0,0.26574546
874.0,874.0,0.39618424
875.0,875.0,0.062878035
876.0,876.0,0.26428422
877.0,877.0,0.39837962
878.0,878.0,0.40343508
879.0,879.0,0.33524296
880.0,880.0,0.3162041
881.0,881.0,0.30466554
882.0,882.0,0.5635161
883.0,883.0,0.5829335
884.0,884.0,0.40342098
885.0,885.0,0.6480379
886.0,886.0,0.52209634
887.0,887.0,0.6291337
888.0,888.0,0.6365011
889.0,889.0,0.47545716
890.0,890.0,0.35581544
891.0,891.0,0.6510403
892.0,892.0,0.63219094
893.0,893.0,0.372236
894.0,894.0,0.40843236
895.0,895.0,0.54511094
896.0,896.0,0.51255524
897.0,897.0,0.5914462
898.0,898.0,0.3401482
899.0,899.0,0.34227833
900.0,900.0,0.5447804
901.0,901.0,0.29752025
902.0,902.0,0.31209368
903.0,903.0,0.43121088
904.0,904.0,0.6573731
905.0,905.0,0.1889352
906.0,906.0,0.38870588
907.0,907.0,0.2713176
908.0,908.0,0.38943902
909.0,909.0,0.6872013
910.0,910.0,0.43032858
911.0,911.0,0.6289556
912.0,912.0,0.25928986
913.0,913.0,0.4663756
914.0,914.0,0.36841503
915.0,915.0,0.1399814
916.0,916.0,0.4558162
917.0,917.0,0.39105797
918.0,918.0,0.3925375
919.0,919.0,0.5938299
920.0,920.0,0.2582189
921.0,921.0,0.27468166
922.0,922.0,0.3102145
923.0,923.0,0.2799551
924.0,924.0,0.42034948
925.0,925.0,0.45402378
926.0,926.0,0.082254186
927.0,927.0,0.08809911
928.0,928.0,0.30115473
929.0,929.0,0.05480614
930.0,930.0,0.46731606
931.0,931.0,0.56545174
932.0,932.0,0.2834096
933.0,933.0,0.32215884
934.0,934.0,0.64398545
935.0,935.0,0.20534784
936.0,936.0,0.32982978
937.0,937.0,0.5499156
938.0,938.0,0.6263896
939.0,939.0,0.29244393
940.0,940.0,0.6549476
941.0,941.0,0.5545885
942.0,942.0,0.06857959
943.0,943.0,0.46607858
944.0,944.0,0.15822499
945.0,945.0,0.46913305
946.0,946.0,0.18571898
947.0,947.0,0.10009406
948.0,948.0,0.09737219
949.0,949.0,0.5545066
950.0,950.0,0.641802
951.0,951.0,0.2864335
952.0,952.0,0.56900483
953.0,953.0,0.38943902
954.0,954.0,0.44630042
955.0,955.0,0.014216917
956.0,956.0,0.6363104
957.0,957.0,0.19739534
958.0,958.0,0.5431977
959.0,959.0,0.27007514
960.0,960.0,0.30308238
961.0,961.0,0.27750936
962.0,962.0,0.35659844
963.0,963.0,0.36833328
964.0,964.0,0.48368537
965.0,965.0,0.54511094
966.0,966.0,0.34680232
967.0,967.0,0.5157983
968.0,968.0,0.16064322
969.0,969.0,0.37525833
970.0,970.0,0.542737
971.0,971.0,0.4832816
972.0,972.0,0.29244393
973.0,973.0,0.61232555
974.0,974.0,0.29330146
975.0,975.0,0.490458
976.0,976.0,0.476969
977.0,977.0,0.5176942
978.0,978.0,0.5753246
979.0,979.0,0.10072039
980.0,980.0,0.3840277
981.0,981.0,0.55531394
982.0,982.0,0.062190183
983.0,983.0,0.6443172
984.0,984.0,0.5095903
985.0,985.0,0.21222925
986.0,986.0,0.30129534
987.0,987.0,0.2436752
988.0,988.0,0.45703533
989.0,989.0,0.28934485
990.0,990.0,0.34765637
991.0,991.0,0.49581426
992.0,992.0,0.27161127
993.0,993.0,0.54519206
994.0,994.0,0.6351171
995.0,995.0,0.48870614
996.0,996.0,0.082131915
997.0,997.0,0.35875422
998.0,998.0,0.30156583
999.0,999.0,0.5531989
1000.0,1000.0,0.41760743
1001.0,1001.0,0.6163301
1002.0,1002.0,0.53279257
1003.0,1003.0,0.39609683
1004.0,1004.0,0.36186796
1005.0,1005.0,0.6289307
1006.0,1006.0,0.2012452
1007.0,1007.0,0.3121088
1008.0,1008.0,0.41827008
1009.0,1009.0,0.19765127
1010.0,1010.0,0.06950079
1011.0,1011.0,0.46913525
1012.0,1012.0,0.46852642
1013.0,1013.0,0.3205807
1014.0,1014.0,0.6698498
1015.0,1015.0,0.54519206
1016.0,1016.0,0.5641801
1017.0,1017.0,0.59080285
1018.0,1018.0,0.34844065
1019.0,1019.0,0.45738283
1020.0,1020.0,0.49130678
1021.0,1021.0,0.5024657
1022.0,1022.0,0.6530738
1023.0,1023.0,0.264208
1024.0,1024.0,0.02188514
1025.0,1025.0,0.43476287
1026.0,1026.0,0.36939898
1027.0,1027.0,0.48984793
1028.0,1028.0,0.5161954
1029.0,1029.0,0.09947118
1030.0,1030.0,0.54323786
1031.0,1031.0,0.5952778
1032.0,1032.0,0.42735896
1033.0,1033.0,0.6043742
1034.0,1034.0,0.39479446
1035.0,1035.0,0.16682786
1036.0,1036.0,0.39479446
1037.0,1037.0,0.43288702
1038.0,1038.0,0.40751624
1039.0,1039.0,0.60971284
1040.0,1040.0,0.09965032
1041.0,1041.0,0.32876632
1042.0,1042.0,0.34100458
1043.0,1043.0,0.40907192
1044.0,1044.0,0.2012452
1045.0,1045.0,0.31039143
1046.0,1046.0,0.09733131
1047.0,1047.0,0.61241055
1048.0,1048.0,0.18259692
1049.0,1049.0,0.3613987
1050.0,1050.0,0.08717321
1051.0,1051.0,0.3819901
1052.0,1052.0,0.32876632
1053.0,1053.0,0.2649682
1054.0,1054.0,0.3460489
1055.0,1055.0,0.28597933
1056.0,1056.0,0.02262972
1057.0,1057.0,0.40029305
1058.0,1058.0,0.6393389
1059.0,1059.0,0.2716305
1060.0,1060.0,0.32960832
1061.0,1061.0,0.2848784
1062.0,1062.0,0.5345042
1063.0,1063.0,0.5640057
1064.0,1064.0,0.4722071
1065.0,1065.0,0.6946426
1066.0,1066.0,0.39182788
1067.0,1067.0,0.33134246
1068.0,1068.0,0.1391994
1069.0,1069.0,0.434091
1070.0,1070.0,0.65535325
1071.0,1071.0,0.38642848
1072.0,1072.0,0.062878035
1073.0,1073.0,0.45487082
1074.0,1074.0,0.41551167
1075.0,1075.0,0.2925955
1076.0,1076.0,0.60439736
1077.0,1077.0,0.02314596
1078.0,1078.0,0.30365318
1079.0,1079.0,0.5880759
1080.0,1080.0,0.4825851
1081.0,1081.0,0.3430085
1082.0,1082.0,0.052330494
1083.0,1083.0,0.45440102
1084.0,1084.0,0.28895876
1085.0,1085.0,0.29260525
1086.0,1086.0,0.54511094
1087.0,1087.0,0.66177607
1088.0,1088.0,0.39106402
1089.0,1089.0,0.56735647
1090.0,1090.0,0.35303158
1091.0,1091.0,0.46437758
1092.0,1092.0,0.43374714
1093.0,1093.0,0.32960832
1094.0,1094.0,0.436346
1095.0,1095.0,0.39171556
1096.0,1096.0,0.40133286
1097.0,1097.0,0.33660993
1098.0,1098.0,0.65731674
1099.0,1099.0,0.54417485
1100.0,1100.0,0.54511094
1101.0,1101.0,0.36506912
1102.0,1102.0,0.28197616
1103.0,1103.0,0.48923707
1104.0,1104.0,0.59679276
1105.0,1105.0,0.61974347
1106.0,1106.0,0.38823307
1107.0,1107.0,0.2934939
1108.0,1108.0,0.37566447
1109.0,1109.0,0.53715986
1110.0,1110.0,0.1021788
1111.0,1111.0,0.53290653
1112.0,1112.0,0.17737965
1113.0,1113.0,0.44047254
1114.0,1114.0,0.65279174
1115.0,1115.0,0.38943902
1116.0,1116.0,0.025160126
1117.0,1117.0,0.5744394
1118.0,1118.0,0.58232147
1119.0,1119.0,0.0825533
1120.0,1120.0,0.110190056
1121.0,1121.0,0.38017115
1122.0,1122.0,0.29726347
1123.0,1123.0,0.28424224
1124.0,1124.0,0.5403506
1125.0,1125.0,0.3524184
1126.0,1126.0,0.4312629
1127.0,1127.0,0.5538023
1128.0,1128.0,0.48661974
1129.0,1129.0,0.58752495
1130.0,1130.0,0.4257628
1131.0,1131.0,0.22587872
1132.0,1132.0,0.13929917
1133.0,1133.0,0.2788712
1134.0,1134.0,0.31945178
1135.0,1135.0,0.15811007
1136.0,1136.0,0.3239177
1137.0,1137.0,0.5114643
1138.0,1138.0,0.33824924
1139.0,1139.0,0.46272266
1140.0,1140.0,0.41979334
1141.0,1141.0,0.43833187
1142.0,1142.0,0.27410868
1143.0,1143.0,0.09634578
1144.0,1144.0,0.15821396
1145.0,1145.0,0.27160293
1146.0,1146.0,0.6346429
1147.0,1147.0,0.27680513
1148.0,1148.0,0.63493085
1149.0,1149.0,0.09156752
1150.0,1150.0,0.54692185
1151.0,1151.0,0.20903121
1152.0,1152.0,0.025160126
1153.0,1153.0,0.19767264
1154.0,1154.0,0.6283494
1155.0,1155.0,0.42237175
1156.0,1156.0,0.0963252
1157.0,1157.0,0.29818007
1158.0,1158.0,0.53279257
1159.0,1159.0,0.45725977
1160.0,1160.0,0.39171556
1161.0,1161.0,0.1533245
1162.0,1162.0,0.1553871
1163.0,1163.0,0.31809822
1164.0,1164.0,0.5383905
1165.0,1165.0,0.5738797
1166.0,1166.0,0.5700858
1167.0,1167.0,0.49392334
1168.0,1168.0,0.29984257
1169.0,1169.0,0.6425008
1170.0,1170.0,0.39523032
1171.0,1171.0,0.54155356
1172.0,1172.0,0.49486804
1173.0,1173.0,0.4380492
1174.0,1174.0,0.27435604
1175.0,1175.0,0.23514509
1176.0,1176.0,0.1553871
1177.0,1177.0,0.39299184
1178.0,1178.0,0.36744362
1179.0,1179.0,0.38119906
1180.0,1180.0,0.38142574
1181.0,1181.0,0.39299184
1182.0,1182.0,0.42160404
1183.0,1183.0,0.30017737
1184.0,1184.0,0.5577444
1185.0,1185.0,0.51226944
1186.0,1186.0,0.34455344
1187.0,1187.0,0.5702067
1188.0,1188.0,0.55378115
1189.0,1189.0,0.4336458
1190.0,1190.0,0.4163076
1191.0,1191.0,0.2694516
1192.0,1192.0,0.32146087
1193.0,1193.0,0.102858044
1194.0,1194.0,0.3041879
1195.0,1195.0,0.57167774
1196.0,1196.0,0.62043333
1197.0,1197.0,0.68605703
1198.0,1198.0,0.34844065
1199.0,1199.0,0.2012452
1200.0,1200.0,0.2012452
1201.0,1201.0,0.3349258
1202.0,1202.0,0.20534784
1203.0,1203.0,0.39523032
1204.0,1204.0,0.28934485
1205.0,1205.0,0.6713226
1206.0,1206.0,0.56195766
1207.0,1207.0,0.24138375
1208.0,1208.0,0.51426566
1209.0,1209.0,0.29825324
1210.0,1210.0,0.45738283
1211.0,1211.0,0.32989457
1212.0,1212.0,0.2650285
1213.0,1213.0,0.5659136
1214.0,1214.0,0.17929508
1215.0,1215.0,0.53279257
1216.0,1216.0,0.24564925
1217.0,1217.0,0.5420192
1218.0,1218.0,0.44159576
1219.0,1219.0,0.29425403
1220.0,1220.0,0.568273
1221.0,1221.0,0.27434614
1222.0,1222.0,0.64191294
1223.0,1223.0,0.6488312
1224.0,1224.0,0.09424078
1225.0,1225.0,0.5914269
1226.0,1226.0,0.2670579
1227.0,1227.0,0.31040534
1228.0,1228.0,0.47910717
1229.0,1229.0,0.48412022
1230.0,1230.0,0.47893423
1231.0,1231.0,0.47859138
1232.0,1232.0,0.4861008
1233.0,1233.0,0.568009
1234.0,1234.0,0.39523032
1235.0,1235.0,0.5059806
1236.0,1236.0,0.14120145
1237.0,1237.0,0.5802061
1238.0,1238.0,0.5592074
1239.0,1239.0,0.4280067
1240.0,1240.0,0.68356687
1241.0,1241.0,0.10071737
1242.0,1242.0,0.21009539
1243.0,1243.0,0.6335037
1244.0,1244.0,0.33882087
1245.0,1245.0,0.5201348
1246.0,1246.0,0.094344616
1247.0,1247.0,0.30731896
1248.0,1248.0,0.31209368
1249.0,1249.0,0.14045168
1250.0,1250.0,0.5995877
1251.0,1251.0,0.63644665
1252.0,1252.0,0.4916189
1253.0,1253.0,0.49420434
1254.0,1254.0,0.6663367
1255.0,1255.0,0.5220425
1256.0,1256.0,0.5059901
1257.0,1257.0,0.47760877
1258.0,1258.0,0.68605703
1259.0,1259.0,0.5027132
1260.0,1260.0,0.096051656
1261.0,1261.0,0.54950047
1262.0,1262.0,0.5492628
1263.0,1263.0,0.31302387
1264.0,1264.0,0.63378197
1265.0,1265.0,0.13859147
1266.0,1266.0,0.64017737
1267.0,1267.0,0.6087629
1268.0,1268.0,0.46581173
1269.0,1269.0,0.3140721
1270.0,1270.0,0.2832952
1271.0,1271.0,0.46268076
1272.0,1272.0,0.38642848
1273.0,1273.0,0.629571
1274.0,1274.0,0.58318776
1275.0,1275.0,0.26428422
1276.0,1276.0,0.42784947
1277.0,1277.0,0.11284772
1278.0,1278.0,0.53738064
1279.0,1279.0,0.47126558
1280.0,1280.0,0.48026702
1281.0,1281.0,0.30205894
1282.0,1282.0,0.1916572
1283.0,1283.0,0.6003414
1284.0,1284.0,0.38005766
1285.0,1285.0,0.5220425
1286.0,1286.0,0.2794829
1287.0,1287.0,0.082201526
1288.0,1288.0,0.2714138
1289.0,1289.0,0.47467867
1290.0,1290.0,0.60835516
1291.0,1291.0,0.21591994
1292.0,1292.0,0.28621414
1293.0,1293.0,0.4673998
1294.0,1294.0,0.3041841
1295.0,1295.0,0.14490633
1296.0,1296.0,0.5012174
1297.0,1297.0,0.2912089
1298.0,1298.0,0.63399816
1299.0,1299.0,0.34066212
1300.0,1300.0,0.24716455
1301.0,1301.0,0.33849746
1302.0,1302.0,0.6324348
1303.0,1303.0,0.15165322
1304.0,1304.0,0.3870669
1305.0,1305.0,0.59088266
1306.0,1306.0,0.030616505
1307.0,1307.0,0.32837585
1308.0,1308.0,0.083539814
1309.0,1309.0,0.3525876
1310.0,1310.0,0.28464296
1311.0,1311.0,0.1403291
1312.0,1312.0,0.2788712
1313.0,1313.0,0.406175
1314.0,1314.0,0.5397809
1315.0,1315.0,0.59474623
1316.0,1316.0,0.06857959
1317.0,1317.0,0.49195293
1318.0,1318.0,0.564932
1319.0,1319.0,0.40594104
1320.0,1320.0,0.2579374
1321.0,1321.0,0.33206755
1322.0,1322.0,0.4163076
1323.0,1323.0,0.4354155
1324.0,1324.0,0.3568165
1325.0,1325.0,0.54599905
1326.0,1326.0,0.4487492
1327.0,1327.0,0.540173
1328.0,1328.0,0.47717756
1329.0,1329.0,0.09619166
1330.0,1330.0,0.43862236
1331.0,1331.0,0.6855536
1332.0,1332.0,0.2084696
1333.0,1333.0,0.31972957
1334.0,1334.0,0.50325316
1335.0,1335.0,0.14638682
1336.0,1336.0,0.35392776
1337.0,1337.0,0.013523914
1338.0,1338.0,0.46246845
1339.0,1339.0,0.44641554
1340.0,1340.0,0.38324794
1341.0,1341.0,0.4379515
1342.0,1342.0,0.65543026
1343.0,1343.0,0.5591441
1344.0,1344.0,0.337102
1345.0,1345.0,0.6554642
1346.0,1346.0,0.5989271
1347.0,1347.0,0.021592112
1348.0,1348.0,0.6946426
1349.0,1349.0,0.44085684
1350.0,1350.0,0.5102109
1351.0,1351.0,0.13370068
1352.0,1352.0,0.6415365
1353.0,1353.0,0.46201923
1354.0,1354.0,0.44523528
1355.0,1355.0,0.23754825
1356.0,1356.0,0.45986414
1357.0,1357.0,0.3490783
1358.0,1358.0,0.6241621
1359.0,1359.0,0.264683
1360.0,1360.0,0.16783978
1361.0,1361.0,0.3387112
1362.0,1362.0,0.50548726
1363.0,1363.0,0.65652734
1364.0,1364.0,0.6464956
1365.0,1365.0,0.10819792
1366.0,1366.0,0.38612506
1367.0,1367.0,0.2012452
1368.0,1368.0,0.5429976
1369.0,1369.0,0.21556203
1370.0,1370.0,0.47865042
1371.0,1371.0,0.07336631
1372.0,1372.0,0.5925608
1373.0,1373.0,0.3922832
1374.0,1374.0,0.3479222
1375.0,1375.0,0.14094964
1376.0,1376.0,0.434091
1377.0,1377.0,0.24564925
1378.0,1378.0,0.32502407
1379.0,1379.0,0.062878035
1380.0,1380.0,0.5741583
1381.0,1381.0,0.51400477
1382.0,1382.0,0.5040447
1383.0,1383.0,0.66725165
1384.0,1384.0,0.44181827
1385.0,1385.0,0.14045168
1386.0,1386.0,0.64944226
1387.0,1387.0,0.46347365
1388.0,1388.0,0.26429385
1389.0,1389.0,0.54511094
1390.0,1390.0,0.5529952
1391.0,1391.0,0.29665443
1392.0,1392.0,0.47859138
1393.0,1393.0,0.2884904
1394.0,1394.0,0.4463518
1395.0,1395.0,0.5585551
1396.0,1396.0,0.2872305
1397.0,1397.0,0.32174262
1398.0,1398.0,0.42269716
1399.0,1399.0,0.32960832
1400.0,1400.0,0.47994116
1401.0,1401.0,0.28552836
1402.0,1402.0,0.40166447
1403.0,1403.0,0.5507036
1404.0,1404.0,0.49402317
1405.0,1405.0,0.60995716
1406.0,1406.0,0.6495805
1407.0,1407.0,0.29147887
1408.0,1408.0,0.39299184
1409.0,1409.0,0.32174262
1410.0,1410.0,0.23352766
1411.0,1411.0,0.6092966
1412.0,1412.0,0.6288651
1413.0,1413.0,0.39369467
1414.0,1414.0,0.24564925
1415.0,1415.0,0.6291237
1416.0,1416.0,0.6009774
1417.0,1417.0,0.3102648
1418.0,1418.0,0.5214268
1419.0,1419.0,0.53246534
1420.0,1420.0,0.43834665
1421.0,1421.0,0.59669125
1422.0,1422.0,0.6351633
1423.0,1423.0,0.33592984
1424.0,1424.0,0.13003036
1425.0,1425.0,0.56252676
1426.0,1426.0,0.3383819
1427.0,1427.0,0.44458058
1428.0,1428.0,0.4308354
1429.0,1429.0,0.2582189
1430.0,1430.0,0.5327085
1431.0,1431.0,0.33277708
1432.0,1432.0,0.27435604
1433.0,1433.0,0.38005766
1434.0,1434.0,0.29908586
1435.0,1435.0,0.07175967
1436.0,1436.0,0.4685664
1437.0,1437.0,0.43566337
1438.0,1438.0,0.35760292
1439.0,1439.0,0.6301691
1440.0,1440.0,0.552994
1441.0,1441.0,0.65517694
1442.0,1442.0,0.5024346
1443.0,1443.0,0.4765448
1444.0,1444.0,0.34106892
1445.0,1445.0,0.35659844
1446.0,1446.0,0.26574546
1447.0,1447.0,0.5390194
1448.0,1448.0,0.2012452
1449.0,1449.0,0.48085654
1450.0,1450.0,0.48354396
1451.0,1451.0,0.30785674
1452.0,1452.0,0.49968186
1453.0,1453.0,0.42972976
1454.0,1454.0,0.29518095
1455.0,1455.0,0.30420685
1456.0,1456.0,0.6182842
1457.0,1457.0,0.5763717
1458.0,1458.0,0.5216206
1459.0,1459.0,0.5349799
1460.0,1460.0,0.50977236
1461.0,1461.0,0.46185613
1462.0,1462.0,0.40166447
1463.0,1463.0,0.09822492
1464.0,1464.0,0.4225906
1465.0,1465.0,0.4564257
1466.0,1466.0,0.5615931
1467.0,1467.0,0.47865888
1468.0,1468.0,0.37145478
1469.0,1469.0,0.47642857
1470.0,1470.0,0.6058729
1471.0,1471.0,0.41718003
1472.0,1472.0,0.36759728
1473.0,1473.0,0.38778627
1474.0,1474.0,0.55378115
1475.0,1475.0,0.2739267
1476.0,1476.0,0.3837168
1477.0,1477.0,0.052216668
1478.0,1478.0,0.5022571
1479.0,1479.0,0.09003144
1480.0,1480.0,0.6347111
1481.0,1481.0,0.2758422
1482.0,1482.0,0.50777715
1483.0,1483.0,0.3879121
1484.0,1484.0,0.5883479
1485.0,1485.0,0.5052066
1486.0,1486.0,0.59320843
1487.0,1487.0,0.49195293
1488.0,1488.0,0.073812194
1489.0,1489.0,0.47852805
1490.0,1490.0,0.6066634
1491.0,1491.0,0.3176673
1492.0,1492.0,0.6386399
1493.0,1493.0,0.013872362
1494.0,1494.0,0.40758157
1495.0,1495.0,0.3094484
1496.0,1496.0,0.36841503
1497.0,1497.0,0.40852302
1498.0,1498.0,0.52839
1499.0,1499.0,0.02262972
1500.0,1500.0,0.6302811
1501.0,1501.0,0.5873471
1502.0,1502.0,0.59550494
1503.0,1503.0,0.5006545
1504.0,1504.0,0.5679812
1505.0,1505.0,0.15670085
1506.0,1506.0,0.30097356
1507.0,1507.0,0.082400694
1508.0,1508.0,0.64031625
1509.0,1509.0,0.26129523
1510.0,1510.0,0.11660519
1511.0,1511.0,0.18008237
1512.0,1512.0,0.44322762
1513.0,1513.0,0.089399174
1514.0,1514.0,0.29782096
1515.0,1515.0,0.26129523
1516.0,1516.0,0.5548691
1517.0,1517.0,0.5834858
1518.0,1518.0,0.55953544
1519.0,1519.0,0.48878795
1520.0,1520.0,0.55377626
1521.0,1521.0,0.53555757
1522.0,1522.0,0.43997255
1523.0,1523.0,0.096571706
1524.0,1524.0,0.36928388
1525.0,1525.0,0.56835014
1526.0,1526.0,0.6092406
1527.0,1527.0,0.3401482
1528.0,1528.0,0.33992136
1529.0,1529.0,0.4606964
1530.0,1530.0,0.0915032
1531.0,1531.0,0.46272266
1532.0,1532.0,0.6312401
1533.0,1533.0,0.5517961
1534.0,1534.0,0.59154975
1535.0,1535.0,0.09387278
1536.0,1536.0,0.56735647
1537.0,1537.0,0.39229178
1538.0,1538.0,0.08809911
1539.0,1539.0,0.40751624
1540.0,1540.0,0.58613706
1541.0,1541.0,0.458899
1542.0,1542.0,0.29083553
1543.0,1543.0,0.32876632
1544.0,1544.0,0.39056233
1545.0,1545.0,0.27435604
1546.0,1546.0,0.32260874
1547.0,1547.0,0.51859885
1548.0,1548.0,0.47864765
1549.0,1549.0,0.64180744
1550.0,1550.0,0.47913364
1551.0,1551.0,0.3519879
1552.0,1552.0,0.5067545
1553.0,1553.0,0.52749
1554.0,1554.0,0.5516147
1555.0,1555.0,0.54975927
1556.0,1556.0,0.5056102
1557.0,1557.0,0.6351752
1558.0,1558.0,0.38771164
1559.0,1559.0,0.2848973
1560.0,1560.0,0.33110523
1561.0,1561.0,0.40843236
1562.0,1562.0,0.64200705
1563.0,1563.0,0.5937737
1564.0,1564.0,0.09737219
1565.0,1565.0,0.6074224
1566.0,1566.0,0.592411
1567.0,1567.0,0.40040123
1568.0,1568.0,0.5327882
1569.0,1569.0,0.5298351
1570.0,1570.0,0.4163076
1571.0,1571.0,0.42003566
1572.0,1572.0,0.2012452
1573.0,1573.0,0.47824532
1574.0,1574.0,0.6428609
1575.0,1575.0,0.64474195
1576.0,1576.0,0.67034096
1577.0,1577.0,0.3525876
1578.0,1578.0,0.43334487
1579.0,1579.0,0.43925193
1580.0,1580.0,0.5153207
1581.0,1581.0,0.5951244
1582.0,1582.0,0.32960832
1583.0,1583.0,0.5220425
1584.0,1584.0,0.29288706
1585.0,1585.0,0.37564427
1586.0,1586.0,0.33251232
1587.0,1587.0,0.5387887
1588.0,1588.0,0.13504563
1589.0,1589.0,0.6495805
1590.0,1590.0,0.4683851
1591.0,1591.0,0.27591214
1592.0,1592.0,0.16206983
1593.0,1593.0,0.6219298
1594.0,1594.0,0.61985874
1595.0,1595.0,0.49700212
1596.0,1596.0,0.07029103
1597.0,1597.0,0.28934485
1598.0,1598.0,0.3697338
1599.0,1599.0,0.27468166
1600.0,1600.0,0.2649682
1601.0,1601.0,0.3906476
1602.0,1602.0,0.37200895
1603.0,1603.0,0.65357524
1604.0,1604.0,0.54982436
1605.0,1605.0,0.26243773
1606.0,1606.0,0.47103715
1607.0,1607.0,0.418192
1608.0,1608.0,0.15821396
1609.0,1609.0,0.3849683
1610.0,1610.0,0.3430085
1611.0,1611.0,0.64285517
1612.0,1612.0,0.070798635
1613.0,1613.0,0.2436752
1614.0,1614.0,0.4487492
1615.0,1615.0,0.40995657
1616.0,1616.0,0.27173135
1617.0,1617.0,0.06857959
1618.0,1618.0,0.062878035
1619.0,1619.0,0.38976398
1620.0,1620.0,0.37280774
1621.0,1621.0,0.31689373
1622.0,1622.0,0.3949318
1623.0,1623.0,0.2763692
1624.0,1624.0,0.5995532
1625.0,1625.0,0.2883634
1626.0,1626.0,0.33251232
1627.0,1627.0,0.16696152
1628.0,1628.0,0.5356264
1629.0,1629.0,0.43560764
1630.0,1630.0,0.44630042
1631.0,1631.0,0.26574546
1632.0,1632.0,0.27014998
1633.0,1633.0,0.20534784
1634.0,1634.0,0.40237483
1635.0,1635.0,0.31209368
1636.0,1636.0,0.44043192
1637.0,1637.0,0.35702375
1638.0,1638.0,0.46451712
1639.0,1639.0,0.5157678
1640.0,1640.0,0.36691508
1641.0,1641.0,0.5538023
1642.0,1642.0,0.4558162
1643.0,1643.0,0.5090337
1644.0,1644.0,0.53530794
1645.0,1645.0,0.5516559
1646.0,1646.0,0.3017819
1647.0,1647.0,0.2209044
1648.0,1648.0,0.15691487
1649.0,1649.0,0.61416984
1650.0,1650.0,0.34604064
1651.0,1651.0,0.65517694
1652.0,1652.0,0.69092077
1653.0,1653.0,0.49615514
1654.0,1654.0,0.089399174
1655.0,1655.0,0.4777995
1656.0,1656.0,0.06888876
1657.0,1657.0,0.4380517
1658.0,1658.0,0.58277214
1659.0,1659.0,0.3177454
1660.0,1660.0,0.109292656
1661.0,1661.0,0.5892283
1662.0,1662.0,0.5823222
1663.0,1663.0,0.5830346
1664.0,1664.0,0.5408769
1665.0,1665.0,0.6426655
1666.0,1666.0,0.19486372
1667.0,1667.0,0.4952691
1668.0,1668.0,0.6379297
1669.0,1669.0,0.47247258
1670.0,1670.0,0.39609683
1671.0,1671.0,0.26953015
1672.0,1672.0,0.29170287
1673.0,1673.0,0.25446188
1674.0,1674.0,0.34150377
1675.0,1675.0,0.36788055
1676.0,1676.0,0.4825851
1677.0,1677.0,0.014589576
1678.0,1678.0,0.6163796
1679.0,1679.0,0.2649682
1680.0,1680.0,0.2012452
1681.0,1681.0,0.33604598
1682.0,1682.0,0.4826748
1683.0,1683.0,0.27434614
1684.0,1684.0,0.38943902
1685.0,1685.0,0.6118235
1686.0,1686.0,0.16128251
1687.0,1687.0,0.29244393
1688.0,1688.0,0.49636722
1689.0,1689.0,0.33882087
1690.0,1690.0,0.09003144
1691.0,1691.0,0.47859138
1692.0,1692.0,0.558371
1693.0,1693.0,0.4366587
1694.0,1694.0,0.41736174
1695.0,1695.0,0.39479446
1696.0,1696.0,0.014433578
1697.0,1697.0,0.2920537
1698.0,1698.0,0.2915147
1699.0,1699.0,0.4308354
1700.0,1700.0,0.4554256
1701.0,1701.0,0.64180744
1702.0,1702.0,0.29136273
1703.0,1703.0,0.094309576
1704.0,1704.0,0.39523032
1705.0,1705.0,0.42878416
1706.0,1706.0,0.089399174
1707.0,1707.0,0.48902065
1708.0,1708.0,0.29028505
1709.0,1709.0,0.39743215
1710.0,1710.0,0.51681393
1711.0,1711.0,0.27729112
1712.0,1712.0,0.1972539
1713.0,1713.0,0.43121088
1714.0,1714.0,0.6074969
1715.0,1715.0,0.47017118
1716.0,1716.0,0.3582974
1717.0,1717.0,0.434091
1718.0,1718.0,0.3844359
1719.0,1719.0,0.53619117
1720.0,1720.0,0.19567995
1721.0,1721.0,0.43555743
1722.0,1722.0,0.395295
1723.0,1723.0,0.014589576
1724.0,1724.0,0.18704887
1725.0,1725.0,0.54511094
1726.0,1726.0,0.5509492
1727.0,1727.0,0.47913364
1728.0,1728.0,0.53363115
1729.0,1729.0,0.53032345
1730.0,1730.0,0.4378376
1731.0,1731.0,0.64191294
1732.0,1732.0,0.22878315
1733.0,1733.0,0.6223267
1734.0,1734.0,0.2456536
1735.0,1735.0,0.014693506
1736.0,1736.0,0.35619184
1737.0,1737.0,0.31209368
1738.0,1738.0,0.10528985
1739.0,1739.0,0.3087117
1740.0,1740.0,0.2849861
1741.0,1741.0,0.32960832
1742.0,1742.0,0.41359302
1743.0,1743.0,0.48349425
1744.0,1744.0,0.5177408
1745.0,1745.0,0.5834586
1746.0,1746.0,0.26429385
1747.0,1747.0,0.14638682
1748.0,1748.0,0.5333025
1749.0,1749.0,0.54511094
1750.0,1750.0,0.29752025
1751.0,1751.0,0.19054876
1752.0,1752.0,0.39479446
1753.0,1753.0,0.30496946
1754.0,1754.0,0.43855032
1755.0,1755.0,0.31040534
1756.0,1756.0,0.63399816
1757.0,1757.0,0.6652318
1758.0,1758.0,0.50714827
1759.0,1759.0,0.43476287
1760.0,1760.0,0.47859138
1761.0,1761.0,0.4312629
1762.0,1762.0,0.6439701
1763.0,1763.0,0.5345042
1764.0,1764.0,0.30076426
1765.0,1765.0,0.087587215
1766.0,1766.0,0.45187175
1767.0,1767.0,0.1868193
1768.0,1768.0,0.49435252
1769.0,1769.0,0.0673596
1770.0,1770.0,0.08280222
1771.0,1771.0,0.36988702
1772.0,1772.0,0.38771164
1773.0,1773.0,0.57001024
1774.0,1774.0,0.28934485
1775.0,1775.0,0.1407048
1776.0,1776.0,0.6065031
1777.0,1777.0,0.47749004
1778.0,1778.0,0.4867426
1779.0,1779.0,0.3548041
1780.0,1780.0,0.108139746
1781.0,1781.0,0.30300653
1782.0,1782.0,0.089399174
1783.0,1783.0,0.578755
1784.0,1784.0,0.43705392
1785.0,1785.0,0.21755743
1786.0,1786.0,0.3401482
1787.0,1787.0,0.3024435
1788.0,1788.0,0.27647302
1789.0,1789.0,0.35619184
1790.0,1790.0,0.27020586
1791.0,1791.0,0.06460007
1792.0,1792.0,0.6267642
1793.0,1793.0,0.3694337
1794.0,1794.0,0.3401482
1795.0,1795.0,0.29937977
1796.0,1796.0,0.42968756
1797.0,1797.0,0.26136687
1798.0,1798.0,0.43121088
1799.0,1799.0,0.64952636
1800.0,1800.0,0.6487887
1801.0,1801.0,0.39558056
1802.0,1802.0,0.53279257
1803.0,1803.0,0.514905
1804.0,1804.0,0.6189325
1805.0,1805.0,0.29280612
1806.0,1806.0,0.1758342
1807.0,1807.0,0.6119241
1808.0,1808.0,0.5265956
1809.0,1809.0,0.5538023
1810.0,1810.0,0.14045168
1811.0,1811.0,0.43849185
1812.0,1812.0,0.46272266
1813.0,1813.0,0.65922314
1814.0,1814.0,0.2788712
1815.0,1815.0,0.14045168
1816.0,1816.0,0.15515082
1817.0,1817.0,0.29752025
1818.0,1818.0,0.32876632
1819.0,1819.0,0.6324594
1820.0,1820.0,0.073812194
1821.0,1821.0,0.30329886
1822.0,1822.0,0.55729973
1823.0,1823.0,0.3073382
1824.0,1824.0,0.48011315
1825.0,1825.0,0.29556227
1826.0,1826.0,0.63882476
1827.0,1827.0,0.6386747
1828.0,1828.0,0.27697122
1829.0,1829.0,0.29147887
1830.0,1830.0,0.68605703
1831.0,1831.0,0.29676282
1832.0,1832.0,0.48998874
1833.0,1833.0,0.5957083
1834.0,1834.0,0.1021788
1835.0,1835.0,0.052216668
1836.0,1836.0,0.6625794
1837.0,1837.0,0.5878836
1838.0,1838.0,0.55729973
1839.0,1839.0,0.3910338
1840.0,1840.0,0.4308354
1841.0,1841.0,0.5084341
1842.0,1842.0,0.47361857
1843.0,1843.0,0.4797675
1844.0,1844.0,0.15356049
1845.0,1845.0,0.63590807
1846.0,1846.0,0.021932704
1847.0,1847.0,0.33251232
1848.0,1848.0,0.28993088
1849.0,1849.0,0.29818007
1850.0,1850.0,0.5154562
1851.0,1851.0,0.6285586
1852.0,1852.0,0.65248287
1853.0,1853.0,0.064523034
1854.0,1854.0,0.15895489
1855.0,1855.0,0.022895636
1856.0,1856.0,0.15666847
1857.0,1857.0,0.52249616
1858.0,1858.0,0.31437194
1859.0,1859.0,0.27457637
1860.0,1860.0,0.28927016
1861.0,1861.0,0.6505838
1862.0,1862.0,0.4163076
1863.0,1863.0,0.54303265
1864.0,1864.0,0.47545716
1865.0,1865.0,0.26429385
1866.0,1866.0,0.41760743
1867.0,1867.0,0.582194
1868.0,1868.0,0.5092716
1869.0,1869.0,0.29252273
1870.0,1870.0,0.46581173
1871.0,1871.0,0.28540418
1872.0,1872.0,0.3326958
1873.0,1873.0,0.082400694
1874.0,1874.0,0.30736095
1875.0,1875.0,0.4103578
1876.0,1876.0,0.5532362
1877.0,1877.0,0.5251407
1878.0,1878.0,0.63549167
1879.0,1879.0,0.09928049
1880.0,1880.0,0.5760893
1881.0,1881.0,0.20965745
1882.0,1882.0,0.1889765
1883.0,1883.0,0.26428422
1884.0,1884.0,0.27504846
1885.0,1885.0,0.5374466
1886.0,1886.0,0.29907268
1887.0,1887.0,0.43476287
1888.0,1888.0,0.4580094
1889.0,1889.0,0.50548726
1890.0,1890.0,0.43476287
1891.0,1891.0,0.3874073
1892.0,1892.0,0.6256974
1893.0,1893.0,0.65806943
1894.0,1894.0,0.36109933
1895.0,1895.0,0.2982832
1896.0,1896.0,0.5653645
1897.0,1897.0,0.08936836
1898.0,1898.0,0.052216668
1899.0,1899.0,0.33882087
1900.0,1900.0,0.37370878
1901.0,1901.0,0.4258594
1902.0,1902.0,0.6676672
1903.0,1903.0,0.31713265
1904.0,1904.0,0.38005766
1905.0,1905.0,0.32174262
1906.0,1906.0,0.40125242
1907.0,1907.0,0.17770973
1908.0,1908.0,0.61232555
1909.0,1909.0,0.38005766
1910.0,1910.0,0.43869856
1911.0,1911.0,0.33882087
1912.0,1912.0,0.3600946
1913.0,1913.0,0.2012452
1914.0,1914.0,0.30040434
1915.0,1915.0,0.6006685
1916.0,1916.0,0.42298216
1917.0,1917.0,0.48416707
1918.0,1918.0,0.48833093
1919.0,1919.0,0.55451655
1920.0,1920.0,0.6117672
1921.0,1921.0,0.2915147
1922.0,1922.0,0.54243624
1923.0,1923.0,0.5097935
1924.0,1924.0,0.47250775
1925.0,1925.0,0.29509205
1926.0,1926.0,0.18710284
1927.0,1927.0,0.5076797
1928.0,1928.0,0.6277215
1929.0,1929.0,0.31601003
1930.0,1930.0,0.6520736
1931.0,1931.0,0.32105923
1932.0,1932.0,0.5959935
1933.0,1933.0,0.2745091
1934.0,1934.0,0.113149315
1935.0,1935.0,0.2748364
1936.0,1936.0,0.3909004
1937.0,1937.0,0.1769737
1938.0,1938.0,0.6322227
1939.0,1939.0,0.2788712
1940.0,1940.0,0.3105582
1941.0,1941.0,0.45864668
1942.0,1942.0,0.6918738
1943.0,1943.0,0.30627856
1944.0,1944.0,0.40751624
1945.0,1945.0,0.43299952
1946.0,1946.0,0.50229627
1947.0,1947.0,0.18774751
1948.0,1948.0,0.4992263
1949.0,1949.0,0.5530531
1950.0,1950.0,0.59001577
1951.0,1951.0,0.21329254
1952.0,1952.0,0.5555303
1953.0,1953.0,0.6280658
1954.0,1954.0,0.4957664
1955.0,1955.0,0.013877229
1956.0,1956.0,0.33519495
1957.0,1957.0,0.32960832
1958.0,1958.0,0.62058365
1959.0,1959.0,0.39844084
1960.0,1960.0,0.32356995
1961.0,1961.0,0.3415543
1962.0,1962.0,0.21447511
1963.0,1963.0,0.48674753
1964.0,1964.0,0.38913855
1965.0,1965.0,0.505756
1966.0,1966.0,0.545138
1967.0,1967.0,0.43545404
1968.0,1968.0,0.41610318
1969.0,1969.0,0.6149337
1970.0,1970.0,0.53290653
1971.0,1971.0,0.33912328
1972.0,1972.0,0.5070723
1973.0,1973.0,0.4312629
1974.0,1974.0,0.4558162
1975.0,1975.0,0.5347846
1976.0,1976.0,0.3479222
1977.0,1977.0,0.44630042
1978.0,1978.0,0.40567774
1979.0,1979.0,0.14279209
1980.0,1980.0,0.43461105
1981.0,1981.0,0.5584869
1982.0,1982.0,0.029533876
1983.0,1983.0,0.52899665
1984.0,1984.0,0.6143503
1985.0,1985.0,0.09003144
1986.0,1986.0,0.16761236
1987.0,1987.0,0.45877424
1988.0,1988.0,0.36099985
1989.0,1989.0,0.38560328
1990.0,1990.0,0.4614723
1991.0,1991.0,0.5383622
1992.0,1992.0,0.50886476
1993.0,1993.0,0.40166447
1994.0,1994.0,0.35481966
1995.0,1995.0,0.43476287
1996.0,1996.0,0.48723027
1997.0,1997.0,0.5442352
1998.0,1998.0,0.6392114
1999.0,1999.0,0.66435754
2000.0,2000.0,0.4379895
2001.0,2001.0,0.4367247
2002.0,2002.0,0.47261408
2003.0,2003.0,0.090482906
2004.0,2004.0,0.48647296
2005.0,2005.0,0.16727625
2006.0,2006.0,0.43480712
2007.0,2007.0,0.4352718
2008.0,2008.0,0.16781986
2009.0,2009.0,0.41815776
2010.0,2010.0,0.4373168
2011.0,2011.0,0.43657333
2012.0,2012.0,0.1769737
2013.0,2013.0,0.5220425
2014.0,2014.0,0.48996937
2015.0,2015.0,0.15666847
2016.0,2016.0,0.6359467
2017.0,2017.0,0.50502115
2018.0,2018.0,0.30073136
2019.0,2019.0,0.35907897
2020.0,2020.0,0.023062846
2021.0,2021.0,0.20534784
2022.0,2022.0,0.40231806
2023.0,2023.0,0.58043915
2024.0,2024.0,0.58043915
2025.0,2025.0,0.28601006
2026.0,2026.0,0.34694827
2027.0,2027.0,0.48537627
2028.0,2028.0,0.54519206
2029.0,2029.0,0.32215884
2030.0,2030.0,0.6472269
2031.0,2031.0,0.06857959
2032.0,2032.0,0.35659844
2033.0,2033.0,0.372165
2034.0,2034.0,0.39547634
2035.0,2035.0,0.51707345
2036.0,2036.0,0.5090337
2037.0,2037.0,0.46060592
2038.0,2038.0,0.54219997
2039.0,2039.0,0.55629915
2040.0,2040.0,0.5059901
2041.0,2041.0,0.31068662
2042.0,2042.0,0.26603863
2043.0,2043.0,0.15745473
2044.0,2044.0,0.637482
2045.0,2045.0,0.29244393
2046.0,2046.0,0.0100693125
2047.0,2047.0,0.26429385
2048.0,2048.0,0.47318524
2049.0,2049.0,0.6393484
2050.0,2050.0,0.3988122
2051.0,2051.0,0.28557098
2052.0,2052.0,0.44773328
2053.0,2053.0,0.39523032
2054.0,2054.0,0.2915147
2055.0,2055.0,0.10060024
2056.0,2056.0,0.5762253
2057.0,2057.0,0.15131351
2058.0,2058.0,0.47773522
2059.0,2059.0,0.48878795
2060.0,2060.0,0.42972976
2061.0,2061.0,0.38642848
2062.0,2062.0,0.33850205
2063.0,2063.0,0.39299184
2064.0,2064.0,0.46616346
2065.0,2065.0,0.08785824
2066.0,2066.0,0.45222154
2067.0,2067.0,0.021932704
2068.0,2068.0,0.39523032
2069.0,2069.0,0.5157678
2070.0,2070.0,0.4308354
2071.0,2071.0,0.29147887
2072.0,2072.0,0.33095792
2073.0,2073.0,0.6729117
2074.0,2074.0,0.32876632
2075.0,2075.0,0.59572786
2076.0,2076.0,0.59346414
2077.0,2077.0,0.30087867
2078.0,2078.0,0.36653513
2079.0,2079.0,0.3484632
2080.0,2080.0,0.1972539
2081.0,2081.0,0.5608638
2082.0,2082.0,0.2012452
2083.0,2083.0,0.33657548
2084.0,2084.0,0.12909491
2085.0,2085.0,0.19662856
2086.0,2086.0,0.55209655
2087.0,2087.0,0.29848978
2088.0,2088.0,0.39269048
2089.0,2089.0,0.66273654
2090.0,2090.0,0.030616505
2091.0,2091.0,0.32960832
2092.0,2092.0,0.6711164
2093.0,2093.0,0.4994664
2094.0,2094.0,0.29844368
2095.0,2095.0,0.55076194
2096.0,2096.0,0.5092994
2097.0,2097.0,0.463276
2098.0,2098.0,0.1769737
2099.0,2099.0,0.41759905
2100.0,2100.0,0.35619184
2101.0,2101.0,0.02262972
2102.0,2102.0,0.352208
2103.0,2103.0,0.58905107
2104.0,2104.0,0.4628538
2105.0,2105.0,0.062591985
2106.0,2106.0,0.4558162
2107.0,2107.0,0.5534243
2108.0,2108.0,0.35459265
2109.0,2109.0,0.5071237
2110.0,2110.0,0.41734135
2111.0,2111.0,0.29170287
2112.0,2112.0,0.6064357
2113.0,2113.0,0.26243192
2114.0,2114.0,0.38975883
2115.0,2115.0,0.34683138
2116.0,2116.0,0.33751306
2117.0,2117.0,0.4382405
2118.0,2118.0,0.51607656
2119.0,2119.0,0.6632126
2120.0,2120.0,0.06460007
2121.0,2121.0,0.5995532
2122.0,2122.0,0.48512837
2123.0,2123.0,0.14280176
2124.0,2124.0,0.1021788
2125.0,2125.0,0.5154923
2126.0,2126.0,0.03103532
2127.0,2127.0,0.32960832
2128.0,2128.0,0.49348897
2129.0,2129.0,0.31068662
2130.0,2130.0,0.45988894
2131.0,2131.0,0.39523032
2132.0,2132.0,0.42332563
2133.0,2133.0,0.3039311
2134.0,2134.0,0.12092826
2135.0,2135.0,0.2964946
2136.0,2136.0,0.3210199
2137.0,2137.0,0.39609683
2138.0,2138.0,0.64334744
2139.0,2139.0,0.3163014
2140.0,2140.0,0.46914205
2141.0,2141.0,0.3902033
2142.0,2142.0,0.50014395
2143.0,2143.0,0.13668407
2144.0,2144.0,0.18008237
2145.0,2145.0,0.418192
2146.0,2146.0,0.26429385
2147.0,2147.0,0.08180202
2148.0,2148.0,0.37069145
2149.0,2149.0,0.40588558
2150.0,2150.0,0.40007478
2151.0,2151.0,0.61578184
2152.0,2152.0,0.4193252
2153.0,2153.0,0.57341516
2154.0,2154.0,0.33116555
2155.0,2155.0,0.5451015
2156.0,2156.0,0.40225124
2157.0,2157.0,0.590664
2158.0,2158.0,0.39926657
2159.0,2159.0,0.47868103
2160.0,2160.0,0.45127815
2161.0,2161.0,0.4735905
2162.0,2162.0,0.5919116
2163.0,2163.0,0.15993012
2164.0,2164.0,0.585771
2165.0,2165.0,0.5635161
2166.0,2166.0,0.42401192
2167.0,2167.0,0.5244885
2168.0,2168.0,0.2436752
2169.0,2169.0,0.4380233
2170.0,2170.0,0.4887896
2171.0,2171.0,0.5475476
2172.0,2172.0,0.38865942
2173.0,2173.0,0.089399174
2174.0,2174.0,0.31209368
2175.0,2175.0,0.2012452
2176.0,2176.0,0.082400694
2177.0,2177.0,0.39556444
2178.0,2178.0,0.3204941
2179.0,2179.0,0.5897195
2180.0,2180.0,0.27097675
2181.0,2181.0,0.29551962
2182.0,2182.0,0.16179514
2183.0,2183.0,0.59348047
2184.0,2184.0,0.49889937
2185.0,2185.0,0.43998888
2186.0,2186.0,0.6073835
2187.0,2187.0,0.54152244
2188.0,2188.0,0.659474
2189.0,2189.0,0.5187529
2190.0,2190.0,0.64619
2191.0,2191.0,0.5305541
2192.0,2192.0,0.28443187
2193.0,2193.0,0.18385957
2194.0,2194.0,0.4312629
2195.0,2195.0,0.320364
2196.0,2196.0,0.31492478
2197.0,2197.0,0.33461535
2198.0,2198.0,0.43476287
2199.0,2199.0,0.28987783
2200.0,2200.0,0.4607043
2201.0,2201.0,0.10072039
2202.0,2202.0,0.5059901
2203.0,2203.0,0.022345664
2204.0,2204.0,0.6015211
2205.0,2205.0,0.34437373
2206.0,2206.0,0.54417485
2207.0,2207.0,0.26575956
2208.0,2208.0,0.013872362
2209.0,2209.0,0.4422464
2210.0,2210.0,0.1602739
2211.0,2211.0,0.1916572
2212.0,2212.0,0.43943387
2213.0,2213.0,0.073812194
2214.0,2214.0,0.5154923
2215.0,2215.0,0.6509862
2216.0,2216.0,0.49682307
2217.0,2217.0,0.5390194
2218.0,2218.0,0.291181
2219.0,2219.0,0.5728244
2220.0,2220.0,0.4015311
2221.0,2221.0,0.47737285
2222.0,2222.0,0.49191236
2223.0,2223.0,0.5260281
2224.0,2224.0,0.52249616
2225.0,2225.0,0.08928464
2226.0,2226.0,0.5154923
2227.0,2227.0,0.2849861
2228.0,2228.0,0.4531124
2229.0,2229.0,0.38943902
2230.0,2230.0,0.53174245
2231.0,2231.0,0.6125963
2232.0,2232.0,0.29244393
2233.0,2233.0,0.47241122
2234.0,2234.0,0.32167867
2235.0,2235.0,0.42128333
2236.0,2236.0,0.06317435
2237.0,2237.0,0.25773433
2238.0,2238.0,0.53588796
2239.0,2239.0,0.32174262
2240.0,2240.0,0.15821396
2241.0,2241.0,0.063512266
2242.0,2242.0,0.43876892
2243.0,2243.0,0.53196204
2244.0,2244.0,0.456552
2245.0,2245.0,0.5390194
2246.0,2246.0,0.42878416
2247.0,2247.0,0.3288681
2248.0,2248.0,0.6041463
2249.0,2249.0,0.3271875
2250.0,2250.0,0.30524063
2251.0,2251.0,0.5864452
2252.0,2252.0,0.41325465
2253.0,2253.0,0.39965287
2254.0,2254.0,0.54486376
2255.0,2255.0,0.34526497
2256.0,2256.0,0.10073011
2257.0,2257.0,0.052975405
2258.0,2258.0,0.26428422
2259.0,2259.0,0.5292164
2260.0,2260.0,0.29145303
2261.0,2261.0,0.10072039
2262.0,2262.0,0.4395303
2263.0,2263.0,0.6540418
2264.0,2264.0,0.47969908
2265.0,2265.0,0.40125242
2266.0,2266.0,0.43890262
2267.0,2267.0,0.66410065
2268.0,2268.0,0.5127186
2269.0,2269.0,0.58670795
2270.0,2270.0,0.08624238
2271.0,2271.0,0.43532076
2272.0,2272.0,0.62669975
2273.0,2273.0,0.025156066
2274.0,2274.0,0.4208431
2275.0,2275.0,0.3213669
2276.0,2276.0,0.60638785
2277.0,2277.0,0.54676676
2278.0,2278.0,0.2915147
2279.0,2279.0,0.28197616
2280.0,2280.0,0.08179863
2281.0,2281.0,0.50229627
2282.0,2282.0,0.4244686
2283.0,2283.0,0.4308354
2284.0,2284.0,0.39019638
2285.0,2285.0,0.49006182
2286.0,2286.0,0.4501466
2287.0,2287.0,0.4552273
2288.0,2288.0,0.11803717
2289.0,2289.0,0.4746004
2290.0,2290.0,0.6503554
2291.0,2291.0,0.31040534
2292.0,2292.0,0.40724167
2293.0,2293.0,0.4088971
2294.0,2294.0,0.06857959
2295.0,2295.0,0.5928752
2296.0,2296.0,0.2649682
2297.0,2297.0,0.49070796
2298.0,2298.0,0.2763692
2299.0,2299.0,0.47677842
2300.0,2300.0,0.3570459
2301.0,2301.0,0.39876628
2302.0,2302.0,0.26157323
2303.0,2303.0,0.5635161
2304.0,2304.0,0.35659844
2305.0,2305.0,0.35702375
2306.0,2306.0,0.5321474
2307.0,2307.0,0.43987736
2308.0,2308.0,0.4554256
2309.0,2309.0,0.53906846
2310.0,2310.0,0.29147887
2311.0,2311.0,0.28934485
2312.0,2312.0,0.3919667
2313.0,2313.0,0.31367064
2314.0,2314.0,0.5635161
2315.0,2315.0,0.09737219
2316.0,2316.0,0.5272858
2317.0,2317.0,0.06879734
2318.0,2318.0,0.5720779
2319.0,2319.0,0.4709226
2320.0,2320.0,0.50467414
2321.0,2321.0,0.3430085
2322.0,2322.0,0.52733546
2323.0,2323.0,0.6398068
2324.0,2324.0,0.21229078
2325.0,2325.0,0.05289845
2326.0,2326.0,0.6613996
2327.0,2327.0,0.6629039
2328.0,2328.0,0.5038891
2329.0,2329.0,0.4246374
2330.0,2330.0,0.3883203
2331.0,2331.0,0.43481305
2332.0,2332.0,0.33647904
2333.0,2333.0,0.6373798
2334.0,2334.0,0.56735647
2335.0,2335.0,0.65769506
2336.0,2336.0,0.28934485
2337.0,2337.0,0.3362187
2338.0,2338.0,0.14045168
2339.0,2339.0,0.2649682
2340.0,2340.0,0.51274925
2341.0,2341.0,0.24564925
2342.0,2342.0,0.5512828
2343.0,2343.0,0.610285
2344.0,2344.0,0.343557
2345.0,2345.0,0.5337779
2346.0,2346.0,0.53737724
2347.0,2347.0,0.40368327
2348.0,2348.0,0.48878795
2349.0,2349.0,0.62326896
2350.0,2350.0,0.4354781
2351.0,2351.0,0.49460217
2352.0,2352.0,0.2469598
2353.0,2353.0,0.3197345
2354.0,2354.0,0.46407953
2355.0,2355.0,0.20947625
2356.0,2356.0,0.29818007
2357.0,2357.0,0.33088943
2358.0,2358.0,0.28858116
2359.0,2359.0,0.43481195
2360.0,2360.0,0.6734555
2361.0,2361.0,0.5954265
2362.0,2362.0,0.53072375
2363.0,2363.0,0.3818458
2364.0,2364.0,0.4670827
2365.0,2365.0,0.27673677
2366.0,2366.0,0.33610907
2367.0,2367.0,0.39532256
2368.0,2368.0,0.29147887
2369.0,2369.0,0.6339933
2370.0,2370.0,0.53290653
2371.0,2371.0,0.4299645
2372.0,2372.0,0.55040294
2373.0,2373.0,0.35619184
2374.0,2374.0,0.37338594
2375.0,2375.0,0.31830123
2376.0,2376.0,0.23535699
2377.0,2377.0,0.4305526
2378.0,2378.0,0.2892967
2379.0,2379.0,0.54511094
2380.0,2380.0,0.39013994
2381.0,2381.0,0.530964
2382.0,2382.0,0.61637765
2383.0,2383.0,0.43533626
2384.0,2384.0,0.48091704
2385.0,2385.0,0.43965805
2386.0,2386.0,0.628317
2387.0,2387.0,0.6151071
2388.0,2388.0,0.5784718
2389.0,2389.0,0.56338435
2390.0,2390.0,0.46302786
2391.0,2391.0,0.5390194
2392.0,2392.0,0.49420533
2393.0,2393.0,0.1903535
2394.0,2394.0,0.44209126
2395.0,2395.0,0.09357326
2396.0,2396.0,0.5444967
2397.0,2397.0,0.27504644
2398.0,2398.0,0.6614513
2399.0,2399.0,0.5571924
2400.0,2400.0,0.4240526
2401.0,2401.0,0.35619184
2402.0,2402.0,0.39999384
2403.0,2403.0,0.46911559
2404.0,2404.0,0.42046386
2405.0,2405.0,0.61064273
2406.0,2406.0,0.57094485
2407.0,2407.0,0.18697275
2408.0,2408.0,0.12223073
2409.0,2409.0,0.5220425
2410.0,2410.0,0.43278077
2411.0,2411.0,0.5410487
2412.0,2412.0,0.37167683
2413.0,2413.0,0.15821396
2414.0,2414.0,0.64080405
2415.0,2415.0,0.42390108
2416.0,2416.0,0.30313626
2417.0,2417.0,0.46852642
2418.0,2418.0,0.18419982
2419.0,2419.0,0.6185416
2420.0,2420.0,0.28731477
2421.0,2421.0,0.4896841
2422.0,2422.0,0.44546714
2423.0,2423.0,0.29885703
2424.0,2424.0,0.3152801
2425.0,2425.0,0.37370878
2426.0,2426.0,0.300273
2427.0,2427.0,0.5995532
2428.0,2428.0,0.49195293
2429.0,2429.0,0.3404367
2430.0,2430.0,0.55729973
2431.0,2431.0,0.4815816
2432.0,2432.0,0.32990855
2433.0,2433.0,0.3494555
2434.0,2434.0,0.35619184
2435.0,2435.0,0.48961648
2436.0,2436.0,0.40843236
2437.0,2437.0,0.28934485
2438.0,2438.0,0.55020034
2439.0,2439.0,0.6648312
2440.0,2440.0,0.46272266
2441.0,2441.0,0.54590636
2442.0,2442.0,0.633057
2443.0,2443.0,0.1969517
2444.0,2444.0,0.38303033
2445.0,2445.0,0.29147887
2446.0,2446.0,0.38642848
2447.0,2447.0,0.21222925
2448.0,2448.0,0.60768825
2449.0,2449.0,0.44056195
2450.0,2450.0,0.4828274
2451.0,2451.0,0.49421018
2452.0,2452.0,0.34561974
2453.0,2453.0,0.34069273
2454.0,2454.0,0.6356639
2455.0,2455.0,0.53279257
2456.0,2456.0,0.47483233
2457.0,2457.0,0.15165322
2458.0,2458.0,0.1637274
2459.0,2459.0,0.4673998
2460.0,2460.0,0.44165614
2461.0,2461.0,0.13463816
2462.0,2462.0,0.29092658
2463.0,2463.0,0.2012452
2464.0,2464.0,0.43404117
2465.0,2465.0,0.43814942
2466.0,2466.0,0.40751624
2467.0,2467.0,0.21616915
2468.0,2468.0,0.29662704
2469.0,2469.0,0.39523032
2470.0,2470.0,0.57546544
2471.0,2471.0,0.013655438
2472.0,2472.0,0.5314646
2473.0,2473.0,0.14504327
2474.0,2474.0,0.38054636
2475.0,2475.0,0.38642848
2476.0,2476.0,0.6539346
2477.0,2477.0,0.33501524
2478.0,2478.0,0.49217543
2479.0,2479.0,0.46896824
2480.0,2480.0,0.54982436
2481.0,2481.0,0.26741934
2482.0,2482.0,0.26689556
2483.0,2483.0,0.5928271
2484.0,2484.0,0.3863845
2485.0,2485.0,0.5288078
2486.0,2486.0,0.50322914
2487.0,2487.0,0.024956463
2488.0,2488.0,0.6420054
2489.0,2489.0,0.3719552
2490.0,2490.0,0.3028845
2491.0,2491.0,0.15666847
2492.0,2492.0,0.29418728
2493.0,2493.0,0.4523082
2494.0,2494.0,0.17929508
2495.0,2495.0,0.41443792
2496.0,2496.0,0.48416707
2497.0,2497.0,0.30402017
2498.0,2498.0,0.39293113
2499.0,2499.0,0.10291749
2500.0,2500.0,0.14351262
2501.0,2501.0,0.55378115
2502.0,2502.0,0.43869856
2503.0,2503.0,0.40414736
2504.0,2504.0,0.5828258
2505.0,2505.0,0.62129474
2506.0,2506.0,0.39523032
2507.0,2507.0,0.3841937
2508.0,2508.0,0.44630042
2509.0,2509.0,0.39446795
2510.0,2510.0,0.013521647
2511.0,2511.0,0.6715076
2512.0,2512.0,0.2649682
2513.0,2513.0,0.55248356
2514.0,2514.0,0.3525876
2515.0,2515.0,0.5734921
2516.0,2516.0,0.49932712
2517.0,2517.0,0.50166196
2518.0,2518.0,0.13762157
2519.0,2519.0,0.395295
2520.0,2520.0,0.023027323
2521.0,2521.0,0.6550219
2522.0,2522.0,0.652936
2523.0,2523.0,0.3690024
2524.0,2524.0,0.14045168
2525.0,2525.0,0.6415052
2526.0,2526.0,0.6239058
2527.0,2527.0,0.46581173
2528.0,2528.0,0.5986199
2529.0,2529.0,0.5383302
2530.0,2530.0,0.49707076
2531.0,2531.0,0.38244718
2532.0,2532.0,0.46661392
2533.0,2533.0,0.5780634
2534.0,2534.0,0.29551962
2535.0,2535.0,0.60957336
2536.0,2536.0,0.5624644
2537.0,2537.0,0.5432479
2538.0,2538.0,0.45605665
2539.0,2539.0,0.49534297
2540.0,2540.0,0.5340936
2541.0,2541.0,0.5258453
2542.0,2542.0,0.34844065
2543.0,2543.0,0.53774196
2544.0,2544.0,0.50229627
2545.0,2545.0,0.49047145
2546.0,2546.0,0.38331017
2547.0,2547.0,0.55020034
2548.0,2548.0,0.580614
2549.0,2549.0,0.68605703
2550.0,2550.0,0.47858843
2551.0,2551.0,0.5834873
2552.0,2552.0,0.3597444
2553.0,2553.0,0.052591242
2554.0,2554.0,0.5587035
2555.0,2555.0,0.39441907
2556.0,2556.0,0.29977638
2557.0,2557.0,0.52886915
2558.0,2558.0,0.54295075
2559.0,2559.0,0.30156583
2560.0,2560.0,0.63426304
2561.0,2561.0,0.081707366
2562.0,2562.0,0.59947735
2563.0,2563.0,0.51614916
2564.0,2564.0,0.4380492
2565.0,2565.0,0.27986625
2566.0,2566.0,0.48984793
2567.0,2567.0,0.54848725
2568.0,2568.0,0.6514335
2569.0,2569.0,0.43354425
2570.0,2570.0,0.39926657
2571.0,2571.0,0.65834606
2572.0,2572.0,0.57386136
2573.0,2573.0,0.6612581
2574.0,2574.0,0.40843236
2575.0,2575.0,0.062446497
2576.0,2576.0,0.41865176
2577.0,2577.0,0.43476287
2578.0,2578.0,0.33992782
2579.0,2579.0,0.29410565
2580.0,2580.0,0.49488223
2581.0,2581.0,0.49081427
2582.0,2582.0,0.49121568
2583.0,2583.0,0.3681292
2584.0,2584.0,0.29752025
2585.0,2585.0,0.2633344
2586.0,2586.0,0.30504858
2587.0,2587.0,0.3134425
2588.0,2588.0,0.4610789
2589.0,2589.0,0.1769737
2590.0,2590.0,0.38443902
2591.0,2591.0,0.4217172
2592.0,2592.0,0.43654668
2593.0,2593.0,0.48068923
2594.0,2594.0,0.1952729
2595.0,2595.0,0.33855608
2596.0,2596.0,0.073684454
2597.0,2597.0,0.5714425
2598.0,2598.0,0.32747495
2599.0,2599.0,0.28934485
2600.0,2600.0,0.64351463
2601.0,2601.0,0.19443817
2602.0,2602.0,0.3159336
2603.0,2603.0,0.5736123
2604.0,2604.0,0.20118232
2605.0,2605.0,0.09167248
2606.0,2606.0,0.6211702
2607.0,2607.0,0.4551797
2608.0,2608.0,0.58798313
2609.0,2609.0,0.31040534
2610.0,2610.0,0.49255162
2611.0,2611.0,0.1618963
2612.0,2612.0,0.29418728
2613.0,2613.0,0.43476287
2614.0,2614.0,0.7410693
2615.0,2615.0,0.6021715
2616.0,2616.0,0.53279257
2617.0,2617.0,0.49205962
2618.0,2618.0,0.6535585
2619.0,2619.0,0.51777875
2620.0,2620.0,0.44626996
2621.0,2621.0,0.34100458
2622.0,2622.0,0.42003566
2623.0,2623.0,0.46196187
2624.0,2624.0,0.21329254
2625.0,2625.0,0.33095792
2626.0,2626.0,0.62904876
2627.0,2627.0,0.5283785
2628.0,2628.0,0.54219997
2629.0,2629.0,0.022409968
2630.0,2630.0,0.3155388
2631.0,2631.0,0.5713489
2632.0,2632.0,0.2979337
2633.0,2633.0,0.34844065
2634.0,2634.0,0.014199088
2635.0,2635.0,0.1132028
2636.0,2636.0,0.31476936
2637.0,2637.0,0.21400648
2638.0,2638.0,0.4433464
2639.0,2639.0,0.43960443
2640.0,2640.0,0.15898827
2641.0,2641.0,0.4163076
2642.0,2642.0,0.39171556
2643.0,2643.0,0.3966776
2644.0,2644.0,0.32126153
2645.0,2645.0,0.5149406
2646.0,2646.0,0.397506
2647.0,2647.0,0.2209044
2648.0,2648.0,0.30084977
2649.0,2649.0,0.435163
2650.0,2650.0,0.36744362
2651.0,2651.0,0.1602739
2652.0,2652.0,0.5583968
2653.0,2653.0,0.09003144
2654.0,2654.0,0.32250118
2655.0,2655.0,0.5491546
2656.0,2656.0,0.38953257
2657.0,2657.0,0.435163
2658.0,2658.0,0.38285425
2659.0,2659.0,0.47371393
2660.0,2660.0,0.56228036
2661.0,2661.0,0.31390747
2662.0,2662.0,0.5029375
2663.0,2663.0,0.58674574
2664.0,2664.0,0.54387933
2665.0,2665.0,0.39379779
2666.0,2666.0,0.30156583
2667.0,2667.0,0.49141693
2668.0,2668.0,0.38642848
2669.0,2669.0,0.32502407
2670.0,2670.0,0.65856516
2671.0,2671.0,0.5164296
2672.0,2672.0,0.4641749
2673.0,2673.0,0.43461105
2674.0,2674.0,0.16783978
2675.0,2675.0,0.2972383
2676.0,2676.0,0.52547246
2677.0,2677.0,0.26129523
2678.0,2678.0,0.38395604
2679.0,2679.0,0.2954096
2680.0,2680.0,0.07327392
2681.0,2681.0,0.53006047
2682.0,2682.0,0.49221316
2683.0,2683.0,0.3401482
2684.0,2684.0,0.49968186
2685.0,2685.0,0.3972055
2686.0,2686.0,0.39479446
2687.0,2687.0,0.44661692
2688.0,2688.0,0.1769737
2689.0,2689.0,0.41760743
2690.0,2690.0,0.39796972
2691.0,2691.0,0.47081578
2692.0,2692.0,0.36744362
2693.0,2693.0,0.43741915
2694.0,2694.0,0.5024547
2695.0,2695.0,0.3401482
2696.0,2696.0,0.43548396
2697.0,2697.0,0.073812194
2698.0,2698.0,0.32757133
2699.0,2699.0,0.33839056
2700.0,2700.0,0.24389027
2701.0,2701.0,0.63640904
2702.0,2702.0,0.6390002
2703.0,2703.0,0.54342663
2704.0,2704.0,0.36372933
2705.0,2705.0,0.6084339
2706.0,2706.0,0.29413307
2707.0,2707.0,0.36327314
2708.0,2708.0,0.55071044
2709.0,2709.0,0.48938558
2710.0,2710.0,0.47665983
2711.0,2711.0,0.47545716
2712.0,2712.0,0.089399174
2713.0,2713.0,0.47102493
2714.0,2714.0,0.4870005
2715.0,2715.0,0.48878795
2716.0,2716.0,0.32174262
2717.0,2717.0,0.34840775
2718.0,2718.0,0.42716748
2719.0,2719.0,0.5308428
2720.0,2720.0,0.2953607
2721.0,2721.0,0.59213233
2722.0,2722.0,0.6901184
2723.0,2723.0,0.14105006
2724.0,2724.0,0.2675185
2725.0,2725.0,0.3197345
2726.0,2726.0,0.5355178
2727.0,2727.0,0.15821396
2728.0,2728.0,0.52825123
2729.0,2729.0,0.31456545
2730.0,2730.0,0.5093572
2731.0,2731.0,0.52519834
2732.0,2732.0,0.1657565
2733.0,2733.0,0.49255386
2734.0,2734.0,0.29057804
2735.0,2735.0,0.47126633
2736.0,2736.0,0.5527617
2737.0,2737.0,0.5955407
2738.0,2738.0,0.69465065
2739.0,2739.0,0.45738283
2740.0,2740.0,0.462902
2741.0,2741.0,0.302641
2742.0,2742.0,0.3332895
2743.0,2743.0,0.5519606
2744.0,2744.0,0.42974177
2745.0,2745.0,0.51029897
2746.0,2746.0,0.3522517
2747.0,2747.0,0.14080854
2748.0,2748.0,0.436924
2749.0,2749.0,0.18296838
2750.0,2750.0,0.42382723
2751.0,2751.0,0.50229627
2752.0,2752.0,0.56724143
2753.0,2753.0,0.64820665
2754.0,2754.0,0.089399174
2755.0,2755.0,0.31423244
2756.0,2756.0,0.26574546
2757.0,2757.0,0.3337212
2758.0,2758.0,0.64993817
2759.0,2759.0,0.029533876
2760.0,2760.0,0.3078759
2761.0,2761.0,0.57917297
2762.0,2762.0,0.49510223
2763.0,2763.0,0.47865888
2764.0,2764.0,0.013745028
2765.0,2765.0,0.66286683
2766.0,2766.0,0.3016938
2767.0,2767.0,0.29147887
2768.0,2768.0,0.39436486
2769.0,2769.0,0.55795044
2770.0,2770.0,0.5727245
2771.0,2771.0,0.6590824
2772.0,2772.0,0.35659844
2773.0,2773.0,0.47750947
2774.0,2774.0,0.2763692
2775.0,2775.0,0.39307883
2776.0,2776.0,0.1769737
2777.0,2777.0,0.51665527
2778.0,2778.0,0.10203019
2779.0,2779.0,0.6037203
2780.0,2780.0,0.5735397
2781.0,2781.0,0.5534839
2782.0,2782.0,0.3311843
2783.0,2783.0,0.65063006
2784.0,2784.0,0.34858915
2785.0,2785.0,0.35231313
2786.0,2786.0,0.013521647
2787.0,2787.0,0.5619682
2788.0,2788.0,0.35262403
2789.0,2789.0,0.31390747
2790.0,2790.0,0.6368233
2791.0,2791.0,0.65790224
2792.0,2792.0,0.3865546
2793.0,2793.0,0.2751449
2794.0,2794.0,0.35685268
2795.0,2795.0,0.18697275
2796.0,2796.0,0.48985773
2797.0,2797.0,0.082662106
2798.0,2798.0,0.32174262
2799.0,2799.0,0.47146496
2800.0,2800.0,0.54982436
2801.0,2801.0,0.14504327
2802.0,2802.0,0.32960832
2803.0,2803.0,0.49195293
2804.0,2804.0,0.38841563
2805.0,2805.0,0.28928107
2806.0,2806.0,0.556719
2807.0,2807.0,0.5994565
2808.0,2808.0,0.3132972
2809.0,2809.0,0.2680898
2810.0,2810.0,0.4680606
2811.0,2811.0,0.19767264
2812.0,2812.0,0.29897255
2813.0,2813.0,0.48158845
2814.0,2814.0,0.43476287
2815.0,2815.0,0.53216517
2816.0,2816.0,0.43855032
2817.0,2817.0,0.49509642
2818.0,2818.0,0.38390705
2819.0,2819.0,0.6036139
2820.0,2820.0,0.3104099
2821.0,2821.0,0.300923
2822.0,2822.0,0.543136
2823.0,2823.0,0.505604
2824.0,2824.0,0.6365011
2825.0,2825.0,0.46148208
2826.0,2826.0,0.43476287
2827.0,2827.0,0.42252135
2828.0,2828.0,0.29631168
2829.0,2829.0,0.312163
2830.0,2830.0,0.4230111
2831.0,2831.0,0.6392114
2832.0,2832.0,0.4038114
2833.0,2833.0,0.41432995
2834.0,2834.0,0.488286
2835.0,2835.0,0.15667075
2836.0,2836.0,0.29818007
2837.0,2837.0,0.013521647
2838.0,2838.0,0.1449267
2839.0,2839.0,0.587765
2840.0,2840.0,0.57860607
2841.0,2841.0,0.5512926
2842.0,2842.0,0.5792269
2843.0,2843.0,0.43690455
2844.0,2844.0,0.5694074
2845.0,2845.0,0.28730142
2846.0,2846.0,0.58149296
2847.0,2847.0,0.33217528
2848.0,2848.0,0.06371613
2849.0,2849.0,0.4355527
2850.0,2850.0,0.26213273
2851.0,2851.0,0.21988592
2852.0,2852.0,0.40907192
2853.0,2853.0,0.32876632
2854.0,2854.0,0.37940767
2855.0,2855.0,0.6444026
2856.0,2856.0,0.08809911
2857.0,2857.0,0.5157678
2858.0,2858.0,0.29846245
2859.0,2859.0,0.1553871
2860.0,2860.0,0.49509642
2861.0,2861.0,0.15666847
2862.0,2862.0,0.29147887
2863.0,2863.0,0.55286455
2864.0,2864.0,0.4558162
2865.0,2865.0,0.5030047
2866.0,2866.0,0.2943908
2867.0,2867.0,0.501159
2868.0,2868.0,0.53327876
2869.0,2869.0,0.5525288
2870.0,2870.0,0.456615
2871.0,2871.0,0.38336882
2872.0,2872.0,0.4176129
2873.0,2873.0,0.19767264
2874.0,2874.0,0.4169243
2875.0,2875.0,0.10072039
2876.0,2876.0,0.35951102
2877.0,2877.0,0.4157174
2878.0,2878.0,0.607951
2879.0,2879.0,0.29412818
2880.0,2880.0,0.5026842
2881.0,2881.0,0.50948614
2882.0,2882.0,0.34690815
2883.0,2883.0,0.4348103
2884.0,2884.0,0.5960776
2885.0,2885.0,0.28232697
2886.0,2886.0,0.064523034
2887.0,2887.0,0.26574546
2888.0,2888.0,0.2788712
2889.0,2889.0,0.48056468
2890.0,2890.0,0.40751624
2891.0,2891.0,0.013435399
2892.0,2892.0,0.45480475
2893.0,2893.0,0.1553871
2894.0,2894.0,0.3159353
2895.0,2895.0,0.33524606
2896.0,2896.0,0.35619184
2897.0,2897.0,0.16781986
2898.0,2898.0,0.49579132
2899.0,2899.0,0.64191294
2900.0,2900.0,0.46754915
2901.0,2901.0,0.5211685
2902.0,2902.0,0.30897102
2903.0,2903.0,0.49615514
2904.0,2904.0,0.61614954
2905.0,2905.0,0.5272262
2906.0,2906.0,0.7129245
2907.0,2907.0,0.26129523
2908.0,2908.0,0.5012174
2909.0,2909.0,0.48130164
2910.0,2910.0,0.36841503
2911.0,2911.0,0.55361444
2912.0,2912.0,0.65813315
2913.0,2913.0,0.20891848
2914.0,2914.0,0.4838621
2915.0,2915.0,0.32899413
2916.0,2916.0,0.3430085
2917.0,2917.0,0.435163
2918.0,2918.0,0.5036133
2919.0,2919.0,0.31251815
2920.0,2920.0,0.6253746
2921.0,2921.0,0.5401841
2922.0,2922.0,0.06270656
2923.0,2923.0,0.39523032
2924.0,2924.0,0.58517826
2925.0,2925.0,0.063372746
2926.0,2926.0,0.29147887
2927.0,2927.0,0.39785585
2928.0,2928.0,0.62053955
2929.0,2929.0,0.29130408
2930.0,2930.0,0.5591125
2931.0,2931.0,0.44797096
2932.0,2932.0,0.18775666
2933.0,2933.0,0.18775666
2934.0,2934.0,0.32126153
2935.0,2935.0,0.54311967
2936.0,2936.0,0.2012452
2937.0,2937.0,0.5609424
2938.0,2938.0,0.51648474
2939.0,2939.0,0.51263094
2940.0,2940.0,0.288972
2941.0,2941.0,0.342998
2942.0,2942.0,0.0915032
2943.0,2943.0,0.2990665
2944.0,2944.0,0.4870677
2945.0,2945.0,0.55439186
2946.0,2946.0,0.4269593
2947.0,2947.0,0.10073011
2948.0,2948.0,0.30828485
2949.0,2949.0,0.3525876
2950.0,2950.0,0.587449
2951.0,2951.0,0.1903535
2952.0,2952.0,0.28916377
2953.0,2953.0,0.5710095
2954.0,2954.0,0.2851657
2955.0,2955.0,0.63219124
2956.0,2956.0,0.5735397
2957.0,2957.0,0.48576775
2958.0,2958.0,0.32215884
2959.0,2959.0,0.35709903
2960.0,2960.0,0.2010677
2961.0,2961.0,0.24488313
2962.0,2962.0,0.4961677
2963.0,2963.0,0.102858044
2964.0,2964.0,0.49748975
2965.0,2965.0,0.5235218
2966.0,2966.0,0.40400496
2967.0,2967.0,0.6009318
2968.0,2968.0,0.43545404
2969.0,2969.0,0.63554364
2970.0,2970.0,0.55596316
2971.0,2971.0,0.052216668
2972.0,2972.0,0.51607347
2973.0,2973.0,0.40524417
2974.0,2974.0,0.4269166
2975.0,2975.0,0.6420054
2976.0,2976.0,0.49195293
2977.0,2977.0,0.41854128
2978.0,2978.0,0.09937375
2979.0,2979.0,0.59797126
2980.0,2980.0,0.6252294
2981.0,2981.0,0.50548786
2982.0,2982.0,0.47855553
2983.0,2983.0,0.35085398
2984.0,2984.0,0.32159728
2985.0,2985.0,0.5809199
2986.0,2986.0,0.37167683
2987.0,2987.0,0.4371567
2988.0,2988.0,0.4679872
2989.0,2989.0,0.15821396
2990.0,2990.0,0.42212892
2991.0,2991.0,0.36744362
2992.0,2992.0,0.6223531
2993.0,2993.0,0.54322755
2994.0,2994.0,0.2209044
2995.0,2995.0,0.55265343
2996.0,2996.0,0.534989
2997.0,2997.0,0.47657147
2998.0,2998.0,0.47274128
2999.0,2999.0,0.65815336
3000.0,3000.0,0.45658627
3001.0,3001.0,0.50142014
3002.0,3002.0,0.6286087
3003.0,3003.0,0.38771164
3004.0,3004.0,0.27434614
3005.0,3005.0,0.5597439
3006.0,3006.0,0.442882
3007.0,3007.0,0.44191954
3008.0,3008.0,0.4891826
3009.0,3009.0,0.60899675
3010.0,3010.0,0.34844065
3011.0,3011.0,0.64595836
3012.0,3012.0,0.4949469
3013.0,3013.0,0.42878416
3014.0,3014.0,0.38754937
3015.0,3015.0,0.43566337
3016.0,3016.0,0.3786797
3017.0,3017.0,0.4180368
3018.0,3018.0,0.4506768
3019.0,3019.0,0.2209044
3020.0,3020.0,0.21965608
3021.0,3021.0,0.4784219
3022.0,3022.0,0.435163
3023.0,3023.0,0.53731257
3024.0,3024.0,0.6151177
3025.0,3025.0,0.26429385
3026.0,3026.0,0.5152091
3027.0,3027.0,0.1903535
3028.0,3028.0,0.33524606
3029.0,3029.0,0.44036382
3030.0,3030.0,0.657085
3031.0,3031.0,0.3387112
3032.0,3032.0,0.4843722
3033.0,3033.0,0.062878035
3034.0,3034.0,0.49157736
3035.0,3035.0,0.022340463
3036.0,3036.0,0.37173858
3037.0,3037.0,0.2649682
3038.0,3038.0,0.3155388
3039.0,3039.0,0.3887154
3040.0,3040.0,0.06857959
3041.0,3041.0,0.34502512
3042.0,3042.0,0.4646408
3043.0,3043.0,0.29205328
3044.0,3044.0,0.08117978
3045.0,3045.0,0.49327245
3046.0,3046.0,0.3766109
3047.0,3047.0,0.39657596
3048.0,3048.0,0.405562
3049.0,3049.0,0.18385957
3050.0,3050.0,0.3304836
3051.0,3051.0,0.60889786
3052.0,3052.0,0.54982436
3053.0,3053.0,0.60510683
3054.0,3054.0,0.29028738
3055.0,3055.0,0.025028517
3056.0,3056.0,0.35760292
3057.0,3057.0,0.43545365
3058.0,3058.0,0.2849861
3059.0,3059.0,0.2925704
3060.0,3060.0,0.28464296
3061.0,3061.0,0.621736
3062.0,3062.0,0.45349184
3063.0,3063.0,0.024904503
3064.0,3064.0,0.47074854
3065.0,3065.0,0.06857959
3066.0,3066.0,0.5166484
3067.0,3067.0,0.48685786
3068.0,3068.0,0.4163076
3069.0,3069.0,0.32461828
3070.0,3070.0,0.38642848
3071.0,3071.0,0.6393657
3072.0,3072.0,0.15590884
3073.0,3073.0,0.35619184
3074.0,3074.0,0.3159568
3075.0,3075.0,0.15249465
3076.0,3076.0,0.48621145
3077.0,3077.0,0.30586466
3078.0,3078.0,0.33636406
3079.0,3079.0,0.46458432
3080.0,3080.0,0.4593267
3081.0,3081.0,0.42868134
3082.0,3082.0,0.1972539
3083.0,3083.0,0.29170287
3084.0,3084.0,0.18929935
3085.0,3085.0,0.4689239
3086.0,3086.0,0.54519206
3087.0,3087.0,0.48878795
3088.0,3088.0,0.29551962
3089.0,3089.0,0.3401482
3090.0,3090.0,0.31209368
3091.0,3091.0,0.14045168
3092.0,3092.0,0.44209126
3093.0,3093.0,0.6084649
3094.0,3094.0,0.3952684
3095.0,3095.0,0.5292164
3096.0,3096.0,0.073812194
3097.0,3097.0,0.3017819
3098.0,3098.0,0.4628538
3099.0,3099.0,0.64098716
3100.0,3100.0,0.33134246
3101.0,3101.0,0.56975305
3102.0,3102.0,0.3862761
3103.0,3103.0,0.36744362
3104.0,3104.0,0.3318553
3105.0,3105.0,0.39553425
3106.0,3106.0,0.27468166
3107.0,3107.0,0.35760292
3108.0,3108.0,0.65860397
3109.0,3109.0,0.40601668
3110.0,3110.0,0.21988592
3111.0,3111.0,0.38837302
3112.0,3112.0,0.3819901
3113.0,3113.0,0.4232895
3114.0,3114.0,0.47913364
3115.0,3115.0,0.60593045
3116.0,3116.0,0.1853044
3117.0,3117.0,0.37564427
3118.0,3118.0,0.4195081
3119.0,3119.0,0.557222
3120.0,3120.0,0.5081779
3121.0,3121.0,0.52753735
3122.0,3122.0,0.3291433
3123.0,3123.0,0.3819901
3124.0,3124.0,0.2919446
3125.0,3125.0,0.43566337
3126.0,3126.0,0.44599155
3127.0,3127.0,0.502823
3128.0,3128.0,0.15104674
3129.0,3129.0,0.19498007
3130.0,3130.0,0.36841503
3131.0,3131.0,0.15574577
3132.0,3132.0,0.64630204
3133.0,3133.0,0.4688016
3134.0,3134.0,0.48354396
3135.0,3135.0,0.3028845
3136.0,3136.0,0.4754221
3137.0,3137.0,0.3900023
3138.0,3138.0,0.28927016
3139.0,3139.0,0.53572136
3140.0,3140.0,0.29244393
3141.0,3141.0,0.4914956
3142.0,3142.0,0.18568583
3143.0,3143.0,0.16738538
3144.0,3144.0,0.40225857
3145.0,3145.0,0.60764617
3146.0,3146.0,0.2927962
3147.0,3147.0,0.5692313
3148.0,3148.0,0.39523032
3149.0,3149.0,0.21369945
3150.0,3150.0,0.48556173
3151.0,3151.0,0.41521117
3152.0,3152.0,0.55678105
3153.0,3153.0,0.6200619
3154.0,3154.0,0.5735397
3155.0,3155.0,0.15678297
3156.0,3156.0,0.49911413
3157.0,3157.0,0.54511094
3158.0,3158.0,0.36782178
3159.0,3159.0,0.48197135
3160.0,3160.0,0.33524692
3161.0,3161.0,0.43121088
3162.0,3162.0,0.4620005
3163.0,3163.0,0.48635337
3164.0,3164.0,0.19767264
3165.0,3165.0,0.29811975
3166.0,3166.0,0.4520753
3167.0,3167.0,0.28791302
3168.0,3168.0,0.014589576
3169.0,3169.0,0.35619184
3170.0,3170.0,0.54676676
3171.0,3171.0,0.27485391
3172.0,3172.0,0.4998889
3173.0,3173.0,0.32750884
3174.0,3174.0,0.5216342
3175.0,3175.0,0.58399844
3176.0,3176.0,0.18315616
3177.0,3177.0,0.15165322
3178.0,3178.0,0.17265508
3179.0,3179.0,0.3133184
3180.0,3180.0,0.5499601
3181.0,3181.0,0.39523032
3182.0,3182.0,0.5914269
3183.0,3183.0,0.63605404
3184.0,3184.0,0.15821396
3185.0,3185.0,0.44781962
3186.0,3186.0,0.32699597
3187.0,3187.0,0.20017837
3188.0,3188.0,0.49441177
3189.0,3189.0,0.4638525
3190.0,3190.0,0.16469133
3191.0,3191.0,0.18687122
3192.0,3192.0,0.5178395
3193.0,3193.0,0.12597427
3194.0,3194.0,0.2788712
3195.0,3195.0,0.51229644
3196.0,3196.0,0.53216517
3197.0,3197.0,0.7396284
3198.0,3198.0,0.53896815
3199.0,3199.0,0.12945165
3200.0,3200.0,0.40751624
3201.0,3201.0,0.16727832
3202.0,3202.0,0.38070977
3203.0,3203.0,0.43869856
3204.0,3204.0,0.568331
3205.0,3205.0,0.12861383
3206.0,3206.0,0.23352766
3207.0,3207.0,0.318166
3208.0,3208.0,0.39528573
3209.0,3209.0,0.42212296
3210.0,3210.0,0.42514515
3211.0,3211.0,0.18697275
3212.0,3212.0,0.3142883
3213.0,3213.0,0.31551248
3214.0,3214.0,0.36841503
3215.0,3215.0,0.56640095
3216.0,3216.0,0.3393955
3217.0,3217.0,0.42889786
3218.0,3218.0,0.29937977
3219.0,3219.0,0.47964495
3220.0,3220.0,0.63399816
3221.0,3221.0,0.39019638
3222.0,3222.0,0.30466554
3223.0,3223.0,0.599547
3224.0,3224.0,0.36284006
3225.0,3225.0,0.054383893
3226.0,3226.0,0.39479446
3227.0,3227.0,0.6426655
3228.0,3228.0,0.6365011
3229.0,3229.0,0.28060922
3230.0,3230.0,0.62823904
3231.0,3231.0,0.052692156
3232.0,3232.0,0.4152574
3233.0,3233.0,0.26946703
3234.0,3234.0,0.38701606
3235.0,3235.0,0.54219997
3236.0,3236.0,0.38268027
3237.0,3237.0,0.51383096
3238.0,3238.0,0.3335303
3239.0,3239.0,0.5991102
3240.0,3240.0,0.3558932
3241.0,3241.0,0.062878035
3242.0,3242.0,0.47063786
3243.0,3243.0,0.527051
3244.0,3244.0,0.24549219
3245.0,3245.0,0.46376938
3246.0,3246.0,0.4117904
3247.0,3247.0,0.5969769
3248.0,3248.0,0.1572848
3249.0,3249.0,0.10922733
3250.0,3250.0,0.30866918
3251.0,3251.0,0.32894334
3252.0,3252.0,0.19720554
3253.0,3253.0,0.47790524
3254.0,3254.0,0.4022663
3255.0,3255.0,0.56753314
3256.0,3256.0,0.46368116
3257.0,3257.0,0.32741073
3258.0,3258.0,0.39019638
3259.0,3259.0,0.36415786
3260.0,3260.0,0.2209044
3261.0,3261.0,0.45864668
3262.0,3262.0,0.013521647
3263.0,3263.0,0.29818007
3264.0,3264.0,0.15065628
3265.0,3265.0,0.2978979
3266.0,3266.0,0.29309282
3267.0,3267.0,0.43808347
3268.0,3268.0,0.39171556
3269.0,3269.0,0.320758
3270.0,3270.0,0.53216517
3271.0,3271.0,0.023850413
3272.0,3272.0,0.35875422
3273.0,3273.0,0.30466554
3274.0,3274.0,0.26129523
3275.0,3275.0,0.4308354
3276.0,3276.0,0.2942939
3277.0,3277.0,0.5838994
3278.0,3278.0,0.47613496
3279.0,3279.0,0.16781986
3280.0,3280.0,0.5568278
3281.0,3281.0,0.37571797
3282.0,3282.0,0.52193165
3283.0,3283.0,0.60638785
3284.0,3284.0,0.34038317
3285.0,3285.0,0.37957704
3286.0,3286.0,0.33882087
3287.0,3287.0,0.35875422
3288.0,3288.0,0.065385126
3289.0,3289.0,0.2012452
3290.0,3290.0,0.14599048
3291.0,3291.0,0.24694094
3292.0,3292.0,0.38333654
3293.0,3293.0,0.5538023
3294.0,3294.0,0.58674574
3295.0,3295.0,0.28912428
3296.0,3296.0,0.3870669
3297.0,3297.0,0.57803273
3298.0,3298.0,0.53713167
3299.0,3299.0,0.2436752
3300.0,3300.0,0.5307918
3301.0,3301.0,0.47457805
3302.0,3302.0,0.21499021
3303.0,3303.0,0.51753986
3304.0,3304.0,0.47656384
3305.0,3305.0,0.32215884
3306.0,3306.0,0.59755075
3307.0,3307.0,0.57235175
3308.0,3308.0,0.21770619
3309.0,3309.0,0.31112036
3310.0,3310.0,0.5118853
3311.0,3311.0,0.1853807
3312.0,3312.0,0.6221722
3313.0,3313.0,0.17929508
3314.0,3314.0,0.1657565
3315.0,3315.0,0.13612488
3316.0,3316.0,0.3162041
3317.0,3317.0,0.16637178
3318.0,3318.0,0.5650196
3319.0,3319.0,0.37342158
3320.0,3320.0,0.5029811
3321.0,3321.0,0.44016948
3322.0,3322.0,0.27457637
3323.0,3323.0,0.6671576
3324.0,3324.0,0.5267578
3325.0,3325.0,0.4925619
3326.0,3326.0,0.3558865
3327.0,3327.0,0.5958513
3328.0,3328.0,0.56735647
3329.0,3329.0,0.3249637
3330.0,3330.0,0.418192
3331.0,3331.0,0.40166447
3332.0,3332.0,0.4197842
3333.0,3333.0,0.43363836
3334.0,3334.0,0.55332273
3335.0,3335.0,0.02227855
3336.0,3336.0,0.5154923
3337.0,3337.0,0.55773115
3338.0,3338.0,0.6612405
3339.0,3339.0,0.2979337
3340.0,3340.0,0.16110545
3341.0,3341.0,0.34100458
3342.0,3342.0,0.49496415
3343.0,3343.0,0.19687672
3344.0,3344.0,0.31879473
3345.0,3345.0,0.2758422
3346.0,3346.0,0.32082656
3347.0,3347.0,0.5890297
3348.0,3348.0,0.46569878
3349.0,3349.0,0.094309576
3350.0,3350.0,0.54511094
3351.0,3351.0,0.49913406
3352.0,3352.0,0.6260653
3353.0,3353.0,0.5569518
3354.0,3354.0,0.34576693
3355.0,3355.0,0.4942452
3356.0,3356.0,0.40166447
3357.0,3357.0,0.46279788
3358.0,3358.0,0.5448605
3359.0,3359.0,0.29818007
3360.0,3360.0,0.31402177
3361.0,3361.0,0.5769007
3362.0,3362.0,0.29740986
3363.0,3363.0,0.33622035
3364.0,3364.0,0.58556235
3365.0,3365.0,0.06950079
3366.0,3366.0,0.24835582
3367.0,3367.0,0.44826385
3368.0,3368.0,0.52320343
3369.0,3369.0,0.5812569
3370.0,3370.0,0.3605399
3371.0,3371.0,0.15487316
3372.0,3372.0,0.6365123
3373.0,3373.0,0.33874133
3374.0,3374.0,0.46852642
3375.0,3375.0,0.4944266
3376.0,3376.0,0.6000935
3377.0,3377.0,0.66435754
3378.0,3378.0,0.65296173
3379.0,3379.0,0.5303435
3380.0,3380.0,0.65312195
3381.0,3381.0,0.37233132
3382.0,3382.0,0.33251232
3383.0,3383.0,0.46669737
3384.0,3384.0,0.56210065
3385.0,3385.0,0.60052043
3386.0,3386.0,0.5905546
3387.0,3387.0,0.41046062
3388.0,3388.0,0.4386172
3389.0,3389.0,0.024974301
3390.0,3390.0,0.52801865
3391.0,3391.0,0.26439515
3392.0,3392.0,0.5177657
3393.0,3393.0,0.2582189
3394.0,3394.0,0.1769737
3395.0,3395.0,0.52401155
3396.0,3396.0,0.30281624
3397.0,3397.0,0.29752025
3398.0,3398.0,0.53833985
3399.0,3399.0,0.25737077
3400.0,3400.0,0.55773115
3401.0,3401.0,0.4676958
3402.0,3402.0,0.34844065
3403.0,3403.0,0.4934969
3404.0,3404.0,0.31096053
3405.0,3405.0,0.65604794
3406.0,3406.0,0.16222015
3407.0,3407.0,0.31587565
3408.0,3408.0,0.45149228
3409.0,3409.0,0.670622
3410.0,3410.0,0.34093225
3411.0,3411.0,0.49583402
3412.0,3412.0,0.5113045
3413.0,3413.0,0.39796972
3414.0,3414.0,0.35585374
3415.0,3415.0,0.4380492
3416.0,3416.0,0.2253182
3417.0,3417.0,0.6451321
3418.0,3418.0,0.509352
3419.0,3419.0,0.5735397
3420.0,3420.0,0.4350476
3421.0,3421.0,0.16062696
3422.0,3422.0,0.516191
3423.0,3423.0,0.6272699
3424.0,3424.0,0.5107313
3425.0,3425.0,0.08303483
3426.0,3426.0,0.30505732
3427.0,3427.0,0.15772168
3428.0,3428.0,0.47845635
3429.0,3429.0,0.5314876
3430.0,3430.0,0.2012452
3431.0,3431.0,0.47027287
3432.0,3432.0,0.26429385
3433.0,3433.0,0.65652734
3434.0,3434.0,0.56173176
3435.0,3435.0,0.4832816
3436.0,3436.0,0.15671453
3437.0,3437.0,0.49615514
3438.0,3438.0,0.5737788
3439.0,3439.0,0.2752262
3440.0,3440.0,0.3148184
3441.0,3441.0,0.27342278
3442.0,3442.0,0.2788712
3443.0,3443.0,0.3498094
3444.0,3444.0,0.65279275
3445.0,3445.0,0.42311338
3446.0,3446.0,0.51988703
3447.0,3447.0,0.6341724
3448.0,3448.0,0.3753164
3449.0,3449.0,0.16087227
3450.0,3450.0,0.11153196
3451.0,3451.0,0.27173135
3452.0,3452.0,0.5850828
3453.0,3453.0,0.1132869
3454.0,3454.0,0.48185712
3455.0,3455.0,0.32926375
3456.0,3456.0,0.2012452
3457.0,3457.0,0.15822499
3458.0,3458.0,0.28761378
3459.0,3459.0,0.15821396
3460.0,3460.0,0.66591537
3461.0,3461.0,0.4336568
3462.0,3462.0,0.5323486
3463.0,3463.0,0.4463518
3464.0,3464.0,0.3430085
3465.0,3465.0,0.16081071
3466.0,3466.0,0.20175713
3467.0,3467.0,0.45864668
3468.0,3468.0,0.49849957
3469.0,3469.0,0.583696
3470.0,3470.0,0.5326622
3471.0,3471.0,0.19223621
3472.0,3472.0,0.15541297
3473.0,3473.0,0.32958338
3474.0,3474.0,0.02227855
3475.0,3475.0,0.31068662
3476.0,3476.0,0.29770166
3477.0,3477.0,0.456367
3478.0,3478.0,0.65756637
3479.0,3479.0,0.4334765
3480.0,3480.0,0.19011915
3481.0,3481.0,0.63997245
3482.0,3482.0,0.5758738
3483.0,3483.0,0.5265063
3484.0,3484.0,0.42878416
3485.0,3485.0,0.4380517
3486.0,3486.0,0.5859144
3487.0,3487.0,0.3430085
3488.0,3488.0,0.3479222
3489.0,3489.0,0.34219283
3490.0,3490.0,0.60733527
3491.0,3491.0,0.6165268
3492.0,3492.0,0.5142015
3493.0,3493.0,0.02494328
3494.0,3494.0,0.5952999
3495.0,3495.0,0.5293882
3496.0,3496.0,0.395295
3497.0,3497.0,0.35602644
3498.0,3498.0,0.41718003
3499.0,3499.0,0.2850709
3500.0,3500.0,0.2599931
3501.0,3501.0,0.40933535
3502.0,3502.0,0.09003144
3503.0,3503.0,0.42878416
3504.0,3504.0,0.28229752
3505.0,3505.0,0.6730708
3506.0,3506.0,0.3605399
3507.0,3507.0,0.64895225
3508.0,3508.0,0.41533992
3509.0,3509.0,0.44243193
3510.0,3510.0,0.418192
3511.0,3511.0,0.59102917
3512.0,3512.0,0.43104824
3513.0,3513.0,0.4163076
3514.0,3514.0,0.5422347
3515.0,3515.0,0.10861771
3516.0,3516.0,0.024873937
3517.0,3517.0,0.38785115
3518.0,3518.0,0.33134615
3519.0,3519.0,0.29818007
3520.0,3520.0,0.36744362
3521.0,3521.0,0.54392093
3522.0,3522.0,0.51145995
3523.0,3523.0,0.5940328
3524.0,3524.0,0.3383076
3525.0,3525.0,0.26429385
3526.0,3526.0,0.3139816
3527.0,3527.0,0.021618003
3528.0,3528.0,0.48248047
3529.0,3529.0,0.5329071
3530.0,3530.0,0.5431012
3531.0,3531.0,0.3630161
3532.0,3532.0,0.70812494
3533.0,3533.0,0.084377244
3534.0,3534.0,0.2874696
3535.0,3535.0,0.434091
3536.0,3536.0,0.36317953
3537.0,3537.0,0.37167683
3538.0,3538.0,0.49615514
3539.0,3539.0,0.20959082
3540.0,3540.0,0.42871925
3541.0,3541.0,0.5037976
3542.0,3542.0,0.5103566
3543.0,3543.0,0.63378197
3544.0,3544.0,0.08334611
3545.0,3545.0,0.48247477
3546.0,3546.0,0.17034994
3547.0,3547.0,0.27457637
3548.0,3548.0,0.49173197
3549.0,3549.0,0.4156444
3550.0,3550.0,0.6365011
3551.0,3551.0,0.45297423
3552.0,3552.0,0.2675185
3553.0,3553.0,0.15961492
3554.0,3554.0,0.42878416
3555.0,3555.0,0.63657516
3556.0,3556.0,0.19220904
3557.0,3557.0,0.6111651
3558.0,3558.0,0.089399174
3559.0,3559.0,0.632084
3560.0,3560.0,0.55378115
3561.0,3561.0,0.34807247
3562.0,3562.0,0.56930864
3563.0,3563.0,0.41611582
3564.0,3564.0,0.31287953
3565.0,3565.0,0.54511094
3566.0,3566.0,0.67243904
3567.0,3567.0,0.54051894
3568.0,3568.0,0.26603863
3569.0,3569.0,0.27173135
3570.0,3570.0,0.49413803
3571.0,3571.0,0.27986625
3572.0,3572.0,0.29818007
3573.0,3573.0,0.6365011
3574.0,3574.0,0.5735397
3575.0,3575.0,0.3155388
3576.0,3576.0,0.29820678
3577.0,3577.0,0.19261697
3578.0,3578.0,0.2950948
3579.0,3579.0,0.4558162
3580.0,3580.0,0.38067615
3581.0,3581.0,0.4730829
3582.0,3582.0,0.53290653
3583.0,3583.0,0.62874305
3584.0,3584.0,0.418192
3585.0,3585.0,0.6317661
3586.0,3586.0,0.32174262
3587.0,3587.0,0.6023249
3588.0,3588.0,0.531468
3589.0,3589.0,0.44485018
3590.0,3590.0,0.43738756
3591.0,3591.0,0.46571696
3592.0,3592.0,0.2848784
3593.0,3593.0,0.33634207
3594.0,3594.0,0.16165219
3595.0,3595.0,0.29607877
3596.0,3596.0,0.28197616
3597.0,3597.0,0.6323587
3598.0,3598.0,0.50229627
3599.0,3599.0,0.48618877
3600.0,3600.0,0.5827475
3601.0,3601.0,0.09105071
3602.0,3602.0,0.30169237
3603.0,3603.0,0.28634968
3604.0,3604.0,0.48471963
3605.0,3605.0,0.5591686
3606.0,3606.0,0.062878035
3607.0,3607.0,0.052315433
3608.0,3608.0,0.3467001
3609.0,3609.0,0.4380492
3610.0,3610.0,0.39737025
3611.0,3611.0,0.40166447
3612.0,3612.0,0.31229138
3613.0,3613.0,0.31384364
3614.0,3614.0,0.36883894
3615.0,3615.0,0.6143428
3616.0,3616.0,0.5735397
3617.0,3617.0,0.46711826
3618.0,3618.0,0.5350374
3619.0,3619.0,0.40296164
3620.0,3620.0,0.63657516
3621.0,3621.0,0.51869535
3622.0,3622.0,0.54219997
3623.0,3623.0,0.293114
3624.0,3624.0,0.4612356
3625.0,3625.0,0.395295
3626.0,3626.0,0.6246749
3627.0,3627.0,0.46529388
3628.0,3628.0,0.34006426
3629.0,3629.0,0.44174704
3630.0,3630.0,0.6965353
3631.0,3631.0,0.54505336
3632.0,3632.0,0.532841
3633.0,3633.0,0.14483647
3634.0,3634.0,0.2675185
3635.0,3635.0,0.052216668
3636.0,3636.0,0.320364
3637.0,3637.0,0.26216868
3638.0,3638.0,0.395295
3639.0,3639.0,0.6590825
3640.0,3640.0,0.3501629
3641.0,3641.0,0.3586036
3642.0,3642.0,0.43363836
3643.0,3643.0,0.44297838
3644.0,3644.0,0.61983275
3645.0,3645.0,0.27023426
3646.0,3646.0,0.5152097
3647.0,3647.0,0.32007453
3648.0,3648.0,0.27152798
3649.0,3649.0,0.57538867
3650.0,3650.0,0.56370175
3651.0,3651.0,0.25790885
3652.0,3652.0,0.17834648
3653.0,3653.0,0.2849861
3654.0,3654.0,0.17929508
3655.0,3655.0,0.3868032
3656.0,3656.0,0.06950079
3657.0,3657.0,0.14045168
3658.0,3658.0,0.6316162
3659.0,3659.0,0.3614739
3660.0,3660.0,0.065385126
3661.0,3661.0,0.2982168
3662.0,3662.0,0.4662058
3663.0,3663.0,0.31788698
3664.0,3664.0,0.022437437
3665.0,3665.0,0.5312926
3666.0,3666.0,0.27231696
3667.0,3667.0,0.56300783
3668.0,3668.0,0.31040534
3669.0,3669.0,0.34207383
3670.0,3670.0,0.5199098
3671.0,3671.0,0.3401482
3672.0,3672.0,0.63750255
3673.0,3673.0,0.5743157
3674.0,3674.0,0.35760292
3675.0,3675.0,0.45441788
3676.0,3676.0,0.63138926
3677.0,3677.0,0.58100253
3678.0,3678.0,0.4100724
3679.0,3679.0,0.28906488
3680.0,3680.0,0.43799698
3681.0,3681.0,0.6097609
3682.0,3682.0,0.540916
3683.0,3683.0,0.5437131
3684.0,3684.0,0.6804121
3685.0,3685.0,0.54685515
3686.0,3686.0,0.2978161
3687.0,3687.0,0.31209368
3688.0,3688.0,0.19459309
3689.0,3689.0,0.022211384
3690.0,3690.0,0.65736043
3691.0,3691.0,0.3928895
3692.0,3692.0,0.39298657
3693.0,3693.0,0.086918995
3694.0,3694.0,0.35760292
3695.0,3695.0,0.6361493
3696.0,3696.0,0.34689602
3697.0,3697.0,0.6337475
3698.0,3698.0,0.5578322
3699.0,3699.0,0.63443184
3700.0,3700.0,0.6394181
3701.0,3701.0,0.40477756
3702.0,3702.0,0.2634257
3703.0,3703.0,0.6378172
3704.0,3704.0,0.3054099
3705.0,3705.0,0.5157678
3706.0,3706.0,0.36116052
3707.0,3707.0,0.39892522
3708.0,3708.0,0.56953543
3709.0,3709.0,0.597349
3710.0,3710.0,0.6351217
3711.0,3711.0,0.5700858
3712.0,3712.0,0.27457637
3713.0,3713.0,0.56649643
3714.0,3714.0,0.58480555
3715.0,3715.0,0.47986436
3716.0,3716.0,0.4392145
3717.0,3717.0,0.38642848
3718.0,3718.0,0.3752863
3719.0,3719.0,0.5726202
3720.0,3720.0,0.14590666
3721.0,3721.0,0.09137955
3722.0,3722.0,0.63399816
3723.0,3723.0,0.5268145
3724.0,3724.0,0.37370878
3725.0,3725.0,0.23352766
3726.0,3726.0,0.46200463
3727.0,3727.0,0.42716888
3728.0,3728.0,0.41748804
3729.0,3729.0,0.50794303
3730.0,3730.0,0.39523032
3731.0,3731.0,0.42374417
3732.0,3732.0,0.32960832
3733.0,3733.0,0.48043114
3734.0,3734.0,0.12863484
3735.0,3735.0,0.3871359
3736.0,3736.0,0.38606268
3737.0,3737.0,0.09804687
3738.0,3738.0,0.20959082
3739.0,3739.0,0.62963057
3740.0,3740.0,0.49730605
3741.0,3741.0,0.5719625
3742.0,3742.0,0.43461105
3743.0,3743.0,0.07098243
3744.0,3744.0,0.03103532
3745.0,3745.0,0.43698046
3746.0,3746.0,0.5538023
3747.0,3747.0,0.36372933
3748.0,3748.0,0.021932704
3749.0,3749.0,0.15821396
3750.0,3750.0,0.021592112
3751.0,3751.0,0.5499601
3752.0,3752.0,0.013534108
3753.0,3753.0,0.29818007
3754.0,3754.0,0.26429385
3755.0,3755.0,0.18809992
3756.0,3756.0,0.6531446
3757.0,3757.0,0.34455344
3758.0,3758.0,0.39556444
3759.0,3759.0,0.43476287
3760.0,3760.0,0.46807292
3761.0,3761.0,0.30933374
3762.0,3762.0,0.2010677
3763.0,3763.0,0.5748643
3764.0,3764.0,0.3028205
3765.0,3765.0,0.29147887
3766.0,3766.0,0.18246086
3767.0,3767.0,0.022547001
3768.0,3768.0,0.27435604
3769.0,3769.0,0.3316698
3770.0,3770.0,0.59550494
3771.0,3771.0,0.6679858
3772.0,3772.0,0.08975625
3773.0,3773.0,0.05480614
3774.0,3774.0,0.02211839
3775.0,3775.0,0.30150038
3776.0,3776.0,0.57120156
3777.0,3777.0,0.39773622
3778.0,3778.0,0.16576116
3779.0,3779.0,0.4656257
3780.0,3780.0,0.64038754
3781.0,3781.0,0.3909025
3782.0,3782.0,0.43630165
3783.0,3783.0,0.16680716
3784.0,3784.0,0.082379155
3785.0,3785.0,0.53290653
3786.0,3786.0,0.5635157
3787.0,3787.0,0.21556203
3788.0,3788.0,0.54982436
3789.0,3789.0,0.3285167
3790.0,3790.0,0.6190999
3791.0,3791.0,0.6553374
3792.0,3792.0,0.5314646
3793.0,3793.0,0.14504327
3794.0,3794.0,0.39888456
3795.0,3795.0,0.46581173
3796.0,3796.0,0.48984793
3797.0,3797.0,0.35619184
3798.0,3798.0,0.40510187
3799.0,3799.0,0.20415214
3800.0,3800.0,0.064523034
3801.0,3801.0,0.6064357
3802.0,3802.0,0.44116786
3803.0,3803.0,0.1769737
3804.0,3804.0,0.4308354
3805.0,3805.0,0.61974466
3806.0,3806.0,0.5164109
3807.0,3807.0,0.6049354
3808.0,3808.0,0.02242913
3809.0,3809.0,0.5436031
3810.0,3810.0,0.31283176
3811.0,3811.0,0.66725165
3812.0,3812.0,0.5839474
3813.0,3813.0,0.1615022
3814.0,3814.0,0.39231792
3815.0,3815.0,0.3128809
3816.0,3816.0,0.3819901
3817.0,3817.0,0.52017236
3818.0,3818.0,0.6411981
3819.0,3819.0,0.022441382
3820.0,3820.0,0.062878035
3821.0,3821.0,0.4160877
3822.0,3822.0,0.5931293
3823.0,3823.0,0.30466554
3824.0,3824.0,0.32174262
3825.0,3825.0,0.278948
3826.0,3826.0,0.4373944
3827.0,3827.0,0.35659844
3828.0,3828.0,0.43363836
3829.0,3829.0,0.15963604
3830.0,3830.0,0.57099205
3831.0,3831.0,0.45786506
3832.0,3832.0,0.41909662
3833.0,3833.0,0.66185945
3834.0,3834.0,0.33810338
3835.0,3835.0,0.3494325
3836.0,3836.0,0.24564925
3837.0,3837.0,0.070117064
3838.0,3838.0,0.2848784
3839.0,3839.0,0.33754015
3840.0,3840.0,0.4163076
3841.0,3841.0,0.39556444
3842.0,3842.0,0.31126976
3843.0,3843.0,0.32126153
3844.0,3844.0,0.16727625
3845.0,3845.0,0.50548726
3846.0,3846.0,0.10554263
3847.0,3847.0,0.47176757
3848.0,3848.0,0.2675185
3849.0,3849.0,0.2748046
3850.0,3850.0,0.54681414
3851.0,3851.0,0.56862223
3852.0,3852.0,0.62972856
3853.0,3853.0,0.5989271
3854.0,3854.0,0.63331896
3855.0,3855.0,0.32540178
3856.0,3856.0,0.20992163
3857.0,3857.0,0.4666917
3858.0,3858.0,0.4558162
3859.0,3859.0,0.314625
3860.0,3860.0,0.42394027
3861.0,3861.0,0.5096756
3862.0,3862.0,0.14495741
3863.0,3863.0,0.381078
3864.0,3864.0,0.573246
3865.0,3865.0,0.3220606
3866.0,3866.0,0.50229627
3867.0,3867.0,0.65611935
3868.0,3868.0,0.42289662
3869.0,3869.0,0.5314646
3870.0,3870.0,0.2012452
3871.0,3871.0,0.4924858
3872.0,3872.0,0.58542997
3873.0,3873.0,0.48130843
3874.0,3874.0,0.36610156
3875.0,3875.0,0.2979337
3876.0,3876.0,0.43415087
3877.0,3877.0,0.33864707
3878.0,3878.0,0.6392114
3879.0,3879.0,0.021932704
3880.0,3880.0,0.39926657
3881.0,3881.0,0.4689446
3882.0,3882.0,0.51146454
3883.0,3883.0,0.26615024
3884.0,3884.0,0.40125242
3885.0,3885.0,0.14528836
3886.0,3886.0,0.55009437
3887.0,3887.0,0.4308354
3888.0,3888.0,0.014589576
3889.0,3889.0,0.5986681
3890.0,3890.0,0.5538023
3891.0,3891.0,0.62996024
3892.0,3892.0,0.37241152
3893.0,3893.0,0.54158604
3894.0,3894.0,0.24549219
3895.0,3895.0,0.5577046
3896.0,3896.0,0.47522482
3897.0,3897.0,0.15292563
3898.0,3898.0,0.6052915
3899.0,3899.0,0.69509214
3900.0,3900.0,0.22856615
3901.0,3901.0,0.06807026
3902.0,3902.0,0.38005766
3903.0,3903.0,0.053745754
3904.0,3904.0,0.30024788
3905.0,3905.0,0.36816207
3906.0,3906.0,0.16790017
3907.0,3907.0,0.35875422
3908.0,3908.0,0.28197616
3909.0,3909.0,0.5205605
3910.0,3910.0,0.533057
3911.0,3911.0,0.40132415
3912.0,3912.0,0.62956315
3913.0,3913.0,0.36327314
3914.0,3914.0,0.24556679
3915.0,3915.0,0.47610295
3916.0,3916.0,0.3381618
3917.0,3917.0,0.2758422
3918.0,3918.0,0.16364864
3919.0,3919.0,0.20867608
3920.0,3920.0,0.62924427
3921.0,3921.0,0.5796042
3922.0,3922.0,0.052216668
3923.0,3923.0,0.29818007
3924.0,3924.0,0.2849861
3925.0,3925.0,0.66354054
3926.0,3926.0,0.062718794
3927.0,3927.0,0.33845282
3928.0,3928.0,0.1769737
3929.0,3929.0,0.22607301
3930.0,3930.0,0.16781986
3931.0,3931.0,0.4778024
3932.0,3932.0,0.16771491
3933.0,3933.0,0.44623724
3934.0,3934.0,0.38904577
3935.0,3935.0,0.5338973
3936.0,3936.0,0.29752025
3937.0,3937.0,0.07102451
3938.0,3938.0,0.17783424
3939.0,3939.0,0.44209126
3940.0,3940.0,0.61205477
3941.0,3941.0,0.33576524
3942.0,3942.0,0.3163014
3943.0,3943.0,0.33571035
3944.0,3944.0,0.41742706
3945.0,3945.0,0.06410463
3946.0,3946.0,0.4380492
3947.0,3947.0,0.3382934
3948.0,3948.0,0.4608343
3949.0,3949.0,0.58056307
3950.0,3950.0,0.2782889
3951.0,3951.0,0.3037717
3952.0,3952.0,0.23352766
3953.0,3953.0,0.013596194
3954.0,3954.0,0.27646357
3955.0,3955.0,0.62825656
3956.0,3956.0,0.17582892
3957.0,3957.0,0.36744362
3958.0,3958.0,0.1782557
3959.0,3959.0,0.170033
3960.0,3960.0,0.38861358
3961.0,3961.0,0.6495805
3962.0,3962.0,0.08935243
3963.0,3963.0,0.01035269
3964.0,3964.0,0.43911746
3965.0,3965.0,0.5379184
3966.0,3966.0,0.18825413
3967.0,3967.0,0.46589214
3968.0,3968.0,0.6312983
3969.0,3969.0,0.41261205
3970.0,3970.0,0.43707716
3971.0,3971.0,0.26603863
3972.0,3972.0,0.5075271
3973.0,3973.0,0.5333148
3974.0,3974.0,0.60696876
3975.0,3975.0,0.43545404
3976.0,3976.0,0.34408155
3977.0,3977.0,0.6427876
3978.0,3978.0,0.60011894
3979.0,3979.0,0.3162041
3980.0,3980.0,0.50166196
3981.0,3981.0,0.33642322
3982.0,3982.0,0.02283908
3983.0,3983.0,0.10196972
3984.0,3984.0,0.44098163
3985.0,3985.0,0.20513584
3986.0,3986.0,0.5210699
3987.0,3987.0,0.5640946
3988.0,3988.0,0.35659844
3989.0,3989.0,0.4834907
3990.0,3990.0,0.48557782
3991.0,3991.0,0.5556589
3992.0,3992.0,0.60506517
3993.0,3993.0,0.5300196
3994.0,3994.0,0.024873937
3995.0,3995.0,0.4154922
3996.0,3996.0,0.41100493
3997.0,3997.0,0.41191128
3998.0,3998.0,0.37571797
3999.0,3999.0,0.5363723
4000.0,4000.0,0.08264861
4001.0,4001.0,0.27811894
4002.0,4002.0,0.39505625
4003.0,4003.0,0.4995458
4004.0,4004.0,0.40300685
4005.0,4005.0,0.5263927
4006.0,4006.0,0.41814047
4007.0,4007.0,0.13402557
4008.0,4008.0,0.36984104
4009.0,4009.0,0.3033317
4010.0,4010.0,0.534197
4011.0,4011.0,0.4136388
4012.0,4012.0,0.4558162
4013.0,4013.0,0.4672938
4014.0,4014.0,0.36372933
4015.0,4015.0,0.13563348
4016.0,4016.0,0.024206238
4017.0,4017.0,0.3819901
4018.0,4018.0,0.49016908
4019.0,4019.0,0.47624883
4020.0,4020.0,0.2604416
4021.0,4021.0,0.7326028
4022.0,4022.0,0.58697987
4023.0,4023.0,0.51769435
4024.0,4024.0,0.55701965
4025.0,4025.0,0.3313995
4026.0,4026.0,0.32879907
4027.0,4027.0,0.054758836
4028.0,4028.0,0.4531587
4029.0,4029.0,0.39523032
4030.0,4030.0,0.44916308
4031.0,4031.0,0.65790224
4032.0,4032.0,0.33727556
4033.0,4033.0,0.3870669
4034.0,4034.0,0.5183991
4035.0,4035.0,0.54417485
4036.0,4036.0,0.32960832
4037.0,4037.0,0.6365011
4038.0,4038.0,0.1362637
4039.0,4039.0,0.5275533
4040.0,4040.0,0.65922314
4041.0,4041.0,0.3477219
4042.0,4042.0,0.60145414
4043.0,4043.0,0.102041036
4044.0,4044.0,0.5854411
4045.0,4045.0,0.29234093
4046.0,4046.0,0.5884467
4047.0,4047.0,0.39366677
4048.0,4048.0,0.48962903
4049.0,4049.0,0.579896
4050.0,4050.0,0.34455344
4051.0,4051.0,0.082400836
4052.0,4052.0,0.15607692
4053.0,4053.0,0.31236503
4054.0,4054.0,0.27971587
4055.0,4055.0,0.36841503
4056.0,4056.0,0.2649682
4057.0,4057.0,0.63399816
4058.0,4058.0,0.38669538
4059.0,4059.0,0.39773396
4060.0,4060.0,0.30329612
4061.0,4061.0,0.39523032
4062.0,4062.0,0.5163237
4063.0,4063.0,0.08971067
4064.0,4064.0,0.4517753
4065.0,4065.0,0.47126737
4066.0,4066.0,0.42044592
4067.0,4067.0,0.5481255
4068.0,4068.0,0.53388983
4069.0,4069.0,0.47789887
4070.0,4070.0,0.38943902
4071.0,4071.0,0.54545844
4072.0,4072.0,0.15666847
4073.0,4073.0,0.62701815
4074.0,4074.0,0.094309576
4075.0,4075.0,0.014589576
4076.0,4076.0,0.27327707
4077.0,4077.0,0.6056917
4078.0,4078.0,0.22825101
4079.0,4079.0,0.15549417
4080.0,4080.0,0.3360881
4081.0,4081.0,0.36064923
4082.0,4082.0,0.39414537
4083.0,4083.0,0.0915032
4084.0,4084.0,0.34815836
4085.0,4085.0,0.45988894
4086.0,4086.0,0.13504563
4087.0,4087.0,0.2649682
4088.0,4088.0,0.5538077
4089.0,4089.0,0.31209368
4090.0,4090.0,0.6235453
4091.0,4091.0,0.26603863
4092.0,4092.0,0.44630042
