<?xml version="1.0" encoding="utf-8"?>
<eml:eml xmlns:eml="eml://ecoinformatics.org/eml-2.1.1" xmlns:xsi="http://www.w3.org/2001/XMLSchema-instance"
         xsi:schemaLocation="eml://ecoinformatics.org/eml-2.1.1 http://rs.gbif.org/schema/eml-gbif-profile/1.1/eml.xsd"
        packageId="10.15468/dl.pl144i"  system="http://gbif.org" scope="system"
  xml:lang="en">

<dataset>
        <alternateIdentifier>0008842-181108115102211</alternateIdentifier>
    <title>GBIF Occurrence Download 10.15468/dl.pl144i</title>
    <creator>
    <individualName>
          <surName>GBIF Download Service</surName>
    </individualName>
<electronicMailAddress>support@gbif.org</electronicMailAddress>    </creator>
    <metadataProvider>
    <individualName>
          <surName>GBIF Download Service</surName>
    </individualName>
<electronicMailAddress>support@gbif.org</electronicMailAddress>    </metadataProvider>
      <pubDate>
      2018-11-26
      </pubDate>
    <language>ENGLISH</language>
    <abstract>
        <para>A dataset containing all occurrences available in GBIF matching the query:
TaxonKey: Rinodina isidioides (Borrer) H.Olivier or Micarea stipitata Coppins &amp; P.James or Menegazzia subsimilis (H.Magn.) R.Sant. or Menegazzia terebrata (Hoffm.) A.Massal. or Thelotrema macrosporum P.M.Jørg. &amp; P.James or Heterodermia speciosa (Wulfen) Trevis. or Staurolemma omphalarioides (Anzi) P.M.Jørg. &amp; Henssen or Bombyliospora pachycarpa (Duby) A.Massal. or Parmeliella testacea P.M.Jørg. or Ramalina sinensis Jatta or Gyalecta derivata (Nyl.) H.Olivier or Ramalina dilacerata (Hoffm.) Hoffm. or Cetrelia olivetorum (Nyl.) W.L.Culb. &amp; C.F.Culb. or Gyalecta flotowii Körb. or Gyalecta ulmi (Sw.) Zahlbr. or Physcia dimidiata (Arnold) Nyl. or Opegrapha vermicellifera (Kunze) J.R.Laundon or Rostania occultata (Bagl.) Otálora, P.M.Jørg. &amp; Wedin or Ramboldia subcinnabarina (Tønsberg) Kalb, Lumbsch &amp; Elix or Rinodina disjuncta Sheard &amp; Tønsberg or Cladonia krogiana Løfall &amp; Timdal or Physconia detersa (Nyl.) Poelt or Phaeophyscia kairamoi (Vain.) Moberg or Gyalecta truncigena (Ach.) Hepp or Cladonia callosa Delise ex Harm. or Pectenia cyanoloma (Schaer.) P.M.Jørg., L.Lindblom, Wedin &amp; Ekman or Collema curtisporum Degel. or Trapeliopsis wallrothii (Flörke) Hertel &amp; Gotth. Schneid. or Caloplaca demissa (Körb.) Arup &amp; Grube or Schismatomma pericleum (Ach.) Branth &amp; Rostr. 
Country: Norway 
HasCoordinate: TRUE
The dataset includes records from the following constituent datasets. The full metadata for each constituent is also included in this archive:
1 records from Royal Botanic Garden Edinburgh Herbarium (E)
1 records from Botany (UPS)
1 records from Rekartlegging av skog i Kvam i 2015 og 2016
1 records from The Lichen Collection at the Botanische Staatssammlung München
2 records from Herbarium of Umeå University (UME)
2 records from The New York Botanical Garden Herbarium (NY)
3 records from Lichen Herbarium Berlin
3 records from Verdivurdering naturmangfold E39 Stord-Os
3 records from KU E16 Slæn - Tvinno
3 records from Lichens along norwegian rivers
4 records from Faun
8 records from Rådgivende Biologer
11 records from Arizona State University Lichen Collection
11 records from Ecofact
11 records from NINA Artskart data
21 records from Lichen herbarium, Tromsø Museum
24 records from Lichen herbarium, NMBU
29 records from Lund Botanical Museum (LD)
52 records from Lichen field notes, Oslo (O)
168 records from Jordal
170 records from ARKO gamle edellauvtrær
242 records from Red list project inventory, lichens
434 records from Lichen herbarium, NTNU University Museum
686 records from Norwegian Species Observation Service
779 records from Lichen herbarium, UiB
1473 records from Lichen herbarium, Oslo (O)
2004 records from BioFokus
</para>
    </abstract>
      <contact>
    <individualName>
          <surName>GBIF Download Service</surName>
    </individualName>
<electronicMailAddress>support@gbif.org</electronicMailAddress>      </contact>

</dataset>

<additionalMetadata>
    <metadata>
      <gbif>
        <dateStamp>2018-11-26T10:43:15Z</dateStamp>
      <citation identifier="10.15468/dl.pl144i">GBIF Occurrence Download 10.15468/dl.pl144i</citation>
              <physical>
                  <objectName>Darwin Core Archive</objectName>
                  <characterEncoding>UTF-8</characterEncoding>
                  <dataFormat>
                      <externallyDefinedFormat>
                          <formatName>Darwin Core Archive</formatName>
                      </externallyDefinedFormat>
                  </dataFormat>
                  <distribution>
                      <online>
                          <url function="download">http://api.gbif.org/v1/occurrence/download/request/0008842-181108115102211.zip</url>
                      </online>
                  </distribution>
              </physical>
        </gbif>
    </metadata>
</additionalMetadata>

</eml:eml>
