<?xml version="1.0" encoding="utf-8"?>
<eml:eml xmlns:eml="eml://ecoinformatics.org/eml-2.1.1" xmlns:xsi="http://www.w3.org/2001/XMLSchema-instance"
         xsi:schemaLocation="eml://ecoinformatics.org/eml-2.1.1 http://rs.gbif.org/schema/eml-gbif-profile/1.1/eml.xsd"
        packageId="10.15468/dl.7eqijw"  system="http://gbif.org" scope="system"
  xml:lang="en">

<dataset>
        <alternateIdentifier>0008844-181108115102211</alternateIdentifier>
    <title>GBIF Occurrence Download 10.15468/dl.7eqijw</title>
    <creator>
    <individualName>
          <surName>GBIF Download Service</surName>
    </individualName>
<electronicMailAddress>support@gbif.org</electronicMailAddress>    </creator>
    <metadataProvider>
    <individualName>
          <surName>GBIF Download Service</surName>
    </individualName>
<electronicMailAddress>support@gbif.org</electronicMailAddress>    </metadataProvider>
      <pubDate>
      2018-11-26
      </pubDate>
    <language>ENGLISH</language>
    <abstract>
        <para>A dataset containing all occurrences available in GBIF matching the query:
TaxonKey: Sorbus lancifolia Hedl. or Botrychium matricariifolium (Döll) A. Br. ex Koch or Cinna latifolia Griseb. or Cotoneaster laxiflorus Jacq. ex Lindl. or Thalictrum simplex L. or Ophrys insectifera L. or Carlina vulgaris Bernh. ex Hornem. or Arnica montana L. or Epipogium aphyllum Sw. or Dactylorhiza sambucina (L.) Soó or Malus sylvestris Mill. or Sorbus meinichii (Lindeb.) Hedl. or Cypripedium calceolus L. or Sorbus subpinnata Hedlund or Vicia orobus DC. or Crepis praemorsa (L.) Walther or Thalictrum minus L. or Ulmus glabra Huds. or Taxus baccata L. or Sorbus sognensis Hedl. ex Sennikov, Hjertson &amp; Salvesen or Gentianella campestris (L.) Börner or Campanula cervicaria L. or Sorbus subarranensis Hyl. ex Sennikov, Hjertson &amp; Salvesen or Lithospermum officinale L. or Campanula barbata L. or Pseudorchis albida (L.) Á.Löve &amp; D.Löve or Scorzonera humilis L. or Allium scorodoprasum L. or Ajuga reptans L. or Sorbus neglecta Hedl. or Asperugo procumbens L. or Alchemilla oxyodonta (Buser) C.G.Westerlund or Galium sterneri Ehrend. or Vicia cassubica L. or Hackelia deflexa Opiz 
Country: Norway 
HasCoordinate: TRUE
The dataset includes records from the following constituent datasets. The full metadata for each constituent is also included in this archive:
1 records from Kystfuruskoger 2015
1 records from Nordic Genetic Resources
1 records from EURISCO, The European Genetic Resources Search Catalogue
1 records from The vascular plants collection (P) at the Herbarium of the Muséum national d&apos;Histoire Naturelle (MNHN - Paris)
1 records from Spredning av fremmede arter med planteimport til Norge
1 records from A global database for the distributions of crop wild relatives
1 records from Spredning av fremmede arter med tømmerimport til Norge
1 records from MBM - Herbário do Museu Botânico Municipal
1 records from Geneva Herbarium – De Candolle&apos;s Prodromus (G-DC)
1 records from The Vascular Plant Collection at the Botanische Staatssammlung München
2 records from Herbarium Senckenbergianum (FR)
2 records from Verdivurdering naturmangfold E39 Stord-Os
2 records from Royal Botanic Gardens, Kew - Herbarium Specimens
2 records from Artsrike vegkanter i Haugesund
2 records from Fremmede arter - Planteimport, Engebråten Planteskole
2 records from MEL AVH data
3 records from SWECO
3 records from iNaturalist Research-grade Observations
4 records from naturgucker
5 records from Naturalis Biodiversity Center (NL) - Botany
5 records from Species plots from the Norwegian Vegetation Mapping Programme
6 records from Verneplan Hjerkinn karplanter
6 records from Lindesnes
6 records from Tidlig oppdagelse og varsling av fremmede arter 2018
7 records from nnf_verdisetting_vestlandet
8 records from Kartlegging av dragehode
9 records from E39 Lyngdal - Ålgård
9 records from KU E16 Slæn - Tvinno
11 records from HUCS - Herbário da Universidade de Caxias do Sul
13 records from Royal Botanic Garden Edinburgh Herbarium (E)
15 records from TransForest vegetation data
16 records from Royal Botanic Garden Edinburgh Living Plant Collections (E)
22 records from Norwegian Biodiversity Information Centre - Other datasets
28 records from Stabbetorp - Floristiske registreringer 2016
33 records from Rådgivende Biologer
40 records from NINA botanical collection
62 records from Faun
69 records from Miljodir_naturtypekartlegging_2017
72 records from Ecofact
74 records from Oskarshamn herbarium (OHN)
86 records from Vascular Plants, Museum of Archaeology, University of Stavanger
117 records from Vascular Herbarium, NMBU
221 records from Red list project inventory, vascular plants
242 records from Gothenburg Herbarium - General (GBIF:IH:GB:Herbarium)
245 records from Lund Botanical Museum (LD)
257 records from Karplanter i vernet barskog og edelløvskog
545 records from ARKO kulturmarkseng
564 records from Vascular Plants, Observations, Oslo (O)
665 records from Vascular plant field notes, NTNU University Museum
783 records from Vascular Plants, Field notes, Agder naturmuseum (KMN)
978 records from Vascular Plant Herbarium, UiB
1060 records from Vascular plants in power line clearings and the nearby forest, southeast Norway
1213 records from Vascular plant herbarium, Tromsø Museum
1329 records from Vascular plant herbarium, Agder naturmuseum og botaniske hage
1486 records from Jordal
2235 records from Vascular plant herbarium, NTNU University Museum
5309 records from Vascular Plants, Field notes, Oslo (O)
6295 records from BioFokus
8030 records from Vascular Plant Herbarium, Oslo (O)
14906 records from Norwegian Species Observation Service
</para>
    </abstract>
      <contact>
    <individualName>
          <surName>GBIF Download Service</surName>
    </individualName>
<electronicMailAddress>support@gbif.org</electronicMailAddress>      </contact>

</dataset>

<additionalMetadata>
    <metadata>
      <gbif>
        <dateStamp>2018-11-26T10:45:18Z</dateStamp>
      <citation identifier="10.15468/dl.7eqijw">GBIF Occurrence Download 10.15468/dl.7eqijw</citation>
              <physical>
                  <objectName>Darwin Core Archive</objectName>
                  <characterEncoding>UTF-8</characterEncoding>
                  <dataFormat>
                      <externallyDefinedFormat>
                          <formatName>Darwin Core Archive</formatName>
                      </externallyDefinedFormat>
                  </dataFormat>
                  <distribution>
                      <online>
                          <url function="download">http://api.gbif.org/v1/occurrence/download/request/0008844-181108115102211.zip</url>
                      </online>
                  </distribution>
              </physical>
        </gbif>
    </metadata>
</additionalMetadata>

</eml:eml>
