x,y,species_2 logistic values
1.0,1.0,0.684314
2.0,2.0,0.69564235
3.0,3.0,0.2507108
4.0,4.0,0.5326803
5.0,5.0,0.20927064
6.0,6.0,0.39397612
7.0,7.0,0.13915108
8.0,8.0,0.22764748
9.0,9.0,0.6054039
10.0,10.0,0.20715448
11.0,11.0,0.21044433
12.0,12.0,0.120493345
13.0,13.0,0.35530365
14.0,14.0,0.16296741
15.0,15.0,0.07387991
16.0,16.0,0.2108829
17.0,17.0,0.29159442
18.0,18.0,0.06530523
19.0,19.0,0.46687135
20.0,20.0,0.16252224
21.0,21.0,0.33405742
22.0,22.0,0.60699993
23.0,23.0,0.35888484
24.0,24.0,0.47425553
25.0,25.0,0.36019874
26.0,26.0,0.29237118
27.0,27.0,0.70634216
28.0,28.0,0.25839764
29.0,29.0,0.112036444
30.0,30.0,0.4616781
31.0,31.0,0.16983822
32.0,32.0,0.53869647
33.0,33.0,0.081500284
34.0,34.0,0.2984374
35.0,35.0,0.27970934
36.0,36.0,0.35886875
37.0,37.0,0.59255177
38.0,38.0,0.21493086
39.0,39.0,0.0880885
40.0,40.0,0.12523298
41.0,41.0,0.1945423
42.0,42.0,0.40070277
43.0,43.0,0.40847582
44.0,44.0,0.35177824
45.0,45.0,0.17068706
46.0,46.0,0.409819
47.0,47.0,0.13279654
48.0,48.0,0.5100686
49.0,49.0,0.19133916
50.0,50.0,0.45219964
51.0,51.0,0.137529
52.0,52.0,0.40653583
53.0,53.0,0.3145854
54.0,54.0,0.54666924
55.0,55.0,0.21352515
56.0,56.0,0.34085375
57.0,57.0,0.5414109
58.0,58.0,0.21478888
59.0,59.0,0.6167422
60.0,60.0,0.5841803
61.0,61.0,0.4445767
62.0,62.0,0.60395104
63.0,63.0,0.5222005
64.0,64.0,0.15317777
65.0,65.0,0.4498269
66.0,66.0,0.6781499
67.0,67.0,0.26570308
68.0,68.0,0.3130454
69.0,69.0,0.08299353
70.0,70.0,0.41084588
71.0,71.0,0.19391376
72.0,72.0,0.41355807
73.0,73.0,0.2559066
74.0,74.0,0.095918894
75.0,75.0,0.47468415
76.0,76.0,0.3331823
77.0,77.0,0.40154842
78.0,78.0,0.44473758
79.0,79.0,0.0825263
80.0,80.0,0.327887
81.0,81.0,0.5314386
82.0,82.0,0.624221
83.0,83.0,0.23573054
84.0,84.0,0.48119748
85.0,85.0,0.602203
86.0,86.0,0.3017256
87.0,87.0,0.3555199
88.0,88.0,0.34173906
89.0,89.0,0.22593844
90.0,90.0,0.1518108
91.0,91.0,0.31220204
92.0,92.0,0.32993785
93.0,93.0,0.07807861
94.0,94.0,0.67245954
95.0,95.0,0.15179597
96.0,96.0,0.45140615
97.0,97.0,0.12947547
98.0,98.0,0.543883
99.0,99.0,0.62221545
100.0,100.0,0.30125183
101.0,101.0,0.10404942
102.0,102.0,0.643031
103.0,103.0,0.5613793
104.0,104.0,0.52309024
105.0,105.0,0.16244908
106.0,106.0,0.6030567
107.0,107.0,0.04566601
108.0,108.0,0.35820448
109.0,109.0,0.3240641
110.0,110.0,0.24520475
111.0,111.0,0.4346172
112.0,112.0,0.5617058
113.0,113.0,0.39760822
114.0,114.0,0.14903404
115.0,115.0,0.5261174
116.0,116.0,0.7187155
117.0,117.0,0.06566736
118.0,118.0,0.28478834
119.0,119.0,0.12894721
120.0,120.0,0.29912436
121.0,121.0,0.109522685
122.0,122.0,0.5810079
123.0,123.0,0.32482308
124.0,124.0,0.21906017
125.0,125.0,0.49677908
126.0,126.0,0.26428866
127.0,127.0,0.5641264
128.0,128.0,0.26870775
129.0,129.0,0.10914806
130.0,130.0,0.16087596
131.0,131.0,0.45485806
132.0,132.0,0.119217694
133.0,133.0,0.4635925
134.0,134.0,0.5497878
135.0,135.0,0.52363425
136.0,136.0,0.39280927
137.0,137.0,0.14820519
138.0,138.0,0.28597742
139.0,139.0,0.45477602
140.0,140.0,0.45324782
141.0,141.0,0.24775827
142.0,142.0,0.21189849
143.0,143.0,0.29128078
144.0,144.0,0.6791859
145.0,145.0,0.43786052
146.0,146.0,0.31017172
147.0,147.0,0.40044495
148.0,148.0,0.07992952
149.0,149.0,0.04574419
150.0,150.0,0.38645548
151.0,151.0,0.40512896
152.0,152.0,0.69405943
153.0,153.0,0.39592102
154.0,154.0,0.6252799
155.0,155.0,0.24217783
156.0,156.0,0.5069006
157.0,157.0,0.6378807
158.0,158.0,0.29566407
159.0,159.0,0.101209156
160.0,160.0,0.3136016
161.0,161.0,0.3851828
162.0,162.0,0.37471426
163.0,163.0,0.2705355
164.0,164.0,0.3578555
165.0,165.0,0.31583282
166.0,166.0,0.53016216
167.0,167.0,0.63839304
168.0,168.0,0.318456
169.0,169.0,0.30730265
170.0,170.0,0.11724932
171.0,171.0,0.14889944
172.0,172.0,0.34623787
173.0,173.0,0.18394333
174.0,174.0,0.19640195
175.0,175.0,0.31034654
176.0,176.0,0.3384974
177.0,177.0,0.55126053
178.0,178.0,0.3015677
179.0,179.0,0.66887456
180.0,180.0,0.27898437
181.0,181.0,0.38186485
182.0,182.0,0.10867353
183.0,183.0,0.32245275
184.0,184.0,0.48553374
185.0,185.0,0.15565094
186.0,186.0,0.4777983
187.0,187.0,0.21520165
188.0,188.0,0.2625144
189.0,189.0,0.32592666
190.0,190.0,0.13176318
191.0,191.0,0.33003637
192.0,192.0,0.12652676
193.0,193.0,0.36858064
194.0,194.0,0.36797857
195.0,195.0,0.29863158
196.0,196.0,0.63712925
197.0,197.0,0.4490482
198.0,198.0,0.21163405
199.0,199.0,0.41530198
200.0,200.0,0.24044935
201.0,201.0,0.36597133
202.0,202.0,0.17766356
203.0,203.0,0.33708188
204.0,204.0,0.12708645
205.0,205.0,0.2935277
206.0,206.0,0.23105395
207.0,207.0,0.48243016
208.0,208.0,0.5137303
209.0,209.0,0.5018561
210.0,210.0,0.20102648
211.0,211.0,0.5471257
212.0,212.0,0.4272759
213.0,213.0,0.55649865
214.0,214.0,0.6187609
215.0,215.0,0.60215044
216.0,216.0,0.13777195
217.0,217.0,0.09599647
218.0,218.0,0.2925369
219.0,219.0,0.22012296
220.0,220.0,0.12914869
221.0,221.0,0.033127848
222.0,222.0,0.32143384
223.0,223.0,0.22447123
224.0,224.0,0.17932487
225.0,225.0,0.28552133
226.0,226.0,0.48751354
227.0,227.0,0.53139335
228.0,228.0,0.39424556
229.0,229.0,0.480688
230.0,230.0,0.2310983
231.0,231.0,0.17062216
232.0,232.0,0.25442973
233.0,233.0,0.1608241
234.0,234.0,0.20658614
235.0,235.0,0.088735245
236.0,236.0,0.29795614
237.0,237.0,0.3053979
238.0,238.0,0.14224131
239.0,239.0,0.20765719
240.0,240.0,0.55421865
241.0,241.0,0.41517505
242.0,242.0,0.1657779
243.0,243.0,0.4432784
244.0,244.0,0.4484901
245.0,245.0,0.5327371
246.0,246.0,0.28885832
247.0,247.0,0.3611898
248.0,248.0,0.15693446
249.0,249.0,0.29543132
250.0,250.0,0.30226648
251.0,251.0,0.6789512
252.0,252.0,0.3413604
253.0,253.0,0.3069591
254.0,254.0,0.10915385
255.0,255.0,0.26377872
256.0,256.0,0.56164825
257.0,257.0,0.5794053
258.0,258.0,0.29701808
259.0,259.0,0.1451355
260.0,260.0,0.19564113
261.0,261.0,0.15415622
262.0,262.0,0.6270846
263.0,263.0,0.52179736
264.0,264.0,0.68763
265.0,265.0,0.351493
266.0,266.0,0.08817141
267.0,267.0,0.43330777
268.0,268.0,0.21477073
269.0,269.0,0.1175139
270.0,270.0,0.393123
271.0,271.0,0.15614903
272.0,272.0,0.61850315
273.0,273.0,0.57095206
274.0,274.0,0.6757433
275.0,275.0,0.67542124
276.0,276.0,0.32718813
277.0,277.0,0.15394844
278.0,278.0,0.3723458
279.0,279.0,0.20375526
280.0,280.0,0.1335527
281.0,281.0,0.5216582
282.0,282.0,0.5307337
283.0,283.0,0.28417507
284.0,284.0,0.28378287
285.0,285.0,0.3006164
286.0,286.0,0.4177852
287.0,287.0,0.6722924
288.0,288.0,0.34032813
289.0,289.0,0.20601806
290.0,290.0,0.3361612
291.0,291.0,0.36679086
292.0,292.0,0.22517975
293.0,293.0,0.2785537
294.0,294.0,0.13441816
295.0,295.0,0.1331806
296.0,296.0,0.048899285
297.0,297.0,0.3996499
298.0,298.0,0.37121192
299.0,299.0,0.36622643
300.0,300.0,0.30530125
301.0,301.0,0.24033196
302.0,302.0,0.17149115
303.0,303.0,0.33404446
304.0,304.0,0.08297155
305.0,305.0,0.7042869
306.0,306.0,0.1955441
307.0,307.0,0.52272344
308.0,308.0,0.2289346
309.0,309.0,0.13496193
310.0,310.0,0.11164892
311.0,311.0,0.4915669
312.0,312.0,0.27492666
313.0,313.0,0.5721849
314.0,314.0,0.3969526
315.0,315.0,0.5116997
316.0,316.0,0.4883951
317.0,317.0,0.098041855
318.0,318.0,0.41039425
319.0,319.0,0.06617868
320.0,320.0,0.6120717
321.0,321.0,0.6496754
322.0,322.0,0.2783097
323.0,323.0,0.37758186
324.0,324.0,0.364438
325.0,325.0,0.39371133
326.0,326.0,0.097541645
327.0,327.0,0.45374322
328.0,328.0,0.5328707
329.0,329.0,0.10502068
330.0,330.0,0.12830725
331.0,331.0,0.27780244
332.0,332.0,0.24862334
333.0,333.0,0.49615425
334.0,334.0,0.7123784
335.0,335.0,0.057343617
336.0,336.0,0.3822118
337.0,337.0,0.48549896
338.0,338.0,0.44073567
339.0,339.0,0.2566014
340.0,340.0,0.2229316
341.0,341.0,0.28692907
342.0,342.0,0.5157459
343.0,343.0,0.55187017
344.0,344.0,0.21513598
345.0,345.0,0.29979226
346.0,346.0,0.12872033
347.0,347.0,0.68566173
348.0,348.0,0.46935257
349.0,349.0,0.06762573
350.0,350.0,0.4183135
351.0,351.0,0.1463353
352.0,352.0,0.57660484
353.0,353.0,0.5428669
354.0,354.0,0.29273444
355.0,355.0,0.026260428
356.0,356.0,0.41497752
357.0,357.0,0.24713051
358.0,358.0,0.54027617
359.0,359.0,0.3837087
360.0,360.0,0.28409308
361.0,361.0,0.15577115
362.0,362.0,0.3312307
363.0,363.0,0.36049166
364.0,364.0,0.55735713
365.0,365.0,0.7477171
366.0,366.0,0.5761272
367.0,367.0,0.25867787
368.0,368.0,0.60403085
369.0,369.0,0.17732039
370.0,370.0,0.4576053
371.0,371.0,0.5485136
372.0,372.0,0.14682841
373.0,373.0,0.2632179
374.0,374.0,0.49225146
375.0,375.0,0.16743517
376.0,376.0,0.65605
377.0,377.0,0.14139247
378.0,378.0,0.40218776
379.0,379.0,0.41964144
380.0,380.0,0.38768303
381.0,381.0,0.38102946
382.0,382.0,0.44109333
383.0,383.0,0.06090146
384.0,384.0,0.11316415
385.0,385.0,0.2969872
386.0,386.0,0.32810816
387.0,387.0,0.37336868
388.0,388.0,0.15397719
389.0,389.0,0.27549
390.0,390.0,0.04125067
391.0,391.0,0.19379456
392.0,392.0,0.5618785
393.0,393.0,0.44201532
394.0,394.0,0.14552192
395.0,395.0,0.39225107
396.0,396.0,0.32595086
397.0,397.0,0.6515402
398.0,398.0,0.261638
399.0,399.0,0.22852083
400.0,400.0,0.17318971
401.0,401.0,0.11216687
402.0,402.0,0.14827526
403.0,403.0,0.29921567
404.0,404.0,0.16652894
405.0,405.0,0.19204704
406.0,406.0,0.28215116
407.0,407.0,0.32301962
408.0,408.0,0.46969914
409.0,409.0,0.100502074
410.0,410.0,0.32586125
411.0,411.0,0.54230917
412.0,412.0,0.30272147
413.0,413.0,0.52369815
414.0,414.0,0.34228915
415.0,415.0,0.18146947
416.0,416.0,0.6603746
417.0,417.0,0.5894952
418.0,418.0,0.55803984
419.0,419.0,0.19624643
420.0,420.0,0.5473635
421.0,421.0,0.33347398
422.0,422.0,0.27907103
423.0,423.0,0.25194272
424.0,424.0,0.3516565
425.0,425.0,0.31437662
426.0,426.0,0.7184856
427.0,427.0,0.20252025
428.0,428.0,0.19469218
429.0,429.0,0.35002828
430.0,430.0,0.55836123
431.0,431.0,0.4015573
432.0,432.0,0.16459385
433.0,433.0,0.45666218
434.0,434.0,0.27264836
435.0,435.0,0.29790682
436.0,436.0,0.2061918
437.0,437.0,0.45715633
438.0,438.0,0.38254
439.0,439.0,0.19821839
440.0,440.0,0.4289876
441.0,441.0,0.33495983
442.0,442.0,0.23829453
443.0,443.0,0.61585253
444.0,444.0,0.11254968
445.0,445.0,0.11197149
446.0,446.0,0.11308295
447.0,447.0,0.5567678
448.0,448.0,0.2825496
449.0,449.0,0.3660975
450.0,450.0,0.15551324
451.0,451.0,0.16280332
452.0,452.0,0.355611
453.0,453.0,0.2739514
454.0,454.0,0.4661396
455.0,455.0,0.09393053
456.0,456.0,0.64812
457.0,457.0,0.48923174
458.0,458.0,0.6494273
459.0,459.0,0.19037512
460.0,460.0,0.16080073
461.0,461.0,0.301573
462.0,462.0,0.3174322
463.0,463.0,0.07122767
464.0,464.0,0.24596407
465.0,465.0,0.5152085
466.0,466.0,0.65311867
467.0,467.0,0.6903076
468.0,468.0,0.39907098
469.0,469.0,0.58261156
470.0,470.0,0.422842
471.0,471.0,0.19370224
472.0,472.0,0.6849788
473.0,473.0,0.29645768
474.0,474.0,0.4885277
475.0,475.0,0.31348053
476.0,476.0,0.6050426
477.0,477.0,0.4679298
478.0,478.0,0.37684524
479.0,479.0,0.3627107
480.0,480.0,0.3739636
481.0,481.0,0.34898287
482.0,482.0,0.6181664
483.0,483.0,0.24802871
484.0,484.0,0.4655592
485.0,485.0,0.43924832
486.0,486.0,0.17680182
487.0,487.0,0.43520284
488.0,488.0,0.21524791
489.0,489.0,0.38961485
490.0,490.0,0.5818063
491.0,491.0,0.15340483
492.0,492.0,0.29577312
493.0,493.0,0.24304682
494.0,494.0,0.68395835
495.0,495.0,0.6298556
496.0,496.0,0.30981985
497.0,497.0,0.14550272
498.0,498.0,0.110208966
499.0,499.0,0.58421487
500.0,500.0,0.4601591
501.0,501.0,0.42608622
502.0,502.0,0.54404485
503.0,503.0,0.14481078
504.0,504.0,0.4489044
505.0,505.0,0.2707125
506.0,506.0,0.1791654
507.0,507.0,0.43554267
508.0,508.0,0.52670515
509.0,509.0,0.14314301
510.0,510.0,0.23214969
511.0,511.0,0.096130595
512.0,512.0,0.15977052
513.0,513.0,0.2743609
514.0,514.0,0.098034926
515.0,515.0,0.18729302
516.0,516.0,0.2457941
517.0,517.0,0.054990772
518.0,518.0,0.3436409
519.0,519.0,0.060216065
520.0,520.0,0.39961168
521.0,521.0,0.42919946
522.0,522.0,0.10776225
523.0,523.0,0.33593342
524.0,524.0,0.26699165
525.0,525.0,0.1352739
526.0,526.0,0.34317425
527.0,527.0,0.2525443
528.0,528.0,0.44192645
529.0,529.0,0.32571036
530.0,530.0,0.23198585
531.0,531.0,0.5476525
532.0,532.0,0.13219689
533.0,533.0,0.30266348
534.0,534.0,0.42561573
535.0,535.0,0.26199505
536.0,536.0,0.61975217
537.0,537.0,0.58289725
538.0,538.0,0.30678815
539.0,539.0,0.2451436
540.0,540.0,0.3322745
541.0,541.0,0.33054012
542.0,542.0,0.46926823
543.0,543.0,0.13444096
544.0,544.0,0.16985513
545.0,545.0,0.46620488
546.0,546.0,0.07932032
547.0,547.0,0.32091102
548.0,548.0,0.5021729
549.0,549.0,0.7166229
550.0,550.0,0.63418305
551.0,551.0,0.46956924
552.0,552.0,0.5350987
553.0,553.0,0.24015929
554.0,554.0,0.13849148
555.0,555.0,0.6072134
556.0,556.0,0.32017285
557.0,557.0,0.3222457
558.0,558.0,0.11928672
559.0,559.0,0.36376375
560.0,560.0,0.29890552
561.0,561.0,0.1293319
562.0,562.0,0.08128825
563.0,563.0,0.35613924
564.0,564.0,0.24916434
565.0,565.0,0.17585002
566.0,566.0,0.5916975
567.0,567.0,0.19724064
568.0,568.0,0.16936058
569.0,569.0,0.1699418
570.0,570.0,0.16531138
571.0,571.0,0.22361912
572.0,572.0,0.24566154
573.0,573.0,0.22140014
574.0,574.0,0.4248515
575.0,575.0,0.12707855
576.0,576.0,0.4665401
577.0,577.0,0.19146472
578.0,578.0,0.13974184
579.0,579.0,0.14443824
580.0,580.0,0.3530602
581.0,581.0,0.22190614
582.0,582.0,0.1132224
583.0,583.0,0.30189982
584.0,584.0,0.34537435
585.0,585.0,0.2846416
586.0,586.0,0.14980787
587.0,587.0,0.30553287
588.0,588.0,0.3936339
589.0,589.0,0.62408334
590.0,590.0,0.25407645
591.0,591.0,0.17378916
592.0,592.0,0.33383453
593.0,593.0,0.13359557
594.0,594.0,0.36970627
595.0,595.0,0.2732746
596.0,596.0,0.234722
597.0,597.0,0.42758468
598.0,598.0,0.10859314
599.0,599.0,0.13477385
600.0,600.0,0.1461684
601.0,601.0,0.26307866
602.0,602.0,0.033075973
603.0,603.0,0.4862143
604.0,604.0,0.43331662
605.0,605.0,0.3137131
606.0,606.0,0.10490685
607.0,607.0,0.6143192
608.0,608.0,0.03794667
609.0,609.0,0.59324634
610.0,610.0,0.21928163
611.0,611.0,0.28434324
612.0,612.0,0.12759745
613.0,613.0,0.19111891
614.0,614.0,0.13785468
615.0,615.0,0.20194133
616.0,616.0,0.27979392
617.0,617.0,0.6018262
618.0,618.0,0.33440495
619.0,619.0,0.5398639
620.0,620.0,0.14640352
621.0,621.0,0.5475272
622.0,622.0,0.18247777
623.0,623.0,0.10032577
624.0,624.0,0.602086
625.0,625.0,0.19805722
626.0,626.0,0.22624211
627.0,627.0,0.52441233
628.0,628.0,0.3347763
629.0,629.0,0.21537909
630.0,630.0,0.28411004
631.0,631.0,0.2030195
632.0,632.0,0.7787575
633.0,633.0,0.32845557
634.0,634.0,0.082472496
635.0,635.0,0.10292651
636.0,636.0,0.5364467
637.0,637.0,0.088682495
638.0,638.0,0.09223269
639.0,639.0,0.5815657
640.0,640.0,0.12914464
641.0,641.0,0.4654666
642.0,642.0,0.33500907
643.0,643.0,0.4777219
644.0,644.0,0.56607956
645.0,645.0,0.21076484
646.0,646.0,0.59959304
647.0,647.0,0.5682298
648.0,648.0,0.23824945
649.0,649.0,0.4777131
650.0,650.0,0.06363771
651.0,651.0,0.58878994
652.0,652.0,0.121929534
653.0,653.0,0.6815047
654.0,654.0,0.38556743
655.0,655.0,0.4925503
656.0,656.0,0.46130642
657.0,657.0,0.28502014
658.0,658.0,0.62791413
659.0,659.0,0.12473493
660.0,660.0,0.22835593
661.0,661.0,0.15949602
662.0,662.0,0.3748044
663.0,663.0,0.13111466
664.0,664.0,0.41710123
665.0,665.0,0.49029836
666.0,666.0,0.3630604
667.0,667.0,0.22433223
668.0,668.0,0.311512
669.0,669.0,0.42136824
670.0,670.0,0.66216785
671.0,671.0,0.21588552
672.0,672.0,0.56258476
673.0,673.0,0.35979196
674.0,674.0,0.58668685
675.0,675.0,0.35092035
676.0,676.0,0.26719144
677.0,677.0,0.57242954
678.0,678.0,0.54184824
679.0,679.0,0.33837402
680.0,680.0,0.33106145
681.0,681.0,0.17094597
682.0,682.0,0.17969368
683.0,683.0,0.3056273
684.0,684.0,0.6357316
685.0,685.0,0.17683256
686.0,686.0,0.70822245
687.0,687.0,0.09730847
688.0,688.0,0.14919335
689.0,689.0,0.2046499
690.0,690.0,0.16004984
691.0,691.0,0.47287935
692.0,692.0,0.5039612
693.0,693.0,0.60193
694.0,694.0,0.36516094
695.0,695.0,0.18923773
696.0,696.0,0.424922
697.0,697.0,0.21467559
698.0,698.0,0.5064766
699.0,699.0,0.46112224
700.0,700.0,0.24001789
701.0,701.0,0.48263636
702.0,702.0,0.52651644
703.0,703.0,0.63789415
704.0,704.0,0.31906483
705.0,705.0,0.47680598
706.0,706.0,0.14228106
707.0,707.0,0.5687527
708.0,708.0,0.228373
709.0,709.0,0.0719112
710.0,710.0,0.5419566
711.0,711.0,0.19949758
712.0,712.0,0.018991433
713.0,713.0,0.65903014
714.0,714.0,0.4069922
715.0,715.0,0.19009131
716.0,716.0,0.1557786
717.0,717.0,0.49200368
718.0,718.0,0.48665628
719.0,719.0,0.30163655
720.0,720.0,0.106066115
721.0,721.0,0.2947101
722.0,722.0,0.107799724
723.0,723.0,0.27231893
724.0,724.0,0.15185064
725.0,725.0,0.12755412
726.0,726.0,0.20372894
727.0,727.0,0.3455909
728.0,728.0,0.58070254
729.0,729.0,0.30821702
730.0,730.0,0.49069914
731.0,731.0,0.3134118
732.0,732.0,0.23852755
733.0,733.0,0.1622457
734.0,734.0,0.5330652
735.0,735.0,0.5839293
736.0,736.0,0.38121507
737.0,737.0,0.10847767
738.0,738.0,0.2746765
739.0,739.0,0.26620534
740.0,740.0,0.54510975
741.0,741.0,0.60882735
742.0,742.0,0.5102638
743.0,743.0,0.42740592
744.0,744.0,0.1383677
745.0,745.0,0.29236835
746.0,746.0,0.4818108
747.0,747.0,0.21286637
748.0,748.0,0.33369657
749.0,749.0,0.46679702
750.0,750.0,0.07537037
751.0,751.0,0.124327384
752.0,752.0,0.3966543
753.0,753.0,0.4752521
754.0,754.0,0.12012353
755.0,755.0,0.39063734
756.0,756.0,0.5130964
757.0,757.0,0.25330108
758.0,758.0,0.4449612
759.0,759.0,0.06676677
760.0,760.0,0.3311823
761.0,761.0,0.10276531
762.0,762.0,0.1181708
763.0,763.0,0.37021878
764.0,764.0,0.29103735
765.0,765.0,0.41536656
766.0,766.0,0.69673264
767.0,767.0,0.08102508
768.0,768.0,0.56042993
769.0,769.0,0.12110374
770.0,770.0,0.2592873
771.0,771.0,0.10786754
772.0,772.0,0.62611693
773.0,773.0,0.3061303
774.0,774.0,0.4007519
775.0,775.0,0.2656153
776.0,776.0,0.38356096
777.0,777.0,0.4970174
778.0,778.0,0.16466054
779.0,779.0,0.5520369
780.0,780.0,0.6172988
781.0,781.0,0.14389312
782.0,782.0,0.60258985
783.0,783.0,0.46013123
784.0,784.0,0.67011654
785.0,785.0,0.46894526
786.0,786.0,0.69360286
787.0,787.0,0.43628284
788.0,788.0,0.32188794
789.0,789.0,0.08409279
790.0,790.0,0.45072755
791.0,791.0,0.6273134
792.0,792.0,0.15422903
793.0,793.0,0.5891928
794.0,794.0,0.11501723
795.0,795.0,0.3389821
796.0,796.0,0.17668761
797.0,797.0,0.42804578
798.0,798.0,0.29225993
799.0,799.0,0.44787866
800.0,800.0,0.50320643
801.0,801.0,0.20460728
802.0,802.0,0.05728348
803.0,803.0,0.08381285
804.0,804.0,0.4777928
805.0,805.0,0.5347537
806.0,806.0,0.396852
807.0,807.0,0.4181247
808.0,808.0,0.4861586
809.0,809.0,0.34183726
810.0,810.0,0.38984537
811.0,811.0,0.26968193
812.0,812.0,0.5353951
813.0,813.0,0.5779403
814.0,814.0,0.14785017
815.0,815.0,0.4558461
816.0,816.0,0.5073032
817.0,817.0,0.1624254
818.0,818.0,0.2593408
819.0,819.0,0.5878363
820.0,820.0,0.11161693
821.0,821.0,0.2008389
822.0,822.0,0.39339855
823.0,823.0,0.3730463
824.0,824.0,0.53193134
825.0,825.0,0.2832214
826.0,826.0,0.14631507
827.0,827.0,0.3089431
828.0,828.0,0.3246515
829.0,829.0,0.12105029
830.0,830.0,0.4312732
831.0,831.0,0.17975268
832.0,832.0,0.48434305
833.0,833.0,0.58684236
834.0,834.0,0.15541445
835.0,835.0,0.3313115
836.0,836.0,0.6589485
837.0,837.0,0.39372626
838.0,838.0,0.17071961
839.0,839.0,0.53828067
840.0,840.0,0.2879636
841.0,841.0,0.35387805
842.0,842.0,0.309601
843.0,843.0,0.4188798
844.0,844.0,0.50564855
845.0,845.0,0.47247815
846.0,846.0,0.15123937
847.0,847.0,0.18794924
848.0,848.0,0.33065444
849.0,849.0,0.04767764
850.0,850.0,0.27251995
851.0,851.0,0.5355736
852.0,852.0,0.3218899
853.0,853.0,0.061301704
854.0,854.0,0.2865326
855.0,855.0,0.48805934
856.0,856.0,0.3953418
857.0,857.0,0.32076123
858.0,858.0,0.47976056
859.0,859.0,0.09425542
860.0,860.0,0.2102277
861.0,861.0,0.5478852
862.0,862.0,0.30737793
863.0,863.0,0.4372509
864.0,864.0,0.2249875
865.0,865.0,0.56900364
866.0,866.0,0.25576428
867.0,867.0,0.20037447
868.0,868.0,0.32021338
869.0,869.0,0.2904102
870.0,870.0,0.13995829
871.0,871.0,0.17630841
872.0,872.0,0.49268046
873.0,873.0,0.2246676
874.0,874.0,0.11851004
875.0,875.0,0.19689198
876.0,876.0,0.41099384
877.0,877.0,0.26735854
878.0,878.0,0.60594416
879.0,879.0,0.19462542
880.0,880.0,0.13186131
881.0,881.0,0.21318837
882.0,882.0,0.5084565
883.0,883.0,0.29216218
884.0,884.0,0.1364197
885.0,885.0,0.3759813
886.0,886.0,0.04010922
887.0,887.0,0.3602384
888.0,888.0,0.20457739
889.0,889.0,0.46578324
890.0,890.0,0.430135
891.0,891.0,0.04712662
892.0,892.0,0.3288053
893.0,893.0,0.15749548
894.0,894.0,0.18043017
895.0,895.0,0.34271306
896.0,896.0,0.24385963
897.0,897.0,0.19805929
898.0,898.0,0.4598991
899.0,899.0,0.31907552
900.0,900.0,0.34686816
901.0,901.0,0.21298985
902.0,902.0,0.29914176
903.0,903.0,0.31436038
904.0,904.0,0.18612413
905.0,905.0,0.42393267
906.0,906.0,0.23740777
907.0,907.0,0.2746471
908.0,908.0,0.48515
909.0,909.0,0.42338243
910.0,910.0,0.3144635
911.0,911.0,0.18420392
912.0,912.0,0.35624817
913.0,913.0,0.42600644
914.0,914.0,0.34387815
915.0,915.0,0.5625671
916.0,916.0,0.42229506
917.0,917.0,0.47362795
918.0,918.0,0.14128211
919.0,919.0,0.3852165
920.0,920.0,0.21610606
921.0,921.0,0.34849897
922.0,922.0,0.48715436
923.0,923.0,0.33873573
924.0,924.0,0.26937762
925.0,925.0,0.1267029
926.0,926.0,0.5433042
927.0,927.0,0.5324648
928.0,928.0,0.2552456
929.0,929.0,0.14974885
930.0,930.0,0.0367721
931.0,931.0,0.22601713
932.0,932.0,0.52739483
933.0,933.0,0.13610165
934.0,934.0,0.3448697
935.0,935.0,0.5500236
936.0,936.0,0.41038647
937.0,937.0,0.34357023
938.0,938.0,0.4856292
939.0,939.0,0.4754805
940.0,940.0,0.36474454
941.0,941.0,0.38103384
942.0,942.0,0.31026012
943.0,943.0,0.10981296
944.0,944.0,0.27865118
945.0,945.0,0.06741053
946.0,946.0,0.47772676
947.0,947.0,0.4811775
948.0,948.0,0.4264699
949.0,949.0,0.6352201
950.0,950.0,0.105402276
951.0,951.0,0.08720391
952.0,952.0,0.39320344
953.0,953.0,0.5579252
954.0,954.0,0.31847394
955.0,955.0,0.41237605
956.0,956.0,0.20363781
957.0,957.0,0.22698662
958.0,958.0,0.3626492
959.0,959.0,0.16848926
960.0,960.0,0.30127037
961.0,961.0,0.46143153
962.0,962.0,0.5510633
963.0,963.0,0.45591107
964.0,964.0,0.20711851
965.0,965.0,0.41947395
966.0,966.0,0.40011573
967.0,967.0,0.43888333
968.0,968.0,0.5877914
969.0,969.0,0.269597
970.0,970.0,0.4007106
971.0,971.0,0.31827024
972.0,972.0,0.56194896
973.0,973.0,0.3387238
974.0,974.0,0.2687997
975.0,975.0,0.34782624
976.0,976.0,0.5925414
977.0,977.0,0.19189765
978.0,978.0,0.36548337
979.0,979.0,0.4462317
980.0,980.0,0.30235675
981.0,981.0,0.12086922
982.0,982.0,0.4607044
983.0,983.0,0.46314594
984.0,984.0,0.16478474
985.0,985.0,0.24503314
986.0,986.0,0.16849566
987.0,987.0,0.4747941
988.0,988.0,0.09633392
989.0,989.0,0.45691055
990.0,990.0,0.36232752
991.0,991.0,0.44813046
992.0,992.0,0.33449292
993.0,993.0,0.24419361
994.0,994.0,0.2771806
995.0,995.0,0.12644683
996.0,996.0,0.45536745
997.0,997.0,0.26251987
998.0,998.0,0.38756326
999.0,999.0,0.090862595
1000.0,1000.0,0.16221625
1001.0,1001.0,0.2736329
1002.0,1002.0,0.10692249
1003.0,1003.0,0.30667585
1004.0,1004.0,0.39249086
1005.0,1005.0,0.49328506
1006.0,1006.0,0.26748508
1007.0,1007.0,0.4101058
1008.0,1008.0,0.32274127
1009.0,1009.0,0.21491711
1010.0,1010.0,0.74724597
1011.0,1011.0,0.043937083
1012.0,1012.0,0.32072264
1013.0,1013.0,0.5176455
1014.0,1014.0,0.21700825
1015.0,1015.0,0.2672
1016.0,1016.0,0.23801573
1017.0,1017.0,0.15981917
1018.0,1018.0,0.4102989
1019.0,1019.0,0.08856709
1020.0,1020.0,0.03703759
1021.0,1021.0,0.27803493
1022.0,1022.0,0.33714718
1023.0,1023.0,0.35072798
1024.0,1024.0,0.5339865
1025.0,1025.0,0.21409069
1026.0,1026.0,0.26065674
1027.0,1027.0,0.042013474
1028.0,1028.0,0.27612796
1029.0,1029.0,0.6640146
1030.0,1030.0,0.29154864
1031.0,1031.0,0.33517745
1032.0,1032.0,0.51261735
1033.0,1033.0,0.14390472
1034.0,1034.0,0.19735879
1035.0,1035.0,0.48129565
1036.0,1036.0,0.14852284
1037.0,1037.0,0.3043277
1038.0,1038.0,0.13682204
1039.0,1039.0,0.49549553
1040.0,1040.0,0.54466057
1041.0,1041.0,0.38606703
1042.0,1042.0,0.5829041
1043.0,1043.0,0.1879668
1044.0,1044.0,0.20752004
1045.0,1045.0,0.18474734
1046.0,1046.0,0.5738385
1047.0,1047.0,0.45258152
1048.0,1048.0,0.58929
1049.0,1049.0,0.54297936
1050.0,1050.0,0.7050766
1051.0,1051.0,0.30378196
1052.0,1052.0,0.4633242
1053.0,1053.0,0.23138526
1054.0,1054.0,0.49345794
1055.0,1055.0,0.16721816
1056.0,1056.0,0.53076386
1057.0,1057.0,0.35688126
1058.0,1058.0,0.115201935
1059.0,1059.0,0.16657259
1060.0,1060.0,0.3299959
1061.0,1061.0,0.5362
1062.0,1062.0,0.05891363
1063.0,1063.0,0.41587684
1064.0,1064.0,0.07361285
1065.0,1065.0,0.24301971
1066.0,1066.0,0.30955976
1067.0,1067.0,0.5254131
1068.0,1068.0,0.66391164
1069.0,1069.0,0.20838673
1070.0,1070.0,0.24263746
1071.0,1071.0,0.10704955
1072.0,1072.0,0.18701583
1073.0,1073.0,0.07318813
1074.0,1074.0,0.5333138
1075.0,1075.0,0.1697063
1076.0,1076.0,0.16244534
1077.0,1077.0,0.28793073
1078.0,1078.0,0.31549528
1079.0,1079.0,0.15339333
1080.0,1080.0,0.20384283
1081.0,1081.0,0.38888392
1082.0,1082.0,0.16719297
1083.0,1083.0,0.09214706
1084.0,1084.0,0.4974998
1085.0,1085.0,0.4512435
1086.0,1086.0,0.1869033
1087.0,1087.0,0.17695446
1088.0,1088.0,0.55845034
1089.0,1089.0,0.30416033
1090.0,1090.0,0.2113048
1091.0,1091.0,0.518602
1092.0,1092.0,0.72976995
1093.0,1093.0,0.3699117
1094.0,1094.0,0.21117917
1095.0,1095.0,0.21101424
1096.0,1096.0,0.13566186
1097.0,1097.0,0.52731264
1098.0,1098.0,0.19224553
1099.0,1099.0,0.2698759
1100.0,1100.0,0.34067276
1101.0,1101.0,0.4681197
1102.0,1102.0,0.5799639
1103.0,1103.0,0.48669282
1104.0,1104.0,0.5158178
1105.0,1105.0,0.23789705
1106.0,1106.0,0.21233135
1107.0,1107.0,0.122121796
1108.0,1108.0,0.14823037
1109.0,1109.0,0.11995485
1110.0,1110.0,0.5428732
1111.0,1111.0,0.3672581
1112.0,1112.0,0.3397873
1113.0,1113.0,0.605931
1114.0,1114.0,0.23439042
1115.0,1115.0,0.5576113
1116.0,1116.0,0.14842935
1117.0,1117.0,0.33150175
1118.0,1118.0,0.29640505
1119.0,1119.0,0.680353
1120.0,1120.0,0.2979895
1121.0,1121.0,0.26039296
1122.0,1122.0,0.17277843
1123.0,1123.0,0.41723958
1124.0,1124.0,0.113849
1125.0,1125.0,0.32664666
1126.0,1126.0,0.7322673
1127.0,1127.0,0.28680176
1128.0,1128.0,0.20265876
1129.0,1129.0,0.49960408
1130.0,1130.0,0.1828811
1131.0,1131.0,0.54568434
1132.0,1132.0,0.6723993
1133.0,1133.0,0.20122409
1134.0,1134.0,0.6113613
1135.0,1135.0,0.5949259
1136.0,1136.0,0.24245681
1137.0,1137.0,0.36798808
1138.0,1138.0,0.48551276
1139.0,1139.0,0.47629994
1140.0,1140.0,0.15878265
1141.0,1141.0,0.4227477
1142.0,1142.0,0.14739959
1143.0,1143.0,0.393515
1144.0,1144.0,0.57435846
1145.0,1145.0,0.23961212
1146.0,1146.0,0.20049082
1147.0,1147.0,0.5998688
1148.0,1148.0,0.29330918
1149.0,1149.0,0.6061377
1150.0,1150.0,0.18101725
1151.0,1151.0,0.43508345
1152.0,1152.0,0.15082903
1153.0,1153.0,0.39999443
1154.0,1154.0,0.23801555
1155.0,1155.0,0.12047635
1156.0,1156.0,0.3682117
1157.0,1157.0,0.1697861
1158.0,1158.0,0.10619407
1159.0,1159.0,0.30335113
1160.0,1160.0,0.31192714
1161.0,1161.0,0.2088109
1162.0,1162.0,0.6539764
1163.0,1163.0,0.3649031
1164.0,1164.0,0.094313554
1165.0,1165.0,0.45705995
1166.0,1166.0,0.5072719
1167.0,1167.0,0.7162632
1168.0,1168.0,0.28537953
1169.0,1169.0,0.22443675
1170.0,1170.0,0.13505997
1171.0,1171.0,0.23308384
1172.0,1172.0,0.5296796
1173.0,1173.0,0.2858394
1174.0,1174.0,0.15680732
1175.0,1175.0,0.42048955
1176.0,1176.0,0.6182781
1177.0,1177.0,0.36492524
1178.0,1178.0,0.44474098
1179.0,1179.0,0.19582228
1180.0,1180.0,0.4396023
1181.0,1181.0,0.29053375
1182.0,1182.0,0.16209222
1183.0,1183.0,0.060834598
1184.0,1184.0,0.40484282
1185.0,1185.0,0.14340694
1186.0,1186.0,0.27777648
1187.0,1187.0,0.20119286
1188.0,1188.0,0.32979107
1189.0,1189.0,0.27586347
1190.0,1190.0,0.5255512
1191.0,1191.0,0.16658102
1192.0,1192.0,0.4492141
1193.0,1193.0,0.4904963
1194.0,1194.0,0.20784415
1195.0,1195.0,0.32529643
1196.0,1196.0,0.3399663
1197.0,1197.0,0.35367632
1198.0,1198.0,0.40968984
1199.0,1199.0,0.20736699
1200.0,1200.0,0.41032654
1201.0,1201.0,0.27784494
1202.0,1202.0,0.5629798
1203.0,1203.0,0.20024233
1204.0,1204.0,0.4489673
1205.0,1205.0,0.16810948
1206.0,1206.0,0.2892779
1207.0,1207.0,0.27286002
1208.0,1208.0,0.7094936
1209.0,1209.0,0.17525688
1210.0,1210.0,0.14032036
1211.0,1211.0,0.6202267
1212.0,1212.0,0.6064287
1213.0,1213.0,0.08233307
1214.0,1214.0,0.49087682
1215.0,1215.0,0.08303869
1216.0,1216.0,0.3842489
1217.0,1217.0,0.15979612
1218.0,1218.0,0.08830297
1219.0,1219.0,0.08413216
1220.0,1220.0,0.12544227
1221.0,1221.0,0.4189931
1222.0,1222.0,0.33924073
1223.0,1223.0,0.469922
1224.0,1224.0,0.56995475
1225.0,1225.0,0.29859373
1226.0,1226.0,0.6091198
1227.0,1227.0,0.17713067
1228.0,1228.0,0.22419293
1229.0,1229.0,0.7204834
1230.0,1230.0,0.13022448
1231.0,1231.0,0.39320287
1232.0,1232.0,0.2939988
1233.0,1233.0,0.27261928
1234.0,1234.0,0.1349195
1235.0,1235.0,0.06569013
1236.0,1236.0,0.47439733
1237.0,1237.0,0.449079
1238.0,1238.0,0.20893
1239.0,1239.0,0.29986364
1240.0,1240.0,0.023362637
1241.0,1241.0,0.5384267
1242.0,1242.0,0.6429676
1243.0,1243.0,0.027331252
1244.0,1244.0,0.2763249
1245.0,1245.0,0.061155852
1246.0,1246.0,0.67202276
1247.0,1247.0,0.041541275
1248.0,1248.0,0.40602052
1249.0,1249.0,0.6617397
1250.0,1250.0,0.3195187
1251.0,1251.0,0.23948976
1252.0,1252.0,0.048819486
1253.0,1253.0,0.08435037
1254.0,1254.0,0.15528998
1255.0,1255.0,0.16777703
1256.0,1256.0,0.16425046
1257.0,1257.0,0.43288246
1258.0,1258.0,0.35698226
1259.0,1259.0,0.37050182
1260.0,1260.0,0.46075636
1261.0,1261.0,0.06301946
1262.0,1262.0,0.34427783
1263.0,1263.0,0.17565568
1264.0,1264.0,0.45286673
1265.0,1265.0,0.73553
1266.0,1266.0,0.29620862
1267.0,1267.0,0.25220987
1268.0,1268.0,0.57321566
1269.0,1269.0,0.28743318
1270.0,1270.0,0.38373053
1271.0,1271.0,0.56577015
1272.0,1272.0,0.2603711
1273.0,1273.0,0.16556612
1274.0,1274.0,0.13292652
1275.0,1275.0,0.4067855
1276.0,1276.0,0.5258808
1277.0,1277.0,0.33700672
1278.0,1278.0,0.47347727
1279.0,1279.0,0.68310004
1280.0,1280.0,0.47122252
1281.0,1281.0,0.27975738
1282.0,1282.0,0.51063424
1283.0,1283.0,0.26191482
1284.0,1284.0,0.26499802
1285.0,1285.0,0.1417049
1286.0,1286.0,0.2044353
1287.0,1287.0,0.55469376
1288.0,1288.0,0.2143188
1289.0,1289.0,0.53496397
1290.0,1290.0,0.42957675
1291.0,1291.0,0.4372097
1292.0,1292.0,0.10590806
1293.0,1293.0,0.13405246
1294.0,1294.0,0.4299365
1295.0,1295.0,0.49305958
1296.0,1296.0,0.71489173
1297.0,1297.0,0.4472533
1298.0,1298.0,0.2794272
1299.0,1299.0,0.41352245
1300.0,1300.0,0.4475138
1301.0,1301.0,0.59602535
1302.0,1302.0,0.25594997
1303.0,1303.0,0.37499255
1304.0,1304.0,0.4721275
1305.0,1305.0,0.11921146
1306.0,1306.0,0.64151114
1307.0,1307.0,0.45886406
1308.0,1308.0,0.60756135
1309.0,1309.0,0.52954096
1310.0,1310.0,0.4283538
1311.0,1311.0,0.59495825
1312.0,1312.0,0.30869818
1313.0,1313.0,0.10483783
1314.0,1314.0,0.46759292
1315.0,1315.0,0.2799932
1316.0,1316.0,0.3037579
1317.0,1317.0,0.45687363
1318.0,1318.0,0.15797028
1319.0,1319.0,0.43124035
1320.0,1320.0,0.3495336
1321.0,1321.0,0.60122705
1322.0,1322.0,0.44493338
1323.0,1323.0,0.22246721
1324.0,1324.0,0.10520483
1325.0,1325.0,0.27271318
1326.0,1326.0,0.10486318
1327.0,1327.0,0.20516048
1328.0,1328.0,0.095016964
1329.0,1329.0,0.5726623
1330.0,1330.0,0.49271575
1331.0,1331.0,0.11839917
1332.0,1332.0,0.66214037
1333.0,1333.0,0.6430757
1334.0,1334.0,0.052610967
1335.0,1335.0,0.52193457
1336.0,1336.0,0.2839141
1337.0,1337.0,0.5469668
1338.0,1338.0,0.44515312
1339.0,1339.0,0.611132
1340.0,1340.0,0.31795552
1341.0,1341.0,0.21647578
1342.0,1342.0,0.15439437
1343.0,1343.0,0.58981353
1344.0,1344.0,0.2561302
1345.0,1345.0,0.42997572
1346.0,1346.0,0.09695757
1347.0,1347.0,0.5301538
1348.0,1348.0,0.11207353
1349.0,1349.0,0.11147209
1350.0,1350.0,0.31461126
1351.0,1351.0,0.5548459
1352.0,1352.0,0.49627987
1353.0,1353.0,0.18278097
1354.0,1354.0,0.083823286
1355.0,1355.0,0.6918532
1356.0,1356.0,0.5780993
1357.0,1357.0,0.323132
1358.0,1358.0,0.51596296
1359.0,1359.0,0.30314666
1360.0,1360.0,0.35748073
1361.0,1361.0,0.3616365
1362.0,1362.0,0.34292307
1363.0,1363.0,0.1991102
1364.0,1364.0,0.31783268
1365.0,1365.0,0.37562257
1366.0,1366.0,0.30838013
1367.0,1367.0,0.20839036
1368.0,1368.0,0.11583168
1369.0,1369.0,0.30737412
1370.0,1370.0,0.3245714
1371.0,1371.0,0.40758142
1372.0,1372.0,0.0798573
1373.0,1373.0,0.2922728
1374.0,1374.0,0.43254164
1375.0,1375.0,0.44657877
1376.0,1376.0,0.30922678
1377.0,1377.0,0.3241825
1378.0,1378.0,0.3103356
1379.0,1379.0,0.16824491
1380.0,1380.0,0.51977277
1381.0,1381.0,0.15545112
1382.0,1382.0,0.16663685
1383.0,1383.0,0.1593701
1384.0,1384.0,0.0555625
1385.0,1385.0,0.4831813
1386.0,1386.0,0.40720543
1387.0,1387.0,0.32223645
1388.0,1388.0,0.26523125
1389.0,1389.0,0.3406951
1390.0,1390.0,0.4743051
1391.0,1391.0,0.26124227
1392.0,1392.0,0.3954415
1393.0,1393.0,0.23326533
1394.0,1394.0,0.09522004
1395.0,1395.0,0.23073415
1396.0,1396.0,0.038288116
1397.0,1397.0,0.3355621
1398.0,1398.0,0.4184243
1399.0,1399.0,0.33625385
1400.0,1400.0,0.43242186
1401.0,1401.0,0.27842313
1402.0,1402.0,0.45580924
1403.0,1403.0,0.36993575
1404.0,1404.0,0.38738197
1405.0,1405.0,0.17108046
1406.0,1406.0,0.23284915
1407.0,1407.0,0.46146023
1408.0,1408.0,0.29069507
1409.0,1409.0,0.33279338
1410.0,1410.0,0.68814325
1411.0,1411.0,0.3991113
1412.0,1412.0,0.24745406
1413.0,1413.0,0.13262855
1414.0,1414.0,0.29650113
1415.0,1415.0,0.30037445
1416.0,1416.0,0.46294317
1417.0,1417.0,0.4133028
1418.0,1418.0,0.21951868
1419.0,1419.0,0.48514876
1420.0,1420.0,0.11255991
1421.0,1421.0,0.38203532
1422.0,1422.0,0.33325347
1423.0,1423.0,0.5869323
1424.0,1424.0,0.5854955
1425.0,1425.0,0.5260918
1426.0,1426.0,0.41068745
1427.0,1427.0,0.5865061
1428.0,1428.0,0.3669856
1429.0,1429.0,0.1647609
1430.0,1430.0,0.48567864
1431.0,1431.0,0.68277586
1432.0,1432.0,0.15801443
1433.0,1433.0,0.20821589
1434.0,1434.0,0.4278263
1435.0,1435.0,0.20868059
1436.0,1436.0,0.11036373
1437.0,1437.0,0.21539642
1438.0,1438.0,0.38507888
1439.0,1439.0,0.19083643
1440.0,1440.0,0.2821293
1441.0,1441.0,0.15531726
1442.0,1442.0,0.42054668
1443.0,1443.0,0.20274182
1444.0,1444.0,0.19714925
1445.0,1445.0,0.55709153
1446.0,1446.0,0.2262151
1447.0,1447.0,0.1037522
1448.0,1448.0,0.33520293
1449.0,1449.0,0.12183192
1450.0,1450.0,0.06349696
1451.0,1451.0,0.13562538
1452.0,1452.0,0.056264248
1453.0,1453.0,0.6044817
1454.0,1454.0,0.12454322
1455.0,1455.0,0.47137082
1456.0,1456.0,0.13934101
1457.0,1457.0,0.28241882
1458.0,1458.0,0.15578249
1459.0,1459.0,0.33359227
1460.0,1460.0,0.3508808
1461.0,1461.0,0.101050995
1462.0,1462.0,0.3569826
1463.0,1463.0,0.5667192
1464.0,1464.0,0.263802
1465.0,1465.0,0.44568226
1466.0,1466.0,0.20607625
1467.0,1467.0,0.12979844
1468.0,1468.0,0.48856583
1469.0,1469.0,0.52774155
1470.0,1470.0,0.17668615
1471.0,1471.0,0.08699098
1472.0,1472.0,0.45233813
1473.0,1473.0,0.2120399
1474.0,1474.0,0.3601205
1475.0,1475.0,0.14961585
1476.0,1476.0,0.2562174
1477.0,1477.0,0.17311524
1478.0,1478.0,0.018797627
1479.0,1479.0,0.42186746
1480.0,1480.0,0.52017087
1481.0,1481.0,0.14608787
1482.0,1482.0,0.2999214
1483.0,1483.0,0.31522596
1484.0,1484.0,0.21789087
1485.0,1485.0,0.044975583
1486.0,1486.0,0.29693958
1487.0,1487.0,0.44409603
1488.0,1488.0,0.41007867
1489.0,1489.0,0.624997
1490.0,1490.0,0.4035666
1491.0,1491.0,0.5839685
1492.0,1492.0,0.28697807
1493.0,1493.0,0.46761605
1494.0,1494.0,0.10516349
1495.0,1495.0,0.47289416
1496.0,1496.0,0.46229145
1497.0,1497.0,0.122432105
1498.0,1498.0,0.26169744
1499.0,1499.0,0.42968112
1500.0,1500.0,0.25949335
1501.0,1501.0,0.35536468
1502.0,1502.0,0.22708298
1503.0,1503.0,0.4916738
1504.0,1504.0,0.06181569
1505.0,1505.0,0.5578225
1506.0,1506.0,0.36312965
1507.0,1507.0,0.479656
1508.0,1508.0,0.34611064
1509.0,1509.0,0.16491842
1510.0,1510.0,0.33056518
1511.0,1511.0,0.54018116
1512.0,1512.0,0.09060475
1513.0,1513.0,0.6630268
1514.0,1514.0,0.12611365
1515.0,1515.0,0.1637835
1516.0,1516.0,0.4203898
1517.0,1517.0,0.12099797
1518.0,1518.0,0.42118913
1519.0,1519.0,0.2947987
1520.0,1520.0,0.56322044
1521.0,1521.0,0.4810144
1522.0,1522.0,0.38762122
1523.0,1523.0,0.38325995
1524.0,1524.0,0.6135525
1525.0,1525.0,0.5063251
1526.0,1526.0,0.26906046
1527.0,1527.0,0.47838745
1528.0,1528.0,0.30316392
1529.0,1529.0,0.040715802
1530.0,1530.0,0.59480286
1531.0,1531.0,0.5508081
1532.0,1532.0,0.24007294
1533.0,1533.0,0.089354746
1534.0,1534.0,0.35655066
1535.0,1535.0,0.692596
1536.0,1536.0,0.33254126
1537.0,1537.0,0.3650896
1538.0,1538.0,0.5412637
1539.0,1539.0,0.13381621
1540.0,1540.0,0.3876476
1541.0,1541.0,0.046169262
1542.0,1542.0,0.32548237
1543.0,1543.0,0.4201495
1544.0,1544.0,0.36944112
1545.0,1545.0,0.16195436
1546.0,1546.0,0.19062753
1547.0,1547.0,0.14095157
1548.0,1548.0,0.4458242
1549.0,1549.0,0.33450127
1550.0,1550.0,0.050510686
1551.0,1551.0,0.5541963
1552.0,1552.0,0.08603676
1553.0,1553.0,0.36566547
1554.0,1554.0,0.09357373
1555.0,1555.0,0.30175948
1556.0,1556.0,0.14526483
1557.0,1557.0,0.35338846
1558.0,1558.0,0.34487104
1559.0,1559.0,0.13557644
1560.0,1560.0,0.19693103
1561.0,1561.0,0.2924771
1562.0,1562.0,0.17645773
1563.0,1563.0,0.43286332
1564.0,1564.0,0.3798371
1565.0,1565.0,0.22829166
1566.0,1566.0,0.36662155
1567.0,1567.0,0.16984858
1568.0,1568.0,0.40942642
1569.0,1569.0,0.49110615
1570.0,1570.0,0.32077387
1571.0,1571.0,0.11707094
1572.0,1572.0,0.24353994
1573.0,1573.0,0.063682735
1574.0,1574.0,0.40594956
1575.0,1575.0,0.02405659
1576.0,1576.0,0.16722855
1577.0,1577.0,0.5536062
1578.0,1578.0,0.18881847
1579.0,1579.0,0.5589602
1580.0,1580.0,0.28411257
1581.0,1581.0,0.4348814
1582.0,1582.0,0.59123963
1583.0,1583.0,0.20366779
1584.0,1584.0,0.55844235
1585.0,1585.0,0.43918964
1586.0,1586.0,0.34432223
1587.0,1587.0,0.109777294
1588.0,1588.0,0.55308133
1589.0,1589.0,0.23486987
1590.0,1590.0,0.19418335
1591.0,1591.0,0.3094072
1592.0,1592.0,0.6253695
1593.0,1593.0,0.27752882
1594.0,1594.0,0.33357453
1595.0,1595.0,0.37116912
1596.0,1596.0,0.1754093
1597.0,1597.0,0.34787703
1598.0,1598.0,0.4261614
1599.0,1599.0,0.26440006
1600.0,1600.0,0.3349658
1601.0,1601.0,0.21942778
1602.0,1602.0,0.45166734
1603.0,1603.0,0.4280252
1604.0,1604.0,0.17463218
1605.0,1605.0,0.60587466
1606.0,1606.0,0.24131104
1607.0,1607.0,0.32461846
1608.0,1608.0,0.5509345
1609.0,1609.0,0.11708637
1610.0,1610.0,0.23497862
1611.0,1611.0,0.33246145
1612.0,1612.0,0.15267122
1613.0,1613.0,0.46366438
1614.0,1614.0,0.09653087
1615.0,1615.0,0.39263436
1616.0,1616.0,0.16940482
1617.0,1617.0,0.30508032
1618.0,1618.0,0.20352879
1619.0,1619.0,0.30930927
1620.0,1620.0,0.21685098
1621.0,1621.0,0.23185204
1622.0,1622.0,0.119984224
1623.0,1623.0,0.2250993
1624.0,1624.0,0.30114076
1625.0,1625.0,0.48149696
1626.0,1626.0,0.24361637
1627.0,1627.0,0.6826502
1628.0,1628.0,0.47168815
1629.0,1629.0,0.3587482
1630.0,1630.0,0.21734075
1631.0,1631.0,0.16965745
1632.0,1632.0,0.14542742
1633.0,1633.0,0.5468508
1634.0,1634.0,0.24410377
1635.0,1635.0,0.41211665
1636.0,1636.0,0.22004262
1637.0,1637.0,0.10503252
1638.0,1638.0,0.4252063
1639.0,1639.0,0.033305023
1640.0,1640.0,0.06835526
1641.0,1641.0,0.18421842
1642.0,1642.0,0.3394023
1643.0,1643.0,0.09762578
1644.0,1644.0,0.10263651
1645.0,1645.0,0.48837942
1646.0,1646.0,0.17809734
1647.0,1647.0,0.1512511
1648.0,1648.0,0.53440523
1649.0,1649.0,0.16405916
1650.0,1650.0,0.51791346
1651.0,1651.0,0.15196598
1652.0,1652.0,0.05543685
1653.0,1653.0,0.043865763
1654.0,1654.0,0.6420621
1655.0,1655.0,0.047420137
1656.0,1656.0,0.5321148
1657.0,1657.0,0.32199168
1658.0,1658.0,0.5640664
1659.0,1659.0,0.6748912
1660.0,1660.0,0.27158028
1661.0,1661.0,0.51223874
1662.0,1662.0,0.28433013
1663.0,1663.0,0.15735745
1664.0,1664.0,0.37949666
1665.0,1665.0,0.32274073
1666.0,1666.0,0.30701348
1667.0,1667.0,0.38895994
1668.0,1668.0,0.13116124
1669.0,1669.0,0.1407131
1670.0,1670.0,0.30331892
1671.0,1671.0,0.658403
1672.0,1672.0,0.21070655
1673.0,1673.0,0.47954962
1674.0,1674.0,0.4609211
1675.0,1675.0,0.44999006
1676.0,1676.0,0.20563522
1677.0,1677.0,0.43648997
1678.0,1678.0,0.2385263
1679.0,1679.0,0.29992136
1680.0,1680.0,0.35275775
1681.0,1681.0,0.62655455
1682.0,1682.0,0.68651116
1683.0,1683.0,0.4238907
1684.0,1684.0,0.56211513
1685.0,1685.0,0.09047627
1686.0,1686.0,0.6863654
1687.0,1687.0,0.47852436
1688.0,1688.0,0.12633918
1689.0,1689.0,0.38735774
1690.0,1690.0,0.44494104
1691.0,1691.0,0.20558655
1692.0,1692.0,0.09504587
1693.0,1693.0,0.39463118
1694.0,1694.0,0.15797406
1695.0,1695.0,0.19080928
1696.0,1696.0,0.47058392
1697.0,1697.0,0.35221684
1698.0,1698.0,0.3043076
1699.0,1699.0,0.2832128
1700.0,1700.0,0.10327579
1701.0,1701.0,0.44964838
1702.0,1702.0,0.16075176
1703.0,1703.0,0.3895437
1704.0,1704.0,0.2765931
1705.0,1705.0,0.4366735
1706.0,1706.0,0.63909197
1707.0,1707.0,0.6999798
1708.0,1708.0,0.57228255
1709.0,1709.0,0.33791733
1710.0,1710.0,0.11545488
1711.0,1711.0,0.69772387
1712.0,1712.0,0.51287633
1713.0,1713.0,0.43607688
1714.0,1714.0,0.16047336
1715.0,1715.0,0.280148
1716.0,1716.0,0.5971502
1717.0,1717.0,0.30648234
1718.0,1718.0,0.16483167
1719.0,1719.0,0.51931894
1720.0,1720.0,0.36426875
1721.0,1721.0,0.12585929
1722.0,1722.0,0.14600748
1723.0,1723.0,0.46353212
1724.0,1724.0,0.45839193
1725.0,1725.0,0.33931187
1726.0,1726.0,0.35114568
1727.0,1727.0,0.10834257
1728.0,1728.0,0.36111072
1729.0,1729.0,0.065768994
1730.0,1730.0,0.35804927
1731.0,1731.0,0.33877376
1732.0,1732.0,0.5423762
1733.0,1733.0,0.46730736
1734.0,1734.0,0.24367693
1735.0,1735.0,0.4350006
1736.0,1736.0,0.21272643
1737.0,1737.0,0.2991652
1738.0,1738.0,0.30937874
1739.0,1739.0,0.18295923
1740.0,1740.0,0.24116781
1741.0,1741.0,0.5525365
1742.0,1742.0,0.51496416
1743.0,1743.0,0.094973
1744.0,1744.0,0.24628077
1745.0,1745.0,0.38483915
1746.0,1746.0,0.25924703
1747.0,1747.0,0.6050152
1748.0,1748.0,0.2723838
1749.0,1749.0,0.27162576
1750.0,1750.0,0.3805066
1751.0,1751.0,0.58783543
1752.0,1752.0,0.12527686
1753.0,1753.0,0.20786329
1754.0,1754.0,0.09491209
1755.0,1755.0,0.1331303
1756.0,1756.0,0.34472355
1757.0,1757.0,0.12575418
1758.0,1758.0,0.07664459
1759.0,1759.0,0.2788833
1760.0,1760.0,0.3525
1761.0,1761.0,0.7313831
1762.0,1762.0,0.03959729
1763.0,1763.0,0.07855592
1764.0,1764.0,0.22975948
1765.0,1765.0,0.54566073
1766.0,1766.0,0.70107794
1767.0,1767.0,0.2635224
1768.0,1768.0,0.60410744
1769.0,1769.0,0.38162324
1770.0,1770.0,0.54462224
1771.0,1771.0,0.4536689
1772.0,1772.0,0.39690843
1773.0,1773.0,0.3055429
1774.0,1774.0,0.50034875
1775.0,1775.0,0.6691176
1776.0,1776.0,0.145559
1777.0,1777.0,0.5958779
1778.0,1778.0,0.5329859
1779.0,1779.0,0.7101155
1780.0,1780.0,0.24698476
1781.0,1781.0,0.29136905
1782.0,1782.0,0.5948078
1783.0,1783.0,0.23754357
1784.0,1784.0,0.3810817
1785.0,1785.0,0.4844025
1786.0,1786.0,0.32995895
1787.0,1787.0,0.28850624
1788.0,1788.0,0.57107913
1789.0,1789.0,0.27074197
1790.0,1790.0,0.25436774
1791.0,1791.0,0.61905307
1792.0,1792.0,0.4127125
1793.0,1793.0,0.36157924
1794.0,1794.0,0.3510123
1795.0,1795.0,0.33877113
1796.0,1796.0,0.36454588
1797.0,1797.0,0.39478424
1798.0,1798.0,0.3175376
1799.0,1799.0,0.21905199
1800.0,1800.0,0.25459415
1801.0,1801.0,0.34620523
1802.0,1802.0,0.12709793
1803.0,1803.0,0.29632437
1804.0,1804.0,0.18594392
1805.0,1805.0,0.4988276
1806.0,1806.0,0.59876823
1807.0,1807.0,0.16595
1808.0,1808.0,0.36268988
1809.0,1809.0,0.20349322
1810.0,1810.0,0.590309
1811.0,1811.0,0.5573087
1812.0,1812.0,0.60388285
1813.0,1813.0,0.13454276
1814.0,1814.0,0.3369815
1815.0,1815.0,0.58076984
1816.0,1816.0,0.5665146
1817.0,1817.0,0.31151012
1818.0,1818.0,0.42074737
1819.0,1819.0,0.23364073
1820.0,1820.0,0.4131953
1821.0,1821.0,0.12938237
1822.0,1822.0,0.5293618
1823.0,1823.0,0.3366572
1824.0,1824.0,0.5771519
1825.0,1825.0,0.10528008
1826.0,1826.0,0.30311587
1827.0,1827.0,0.31461975
1828.0,1828.0,0.58406585
1829.0,1829.0,0.46415928
1830.0,1830.0,0.29868522
1831.0,1831.0,0.25875974
1832.0,1832.0,0.48959938
1833.0,1833.0,0.29265252
1834.0,1834.0,0.5571491
1835.0,1835.0,0.16483828
1836.0,1836.0,0.122318156
1837.0,1837.0,0.15049413
1838.0,1838.0,0.6061975
1839.0,1839.0,0.68675864
1840.0,1840.0,0.20390198
1841.0,1841.0,0.036156926
1842.0,1842.0,0.33396602
1843.0,1843.0,0.29925534
1844.0,1844.0,0.5988888
1845.0,1845.0,0.35828912
1846.0,1846.0,0.5344688
1847.0,1847.0,0.2454283
1848.0,1848.0,0.5596182
1849.0,1849.0,0.12639426
1850.0,1850.0,0.573264
1851.0,1851.0,0.68288934
1852.0,1852.0,0.15042081
1853.0,1853.0,0.40134123
1854.0,1854.0,0.71378714
1855.0,1855.0,0.5242029
1856.0,1856.0,0.5613534
1857.0,1857.0,0.05805755
1858.0,1858.0,0.36409038
1859.0,1859.0,0.46292606
1860.0,1860.0,0.40919548
1861.0,1861.0,0.44009677
1862.0,1862.0,0.52772915
1863.0,1863.0,0.06367461
1864.0,1864.0,0.45463756
1865.0,1865.0,0.32658485
1866.0,1866.0,0.1569856
1867.0,1867.0,0.10030817
1868.0,1868.0,0.20832804
1869.0,1869.0,0.25345126
1870.0,1870.0,0.567671
1871.0,1871.0,0.6131392
1872.0,1872.0,0.18492542
1873.0,1873.0,0.5473948
1874.0,1874.0,0.47860193
1875.0,1875.0,0.11620277
1876.0,1876.0,0.046518
1877.0,1877.0,0.16451955
1878.0,1878.0,0.17232534
1879.0,1879.0,0.66466224
1880.0,1880.0,0.4335342
1881.0,1881.0,0.62905693
1882.0,1882.0,0.55702466
1883.0,1883.0,0.4041255
1884.0,1884.0,0.33150822
1885.0,1885.0,0.17026874
1886.0,1886.0,0.29153973
1887.0,1887.0,0.30060542
1888.0,1888.0,0.30717656
1889.0,1889.0,0.31130457
1890.0,1890.0,0.30733037
1891.0,1891.0,0.3229362
1892.0,1892.0,0.37553552
1893.0,1893.0,0.24284804
1894.0,1894.0,0.59175843
1895.0,1895.0,0.1744027
1896.0,1896.0,0.34588975
1897.0,1897.0,0.6067098
1898.0,1898.0,0.3205011
1899.0,1899.0,0.27609053
1900.0,1900.0,0.5079977
1901.0,1901.0,0.7114033
1902.0,1902.0,0.17538576
1903.0,1903.0,0.15391691
1904.0,1904.0,0.2609074
1905.0,1905.0,0.33401582
1906.0,1906.0,0.0665976
1907.0,1907.0,0.44487575
1908.0,1908.0,0.47446433
1909.0,1909.0,0.20331617
1910.0,1910.0,0.37771553
1911.0,1911.0,0.30199265
1912.0,1912.0,0.50475657
1913.0,1913.0,0.29643303
1914.0,1914.0,0.47847718
1915.0,1915.0,0.3670981
1916.0,1916.0,0.18628803
1917.0,1917.0,0.6059822
1918.0,1918.0,0.5904135
1919.0,1919.0,0.6038645
1920.0,1920.0,0.14063366
1921.0,1921.0,0.10208964
1922.0,1922.0,0.36292928
1923.0,1923.0,0.48973763
1924.0,1924.0,0.35942635
1925.0,1925.0,0.45353934
1926.0,1926.0,0.4266221
1927.0,1927.0,0.44608936
1928.0,1928.0,0.24389943
1929.0,1929.0,0.08154159
1930.0,1930.0,0.2639363
1931.0,1931.0,0.23831174
1932.0,1932.0,0.29765284
1933.0,1933.0,0.29804426
1934.0,1934.0,0.3300617
1935.0,1935.0,0.45610934
1936.0,1936.0,0.46587878
1937.0,1937.0,0.5328496
1938.0,1938.0,0.06434774
1939.0,1939.0,0.22187786
1940.0,1940.0,0.40746608
1941.0,1941.0,0.3633112
1942.0,1942.0,0.17315437
1943.0,1943.0,0.41789052
1944.0,1944.0,0.20504442
1945.0,1945.0,0.17973864
1946.0,1946.0,0.036034305
1947.0,1947.0,0.43234357
1948.0,1948.0,0.04867892
1949.0,1949.0,0.2630201
1950.0,1950.0,0.30355185
1951.0,1951.0,0.50586784
1952.0,1952.0,0.44045347
1953.0,1953.0,0.23866843
1954.0,1954.0,0.64797735
1955.0,1955.0,0.5309592
1956.0,1956.0,0.7330048
1957.0,1957.0,0.5708682
1958.0,1958.0,0.2752009
1959.0,1959.0,0.10481825
1960.0,1960.0,0.6147418
1961.0,1961.0,0.45785183
1962.0,1962.0,0.40100792
1963.0,1963.0,0.09176823
1964.0,1964.0,0.11621782
1965.0,1965.0,0.074124135
1966.0,1966.0,0.3104496
1967.0,1967.0,0.2504847
1968.0,1968.0,0.19511777
1969.0,1969.0,0.18199837
1970.0,1970.0,0.4893216
1971.0,1971.0,0.26711574
1972.0,1972.0,0.0306633
1973.0,1973.0,0.72794676
1974.0,1974.0,0.31480128
1975.0,1975.0,0.19543752
1976.0,1976.0,0.37706327
1977.0,1977.0,0.41613805
1978.0,1978.0,0.20521961
1979.0,1979.0,0.6234618
1980.0,1980.0,0.22802053
1981.0,1981.0,0.09526574
1982.0,1982.0,0.37222785
1983.0,1983.0,0.46343774
1984.0,1984.0,0.33926493
1985.0,1985.0,0.38646874
1986.0,1986.0,0.606045
1987.0,1987.0,0.10541307
1988.0,1988.0,0.4198348
1989.0,1989.0,0.24106771
1990.0,1990.0,0.12535252
1991.0,1991.0,0.071159855
1992.0,1992.0,0.3843031
1993.0,1993.0,0.35202396
1994.0,1994.0,0.43015262
1995.0,1995.0,0.26259872
1996.0,1996.0,0.024428358
1997.0,1997.0,0.2858771
1998.0,1998.0,0.18036437
1999.0,1999.0,0.19478613
2000.0,2000.0,0.28841907
2001.0,2001.0,0.2802951
2002.0,2002.0,0.32837886
2003.0,2003.0,0.38741255
2004.0,2004.0,0.7649785
2005.0,2005.0,0.5711906
2006.0,2006.0,0.4026419
2007.0,2007.0,0.15404566
2008.0,2008.0,0.53955287
2009.0,2009.0,0.32900092
2010.0,2010.0,0.21532089
2011.0,2011.0,0.09762683
2012.0,2012.0,0.53510404
2013.0,2013.0,0.15061247
2014.0,2014.0,0.29981974
2015.0,2015.0,0.51927596
2016.0,2016.0,0.21891715
2017.0,2017.0,0.30007878
2018.0,2018.0,0.1252342
2019.0,2019.0,0.328932
2020.0,2020.0,0.29682478
2021.0,2021.0,0.54747
2022.0,2022.0,0.2803355
2023.0,2023.0,0.48326635
2024.0,2024.0,0.48297969
2025.0,2025.0,0.6153816
2026.0,2026.0,0.41101208
2027.0,2027.0,0.5434769
2028.0,2028.0,0.19539836
2029.0,2029.0,0.18364671
2030.0,2030.0,0.086136445
2031.0,2031.0,0.3397761
2032.0,2032.0,0.47260886
2033.0,2033.0,0.21457493
2034.0,2034.0,0.26682913
2035.0,2035.0,0.23640084
2036.0,2036.0,0.03268971
2037.0,2037.0,0.10943139
2038.0,2038.0,0.31693882
2039.0,2039.0,0.59305805
2040.0,2040.0,0.1640995
2041.0,2041.0,0.3875314
2042.0,2042.0,0.21890664
2043.0,2043.0,0.6042046
2044.0,2044.0,0.21263358
2045.0,2045.0,0.5673467
2046.0,2046.0,0.53458095
2047.0,2047.0,0.25257543
2048.0,2048.0,0.16719024
2049.0,2049.0,0.39963728
2050.0,2050.0,0.4703357
2051.0,2051.0,0.31993425
2052.0,2052.0,0.124023944
2053.0,2053.0,0.22346811
2054.0,2054.0,0.30086726
2055.0,2055.0,0.5352023
2056.0,2056.0,0.6337228
2057.0,2057.0,0.3850434
2058.0,2058.0,0.24011809
2059.0,2059.0,0.20578381
2060.0,2060.0,0.5257349
2061.0,2061.0,0.21066247
2062.0,2062.0,0.370646
2063.0,2063.0,0.3653347
2064.0,2064.0,0.29024777
2065.0,2065.0,0.5490752
2066.0,2066.0,0.48267484
2067.0,2067.0,0.5333587
2068.0,2068.0,0.20202798
2069.0,2069.0,0.058011863
2070.0,2070.0,0.26762947
2071.0,2071.0,0.30432212
2072.0,2072.0,0.4571909
2073.0,2073.0,0.17205307
2074.0,2074.0,0.4521794
2075.0,2075.0,0.30006528
2076.0,2076.0,0.32646817
2077.0,2077.0,0.5984587
2078.0,2078.0,0.10763392
2079.0,2079.0,0.4908756
2080.0,2080.0,0.3298569
2081.0,2081.0,0.1956292
2082.0,2082.0,0.48807237
2083.0,2083.0,0.38365182
2084.0,2084.0,0.5358204
2085.0,2085.0,0.34687307
2086.0,2086.0,0.2868177
2087.0,2087.0,0.12726207
2088.0,2088.0,0.07588405
2089.0,2089.0,0.18170485
2090.0,2090.0,0.5514689
2091.0,2091.0,0.6170373
2092.0,2092.0,0.43133378
2093.0,2093.0,0.37747124
2094.0,2094.0,0.17146878
2095.0,2095.0,0.1486657
2096.0,2096.0,0.059693556
2097.0,2097.0,0.10928991
2098.0,2098.0,0.4534628
2099.0,2099.0,0.20453864
2100.0,2100.0,0.13981934
2101.0,2101.0,0.5236527
2102.0,2102.0,0.33449468
2103.0,2103.0,0.11047481
2104.0,2104.0,0.15196073
2105.0,2105.0,0.29284206
2106.0,2106.0,0.41900626
2107.0,2107.0,0.5866406
2108.0,2108.0,0.2554923
2109.0,2109.0,0.17064746
2110.0,2110.0,0.19287735
2111.0,2111.0,0.2146452
2112.0,2112.0,0.11942107
2113.0,2113.0,0.26933795
2114.0,2114.0,0.5598858
2115.0,2115.0,0.7327428
2116.0,2116.0,0.3583308
2117.0,2117.0,0.2854098
2118.0,2118.0,0.26060817
2119.0,2119.0,0.046806633
2120.0,2120.0,0.6345258
2121.0,2121.0,0.31331596
2122.0,2122.0,0.03592476
2123.0,2123.0,0.5594534
2124.0,2124.0,0.53963566
2125.0,2125.0,0.36378363
2126.0,2126.0,0.16062936
2127.0,2127.0,0.5976988
2128.0,2128.0,0.46087673
2129.0,2129.0,0.4338382
2130.0,2130.0,0.28131652
2131.0,2131.0,0.20974045
2132.0,2132.0,0.16769406
2133.0,2133.0,0.18370932
2134.0,2134.0,0.3160671
2135.0,2135.0,0.17277664
2136.0,2136.0,0.40422666
2137.0,2137.0,0.24729349
2138.0,2138.0,0.22740345
2139.0,2139.0,0.15838708
2140.0,2140.0,0.17902909
2141.0,2141.0,0.39008507
2142.0,2142.0,0.3274131
2143.0,2143.0,0.49266773
2144.0,2144.0,0.503077
2145.0,2145.0,0.44032818
2146.0,2146.0,0.35649782
2147.0,2147.0,0.5793273
2148.0,2148.0,0.30681252
2149.0,2149.0,0.4831175
2150.0,2150.0,0.55972534
2151.0,2151.0,0.36183852
2152.0,2152.0,0.51546115
2153.0,2153.0,0.31162384
2154.0,2154.0,0.5211811
2155.0,2155.0,0.34288687
2156.0,2156.0,0.30391133
2157.0,2157.0,0.43903327
2158.0,2158.0,0.4606661
2159.0,2159.0,0.58026874
2160.0,2160.0,0.22473043
2161.0,2161.0,0.61283493
2162.0,2162.0,0.32089916
2163.0,2163.0,0.5679728
2164.0,2164.0,0.15861446
2165.0,2165.0,0.5250865
2166.0,2166.0,0.09850863
2167.0,2167.0,0.16769037
2168.0,2168.0,0.47217408
2169.0,2169.0,0.35278717
2170.0,2170.0,0.062019225
2171.0,2171.0,0.19058318
2172.0,2172.0,0.3452073
2173.0,2173.0,0.6226095
2174.0,2174.0,0.2527083
2175.0,2175.0,0.29639524
2176.0,2176.0,0.49890208
2177.0,2177.0,0.12174203
2178.0,2178.0,0.13290174
2179.0,2179.0,0.1968019
2180.0,2180.0,0.14853463
2181.0,2181.0,0.15610796
2182.0,2182.0,0.46782997
2183.0,2183.0,0.11757721
2184.0,2184.0,0.2626921
2185.0,2185.0,0.25089872
2186.0,2186.0,0.5117912
2187.0,2187.0,0.3308531
2188.0,2188.0,0.20283352
2189.0,2189.0,0.48366517
2190.0,2190.0,0.121248014
2191.0,2191.0,0.36943808
2192.0,2192.0,0.5660012
2193.0,2193.0,0.6020415
2194.0,2194.0,0.6989264
2195.0,2195.0,0.40401956
2196.0,2196.0,0.58324665
2197.0,2197.0,0.32626748
2198.0,2198.0,0.2735853
2199.0,2199.0,0.21895078
2200.0,2200.0,0.23876426
2201.0,2201.0,0.5396468
2202.0,2202.0,0.16911747
2203.0,2203.0,0.4622518
2204.0,2204.0,0.059776563
2205.0,2205.0,0.6017586
2206.0,2206.0,0.28816074
2207.0,2207.0,0.22813708
2208.0,2208.0,0.59348273
2209.0,2209.0,0.2895708
2210.0,2210.0,0.5811093
2211.0,2211.0,0.51022685
2212.0,2212.0,0.19341846
2213.0,2213.0,0.44463935
2214.0,2214.0,0.3636302
2215.0,2215.0,0.1472479
2216.0,2216.0,0.5946948
2217.0,2217.0,0.09614487
2218.0,2218.0,0.6124666
2219.0,2219.0,0.5856613
2220.0,2220.0,0.3556295
2221.0,2221.0,0.19963072
2222.0,2222.0,0.37613103
2223.0,2223.0,0.49869403
2224.0,2224.0,0.042622827
2225.0,2225.0,0.61425424
2226.0,2226.0,0.36704248
2227.0,2227.0,0.30375323
2228.0,2228.0,0.60093296
2229.0,2229.0,0.5584298
2230.0,2230.0,0.15652096
2231.0,2231.0,0.29495996
2232.0,2232.0,0.64403456
2233.0,2233.0,0.23293975
2234.0,2234.0,0.4586817
2235.0,2235.0,0.4378949
2236.0,2236.0,0.18910792
2237.0,2237.0,0.27802044
2238.0,2238.0,0.19790527
2239.0,2239.0,0.33375016
2240.0,2240.0,0.57712376
2241.0,2241.0,0.15837248
2242.0,2242.0,0.08927848
2243.0,2243.0,0.47721243
2244.0,2244.0,0.6177388
2245.0,2245.0,0.068521306
2246.0,2246.0,0.439852
2247.0,2247.0,0.50581163
2248.0,2248.0,0.19981033
2249.0,2249.0,0.58924884
2250.0,2250.0,0.398696
2251.0,2251.0,0.17897032
2252.0,2252.0,0.33234724
2253.0,2253.0,0.24004653
2254.0,2254.0,0.29906094
2255.0,2255.0,0.470515
2256.0,2256.0,0.4731215
2257.0,2257.0,0.14895898
2258.0,2258.0,0.29359585
2259.0,2259.0,0.05603779
2260.0,2260.0,0.4506112
2261.0,2261.0,0.5400327
2262.0,2262.0,0.13118038
2263.0,2263.0,0.23845719
2264.0,2264.0,0.29571825
2265.0,2265.0,0.09734054
2266.0,2266.0,0.3212707
2267.0,2267.0,0.14486691
2268.0,2268.0,0.36902678
2269.0,2269.0,0.55300874
2270.0,2270.0,0.616586
2271.0,2271.0,0.2854969
2272.0,2272.0,0.29457012
2273.0,2273.0,0.22813757
2274.0,2274.0,0.27348256
2275.0,2275.0,0.4053481
2276.0,2276.0,0.1045542
2277.0,2277.0,0.3039691
2278.0,2278.0,0.2873011
2279.0,2279.0,0.5663813
2280.0,2280.0,0.33979157
2281.0,2281.0,0.037396934
2282.0,2282.0,0.30651438
2283.0,2283.0,0.25230262
2284.0,2284.0,0.31059957
2285.0,2285.0,0.5077766
2286.0,2286.0,0.58172375
2287.0,2287.0,0.08621658
2288.0,2288.0,0.33241236
2289.0,2289.0,0.344804
2290.0,2290.0,0.25818613
2291.0,2291.0,0.13390085
2292.0,2292.0,0.16162567
2293.0,2293.0,0.45435792
2294.0,2294.0,0.31051886
2295.0,2295.0,0.19574013
2296.0,2296.0,0.33058012
2297.0,2297.0,0.36712167
2298.0,2298.0,0.33915654
2299.0,2299.0,0.33363098
2300.0,2300.0,0.3004307
2301.0,2301.0,0.49030086
2302.0,2302.0,0.39856988
2303.0,2303.0,0.52149016
2304.0,2304.0,0.46360254
2305.0,2305.0,0.06229774
2306.0,2306.0,0.18994038
2307.0,2307.0,0.06927309
2308.0,2308.0,0.096088305
2309.0,2309.0,0.1110652
2310.0,2310.0,0.4978928
2311.0,2311.0,0.48207083
2312.0,2312.0,0.14953478
2313.0,2313.0,0.2941825
2314.0,2314.0,0.5195047
2315.0,2315.0,0.3856544
2316.0,2316.0,0.49591017
2317.0,2317.0,0.14834294
2318.0,2318.0,0.62966895
2319.0,2319.0,0.35060656
2320.0,2320.0,0.0352719
2321.0,2321.0,0.23084928
2322.0,2322.0,0.28317195
2323.0,2323.0,0.08104089
2324.0,2324.0,0.16952002
2325.0,2325.0,0.16619971
2326.0,2326.0,0.39385116
2327.0,2327.0,0.30363545
2328.0,2328.0,0.4235951
2329.0,2329.0,0.28127205
2330.0,2330.0,0.6191212
2331.0,2331.0,0.24451214
2332.0,2332.0,0.5823235
2333.0,2333.0,0.04633021
2334.0,2334.0,0.30461162
2335.0,2335.0,0.09815213
2336.0,2336.0,0.4592051
2337.0,2337.0,0.32507196
2338.0,2338.0,0.44868073
2339.0,2339.0,0.33375287
2340.0,2340.0,0.14513822
2341.0,2341.0,0.3958337
2342.0,2342.0,0.3880592
2343.0,2343.0,0.11279128
2344.0,2344.0,0.60799056
2345.0,2345.0,0.4789882
2346.0,2346.0,0.4207104
2347.0,2347.0,0.4501559
2348.0,2348.0,0.20382011
2349.0,2349.0,0.2907599
2350.0,2350.0,0.44680583
2351.0,2351.0,0.17505912
2352.0,2352.0,0.42556202
2353.0,2353.0,0.27423143
2354.0,2354.0,0.13827817
2355.0,2355.0,0.17067526
2356.0,2356.0,0.17016189
2357.0,2357.0,0.28514177
2358.0,2358.0,0.24364746
2359.0,2359.0,0.21445224
2360.0,2360.0,0.13303271
2361.0,2361.0,0.111679904
2362.0,2362.0,0.05398062
2363.0,2363.0,0.24059628
2364.0,2364.0,0.37557644
2365.0,2365.0,0.34090298
2366.0,2366.0,0.39959168
2367.0,2367.0,0.17510757
2368.0,2368.0,0.50925887
2369.0,2369.0,0.24564981
2370.0,2370.0,0.36684805
2371.0,2371.0,0.26009154
2372.0,2372.0,0.07501975
2373.0,2373.0,0.2875574
2374.0,2374.0,0.44987994
2375.0,2375.0,0.36539963
2376.0,2376.0,0.5700291
2377.0,2377.0,0.30929816
2378.0,2378.0,0.35799155
2379.0,2379.0,0.34195217
2380.0,2380.0,0.31402034
2381.0,2381.0,0.26213416
2382.0,2382.0,0.5602184
2383.0,2383.0,0.21414945
2384.0,2384.0,0.45509496
2385.0,2385.0,0.38256523
2386.0,2386.0,0.30357596
2387.0,2387.0,0.42157528
2388.0,2388.0,0.2591761
2389.0,2389.0,0.39376065
2390.0,2390.0,0.2835295
2391.0,2391.0,0.43074158
2392.0,2392.0,0.53848433
2393.0,2393.0,0.5550751
2394.0,2394.0,0.13967292
2395.0,2395.0,0.5549373
2396.0,2396.0,0.2582736
2397.0,2397.0,0.28032866
2398.0,2398.0,0.31483275
2399.0,2399.0,0.24007146
2400.0,2400.0,0.15126747
2401.0,2401.0,0.21187307
2402.0,2402.0,0.10263889
2403.0,2403.0,0.10481364
2404.0,2404.0,0.15894632
2405.0,2405.0,0.3289414
2406.0,2406.0,0.14646456
2407.0,2407.0,0.37037593
2408.0,2408.0,0.30522448
2409.0,2409.0,0.19842693
2410.0,2410.0,0.2997981
2411.0,2411.0,0.19729163
2412.0,2412.0,0.26499757
2413.0,2413.0,0.5764942
2414.0,2414.0,0.5244933
2415.0,2415.0,0.12637103
2416.0,2416.0,0.34966668
2417.0,2417.0,0.32377163
2418.0,2418.0,0.47041342
2419.0,2419.0,0.22715919
2420.0,2420.0,0.4912892
2421.0,2421.0,0.38919136
2422.0,2422.0,0.68847364
2423.0,2423.0,0.37921336
2424.0,2424.0,0.29929173
2425.0,2425.0,0.38654378
2426.0,2426.0,0.34725097
2427.0,2427.0,0.3076177
2428.0,2428.0,0.43715477
2429.0,2429.0,0.3551613
2430.0,2430.0,0.52493787
2431.0,2431.0,0.35226965
2432.0,2432.0,0.18268074
2433.0,2433.0,0.3318014
2434.0,2434.0,0.26844734
2435.0,2435.0,0.4911717
2436.0,2436.0,0.37122166
2437.0,2437.0,0.343917
2438.0,2438.0,0.1297128
2439.0,2439.0,0.22403382
2440.0,2440.0,0.47953215
2441.0,2441.0,0.4220679
2442.0,2442.0,0.31666932
2443.0,2443.0,0.37095687
2444.0,2444.0,0.2668879
2445.0,2445.0,0.50702316
2446.0,2446.0,0.20457336
2447.0,2447.0,0.24432756
2448.0,2448.0,0.10418474
2449.0,2449.0,0.13711335
2450.0,2450.0,0.087148845
2451.0,2451.0,0.046592213
2452.0,2452.0,0.29143015
2453.0,2453.0,0.4133406
2454.0,2454.0,0.34773007
2455.0,2455.0,0.11134723
2456.0,2456.0,0.12769625
2457.0,2457.0,0.3994386
2458.0,2458.0,0.49508575
2459.0,2459.0,0.07150268
2460.0,2460.0,0.08522128
2461.0,2461.0,0.4529501
2462.0,2462.0,0.3030653
2463.0,2463.0,0.34787348
2464.0,2464.0,0.25398505
2465.0,2465.0,0.40291947
2466.0,2466.0,0.13617289
2467.0,2467.0,0.23760396
2468.0,2468.0,0.16666248
2469.0,2469.0,0.13200386
2470.0,2470.0,0.4109585
2471.0,2471.0,0.5252068
2472.0,2472.0,0.3593877
2473.0,2473.0,0.57982486
2474.0,2474.0,0.27393925
2475.0,2475.0,0.19337296
2476.0,2476.0,0.26717353
2477.0,2477.0,0.31828523
2478.0,2478.0,0.41728565
2479.0,2479.0,0.14254506
2480.0,2480.0,0.20553903
2481.0,2481.0,0.21632472
2482.0,2482.0,0.41447464
2483.0,2483.0,0.15234704
2484.0,2484.0,0.25494036
2485.0,2485.0,0.029813142
2486.0,2486.0,0.16582742
2487.0,2487.0,0.2915884
2488.0,2488.0,0.22168949
2489.0,2489.0,0.52040017
2490.0,2490.0,0.59282213
2491.0,2491.0,0.5428209
2492.0,2492.0,0.16210076
2493.0,2493.0,0.279261
2494.0,2494.0,0.548185
2495.0,2495.0,0.105493344
2496.0,2496.0,0.5159016
2497.0,2497.0,0.43233714
2498.0,2498.0,0.20399182
2499.0,2499.0,0.49618056
2500.0,2500.0,0.49146035
2501.0,2501.0,0.5708296
2502.0,2502.0,0.21687245
2503.0,2503.0,0.13401523
2504.0,2504.0,0.22727524
2505.0,2505.0,0.35207313
2506.0,2506.0,0.2598057
2507.0,2507.0,0.31234455
2508.0,2508.0,0.41600096
2509.0,2509.0,0.117436245
2510.0,2510.0,0.48056313
2511.0,2511.0,0.18123674
2512.0,2512.0,0.34802854
2513.0,2513.0,0.082490146
2514.0,2514.0,0.31936875
2515.0,2515.0,0.6439016
2516.0,2516.0,0.3360221
2517.0,2517.0,0.118361816
2518.0,2518.0,0.42748404
2519.0,2519.0,0.13491833
2520.0,2520.0,0.31624028
2521.0,2521.0,0.22138584
2522.0,2522.0,0.14506994
2523.0,2523.0,0.5100402
2524.0,2524.0,0.47075537
2525.0,2525.0,0.36014357
2526.0,2526.0,0.11335633
2527.0,2527.0,0.6543742
2528.0,2528.0,0.45142645
2529.0,2529.0,0.22046971
2530.0,2530.0,0.24341749
2531.0,2531.0,0.23801605
2532.0,2532.0,0.70250005
2533.0,2533.0,0.45250106
2534.0,2534.0,0.24846634
2535.0,2535.0,0.26542848
2536.0,2536.0,0.19679049
2537.0,2537.0,0.39228398
2538.0,2538.0,0.24567503
2539.0,2539.0,0.039982412
2540.0,2540.0,0.36739975
2541.0,2541.0,0.20255297
2542.0,2542.0,0.2980803
2543.0,2543.0,0.12817599
2544.0,2544.0,0.033314466
2545.0,2545.0,0.36549184
2546.0,2546.0,0.23386663
2547.0,2547.0,0.12601474
2548.0,2548.0,0.09069577
2549.0,2549.0,0.3113139
2550.0,2550.0,0.05905364
2551.0,2551.0,0.41549185
2552.0,2552.0,0.27402866
2553.0,2553.0,0.2417959
2554.0,2554.0,0.06502337
2555.0,2555.0,0.10656137
2556.0,2556.0,0.21596797
2557.0,2557.0,0.12668505
2558.0,2558.0,0.29023468
2559.0,2559.0,0.3964871
2560.0,2560.0,0.3033768
2561.0,2561.0,0.5270977
2562.0,2562.0,0.16758113
2563.0,2563.0,0.04162119
2564.0,2564.0,0.36538726
2565.0,2565.0,0.4909871
2566.0,2566.0,0.04979902
2567.0,2567.0,0.27590558
2568.0,2568.0,0.11320917
2569.0,2569.0,0.29137084
2570.0,2570.0,0.4614229
2571.0,2571.0,0.10619936
2572.0,2572.0,0.5692172
2573.0,2573.0,0.18423851
2574.0,2574.0,0.30215982
2575.0,2575.0,0.19846497
2576.0,2576.0,0.08453402
2577.0,2577.0,0.30038399
2578.0,2578.0,0.5816703
2579.0,2579.0,0.1392727
2580.0,2580.0,0.092673846
2581.0,2581.0,0.34134617
2582.0,2582.0,0.05473962
2583.0,2583.0,0.3206116
2584.0,2584.0,0.21819638
2585.0,2585.0,0.17259587
2586.0,2586.0,0.27611455
2587.0,2587.0,0.2754819
2588.0,2588.0,0.47559488
2589.0,2589.0,0.53410476
2590.0,2590.0,0.2790169
2591.0,2591.0,0.27060947
2592.0,2592.0,0.096448794
2593.0,2593.0,0.28205353
2594.0,2594.0,0.39576492
2595.0,2595.0,0.2230208
2596.0,2596.0,0.26960003
2597.0,2597.0,0.55206007
2598.0,2598.0,0.6448646
2599.0,2599.0,0.5321508
2600.0,2600.0,0.4397745
2601.0,2601.0,0.6203712
2602.0,2602.0,0.1364063
2603.0,2603.0,0.41501775
2604.0,2604.0,0.38081488
2605.0,2605.0,0.65567607
2606.0,2606.0,0.26382565
2607.0,2607.0,0.34072563
2608.0,2608.0,0.30821288
2609.0,2609.0,0.12828174
2610.0,2610.0,0.31238094
2611.0,2611.0,0.68406373
2612.0,2612.0,0.22864604
2613.0,2613.0,0.36908725
2614.0,2614.0,0.11276677
2615.0,2615.0,0.18015778
2616.0,2616.0,0.13368435
2617.0,2617.0,0.13536929
2618.0,2618.0,0.3165931
2619.0,2619.0,0.23474327
2620.0,2620.0,0.08564822
2621.0,2621.0,0.3355935
2622.0,2622.0,0.08698923
2623.0,2623.0,0.14639273
2624.0,2624.0,0.57675433
2625.0,2625.0,0.26730463
2626.0,2626.0,0.35166717
2627.0,2627.0,0.4927926
2628.0,2628.0,0.42971173
2629.0,2629.0,0.5311455
2630.0,2630.0,0.27397993
2631.0,2631.0,0.2671023
2632.0,2632.0,0.07552232
2633.0,2633.0,0.28709844
2634.0,2634.0,0.34997532
2635.0,2635.0,0.33252183
2636.0,2636.0,0.12309765
2637.0,2637.0,0.477731
2638.0,2638.0,0.3851367
2639.0,2639.0,0.17132981
2640.0,2640.0,0.6877003
2641.0,2641.0,0.5299736
2642.0,2642.0,0.21750388
2643.0,2643.0,0.20472997
2644.0,2644.0,0.26258785
2645.0,2645.0,0.5558314
2646.0,2646.0,0.2756533
2647.0,2647.0,0.14936867
2648.0,2648.0,0.3111578
2649.0,2649.0,0.3564859
2650.0,2650.0,0.4530019
2651.0,2651.0,0.58343744
2652.0,2652.0,0.1199844
2653.0,2653.0,0.38680366
2654.0,2654.0,0.37984163
2655.0,2655.0,0.24145678
2656.0,2656.0,0.47791508
2657.0,2657.0,0.27188307
2658.0,2658.0,0.23836353
2659.0,2659.0,0.12576127
2660.0,2660.0,0.6390367
2661.0,2661.0,0.3340362
2662.0,2662.0,0.62794226
2663.0,2663.0,0.09574795
2664.0,2664.0,0.3697854
2665.0,2665.0,0.5976393
2666.0,2666.0,0.37496117
2667.0,2667.0,0.33844587
2668.0,2668.0,0.13164487
2669.0,2669.0,0.424745
2670.0,2670.0,0.11932795
2671.0,2671.0,0.108570375
2672.0,2672.0,0.5186287
2673.0,2673.0,0.38701314
2674.0,2674.0,0.35124347
2675.0,2675.0,0.25968012
2676.0,2676.0,0.47153986
2677.0,2677.0,0.17056209
2678.0,2678.0,0.24206889
2679.0,2679.0,0.33102095
2680.0,2680.0,0.45290235
2681.0,2681.0,0.1325987
2682.0,2682.0,0.7286938
2683.0,2683.0,0.2259492
2684.0,2684.0,0.1644195
2685.0,2685.0,0.29121235
2686.0,2686.0,0.15702401
2687.0,2687.0,0.37922156
2688.0,2688.0,0.5370052
2689.0,2689.0,0.15898344
2690.0,2690.0,0.5102945
2691.0,2691.0,0.06427295
2692.0,2692.0,0.45557252
2693.0,2693.0,0.13687307
2694.0,2694.0,0.21552765
2695.0,2695.0,0.4677983
2696.0,2696.0,0.29152557
2697.0,2697.0,0.41756344
2698.0,2698.0,0.58924824
2699.0,2699.0,0.40094417
2700.0,2700.0,0.38636133
2701.0,2701.0,0.39591274
2702.0,2702.0,0.30193633
2703.0,2703.0,0.07553213
2704.0,2704.0,0.47430673
2705.0,2705.0,0.30564222
2706.0,2706.0,0.21499619
2707.0,2707.0,0.6142255
2708.0,2708.0,0.0994504
2709.0,2709.0,0.51076794
2710.0,2710.0,0.19390266
2711.0,2711.0,0.6726634
2712.0,2712.0,0.64185905
2713.0,2713.0,0.31832
2714.0,2714.0,0.12121762
2715.0,2715.0,0.29625165
2716.0,2716.0,0.33598182
2717.0,2717.0,0.54241663
2718.0,2718.0,0.27204973
2719.0,2719.0,0.16362211
2720.0,2720.0,0.16506298
2721.0,2721.0,0.35752633
2722.0,2722.0,0.22713952
2723.0,2723.0,0.4466875
2724.0,2724.0,0.18141101
2725.0,2725.0,0.46486166
2726.0,2726.0,0.44069466
2727.0,2727.0,0.5384146
2728.0,2728.0,0.48645982
2729.0,2729.0,0.2854227
2730.0,2730.0,0.3002448
2731.0,2731.0,0.18330462
2732.0,2732.0,0.67378175
2733.0,2733.0,0.7048843
2734.0,2734.0,0.25465295
2735.0,2735.0,0.68083423
2736.0,2736.0,0.56476367
2737.0,2737.0,0.13960701
2738.0,2738.0,0.07809187
2739.0,2739.0,0.18056984
2740.0,2740.0,0.58267957
2741.0,2741.0,0.39231488
2742.0,2742.0,0.19312598
2743.0,2743.0,0.28578845
2744.0,2744.0,0.21689361
2745.0,2745.0,0.45214573
2746.0,2746.0,0.5302037
2747.0,2747.0,0.5575568
2748.0,2748.0,0.2891538
2749.0,2749.0,0.5524818
2750.0,2750.0,0.5273703
2751.0,2751.0,0.04464966
2752.0,2752.0,0.13939783
2753.0,2753.0,0.34176576
2754.0,2754.0,0.59017664
2755.0,2755.0,0.11652889
2756.0,2756.0,0.2898405
2757.0,2757.0,0.5225592
2758.0,2758.0,0.38984796
2759.0,2759.0,0.28601035
2760.0,2760.0,0.40698552
2761.0,2761.0,0.220812
2762.0,2762.0,0.090357594
2763.0,2763.0,0.081217654
2764.0,2764.0,0.5638155
2765.0,2765.0,0.18003862
2766.0,2766.0,0.38699076
2767.0,2767.0,0.46379718
2768.0,2768.0,0.35564697
2769.0,2769.0,0.104910016
2770.0,2770.0,0.47213715
2771.0,2771.0,0.37051836
2772.0,2772.0,0.54049355
2773.0,2773.0,0.44959182
2774.0,2774.0,0.22546273
2775.0,2775.0,0.34403235
2776.0,2776.0,0.5504182
2777.0,2777.0,0.09502203
2778.0,2778.0,0.43943226
2779.0,2779.0,0.41601354
2780.0,2780.0,0.28350666
2781.0,2781.0,0.6262251
2782.0,2782.0,0.5161632
2783.0,2783.0,0.10670016
2784.0,2784.0,0.33717233
2785.0,2785.0,0.57526004
2786.0,2786.0,0.5534842
2787.0,2787.0,0.04236872
2788.0,2788.0,0.3143063
2789.0,2789.0,0.45035747
2790.0,2790.0,0.13200673
2791.0,2791.0,0.115249865
2792.0,2792.0,0.26442924
2793.0,2793.0,0.23789056
2794.0,2794.0,0.47347742
2795.0,2795.0,0.26355305
2796.0,2796.0,0.36665496
2797.0,2797.0,0.39655298
2798.0,2798.0,0.33471224
2799.0,2799.0,0.3168314
2800.0,2800.0,0.54626375
2801.0,2801.0,0.3364809
2802.0,2802.0,0.5368532
2803.0,2803.0,0.4163067
2804.0,2804.0,0.47326165
2805.0,2805.0,0.5120694
2806.0,2806.0,0.23775473
2807.0,2807.0,0.0952943
2808.0,2808.0,0.12900968
2809.0,2809.0,0.29668498
2810.0,2810.0,0.17939316
2811.0,2811.0,0.39161566
2812.0,2812.0,0.44526994
2813.0,2813.0,0.28330776
2814.0,2814.0,0.22633092
2815.0,2815.0,0.19191317
2816.0,2816.0,0.091265194
2817.0,2817.0,0.111193515
2818.0,2818.0,0.19910736
2819.0,2819.0,0.4359061
2820.0,2820.0,0.27246818
2821.0,2821.0,0.42903784
2822.0,2822.0,0.3562275
2823.0,2823.0,0.38933057
2824.0,2824.0,0.31236514
2825.0,2825.0,0.32331622
2826.0,2826.0,0.30394003
2827.0,2827.0,0.44509834
2828.0,2828.0,0.17032953
2829.0,2829.0,0.12703584
2830.0,2830.0,0.1581459
2831.0,2831.0,0.46320093
2832.0,2832.0,0.34858084
2833.0,2833.0,0.121903695
2834.0,2834.0,0.29376334
2835.0,2835.0,0.43667677
2836.0,2836.0,0.16778417
2837.0,2837.0,0.43501133
2838.0,2838.0,0.56028694
2839.0,2839.0,0.23059332
2840.0,2840.0,0.17327464
2841.0,2841.0,0.042578477
2842.0,2842.0,0.31991774
2843.0,2843.0,0.5251837
2844.0,2844.0,0.24951413
2845.0,2845.0,0.26804662
2846.0,2846.0,0.35558805
2847.0,2847.0,0.35627422
2848.0,2848.0,0.48354217
2849.0,2849.0,0.35462305
2850.0,2850.0,0.2229751
2851.0,2851.0,0.4701728
2852.0,2852.0,0.18766369
2853.0,2853.0,0.46190646
2854.0,2854.0,0.32594198
2855.0,2855.0,0.3790495
2856.0,2856.0,0.540912
2857.0,2857.0,0.09169207
2858.0,2858.0,0.2834659
2859.0,2859.0,0.6656253
2860.0,2860.0,0.06801124
2861.0,2861.0,0.33803612
2862.0,2862.0,0.27183464
2863.0,2863.0,0.63017726
2864.0,2864.0,0.22269279
2865.0,2865.0,0.4950316
2866.0,2866.0,0.39088959
2867.0,2867.0,0.27690595
2868.0,2868.0,0.11225527
2869.0,2869.0,0.2263677
2870.0,2870.0,0.1762423
2871.0,2871.0,0.214744
2872.0,2872.0,0.085117936
2873.0,2873.0,0.21044764
2874.0,2874.0,0.08551843
2875.0,2875.0,0.53651947
2876.0,2876.0,0.5428127
2877.0,2877.0,0.23786648
2878.0,2878.0,0.34151697
2879.0,2879.0,0.3812435
2880.0,2880.0,0.083807826
2881.0,2881.0,0.44390965
2882.0,2882.0,0.32779709
2883.0,2883.0,0.32336426
2884.0,2884.0,0.4350507
2885.0,2885.0,0.45959792
2886.0,2886.0,0.48537984
2887.0,2887.0,0.16871281
2888.0,2888.0,0.27497962
2889.0,2889.0,0.15853402
2890.0,2890.0,0.13520661
2891.0,2891.0,0.47631064
2892.0,2892.0,0.31128696
2893.0,2893.0,0.6349825
2894.0,2894.0,0.40260607
2895.0,2895.0,0.3789391
2896.0,2896.0,0.14041272
2897.0,2897.0,0.24910133
2898.0,2898.0,0.45383805
2899.0,2899.0,0.3141346
2900.0,2900.0,0.5347028
2901.0,2901.0,0.19259055
2902.0,2902.0,0.30762014
2903.0,2903.0,0.060673427
2904.0,2904.0,0.025939528
2905.0,2905.0,0.587095
2906.0,2906.0,0.06671207
2907.0,2907.0,0.22021352
2908.0,2908.0,0.5999154
2909.0,2909.0,0.1486908
2910.0,2910.0,0.5937243
2911.0,2911.0,0.3026522
2912.0,2912.0,0.15765259
2913.0,2913.0,0.44815838
2914.0,2914.0,0.06544278
2915.0,2915.0,0.528659
2916.0,2916.0,0.3366837
2917.0,2917.0,0.27856404
2918.0,2918.0,0.3029845
2919.0,2919.0,0.2896637
2920.0,2920.0,0.6815812
2921.0,2921.0,0.34825394
2922.0,2922.0,0.19441956
2923.0,2923.0,0.26755968
2924.0,2924.0,0.24772018
2925.0,2925.0,0.16458139
2926.0,2926.0,0.49614972
2927.0,2927.0,0.13676387
2928.0,2928.0,0.18836387
2929.0,2929.0,0.5190948
2930.0,2930.0,0.20984657
2931.0,2931.0,0.34615812
2932.0,2932.0,0.46449628
2933.0,2933.0,0.37188688
2934.0,2934.0,0.48164013
2935.0,2935.0,0.18069364
2936.0,2936.0,0.36980116
2937.0,2937.0,0.31905016
2938.0,2938.0,0.2177168
2939.0,2939.0,0.48721978
2940.0,2940.0,0.31187326
2941.0,2941.0,0.23688745
2942.0,2942.0,0.58959013
2943.0,2943.0,0.12583475
2944.0,2944.0,0.09455643
2945.0,2945.0,0.10128128
2946.0,2946.0,0.42031643
2947.0,2947.0,0.54409367
2948.0,2948.0,0.4049922
2949.0,2949.0,0.5565423
2950.0,2950.0,0.11796783
2951.0,2951.0,0.47748297
2952.0,2952.0,0.29593682
2953.0,2953.0,0.34367463
2954.0,2954.0,0.53498775
2955.0,2955.0,0.31616446
2956.0,2956.0,0.2869998
2957.0,2957.0,0.31483316
2958.0,2958.0,0.13606502
2959.0,2959.0,0.3453654
2960.0,2960.0,0.4100637
2961.0,2961.0,0.4000564
2962.0,2962.0,0.114686824
2963.0,2963.0,0.3333468
2964.0,2964.0,0.03560406
2965.0,2965.0,0.34590828
2966.0,2966.0,0.3716908
2967.0,2967.0,0.46699896
2968.0,2968.0,0.17910182
2969.0,2969.0,0.049765855
2970.0,2970.0,0.5939062
2971.0,2971.0,0.16709274
2972.0,2972.0,0.15486696
2973.0,2973.0,0.10847383
2974.0,2974.0,0.3369
2975.0,2975.0,0.22229491
2976.0,2976.0,0.4244131
2977.0,2977.0,0.43788162
2978.0,2978.0,0.6566665
2979.0,2979.0,0.44159395
2980.0,2980.0,0.65488136
2981.0,2981.0,0.12948188
2982.0,2982.0,0.60343766
2983.0,2983.0,0.3020598
2984.0,2984.0,0.44943663
2985.0,2985.0,0.22496411
2986.0,2986.0,0.24889398
2987.0,2987.0,0.15235378
2988.0,2988.0,0.14473626
2989.0,2989.0,0.57859385
2990.0,2990.0,0.17475323
2991.0,2991.0,0.45510802
2992.0,2992.0,0.17892598
2993.0,2993.0,0.33417156
2994.0,2994.0,0.15377004
2995.0,2995.0,0.16816899
2996.0,2996.0,0.10345751
2997.0,2997.0,0.5957164
2998.0,2998.0,0.120284885
2999.0,2999.0,0.2919358
3000.0,3000.0,0.05391969
3001.0,3001.0,0.057040446
3002.0,3002.0,0.23931885
3003.0,3003.0,0.4435812
3004.0,3004.0,0.31020495
3005.0,3005.0,0.28834596
3006.0,3006.0,0.26914915
3007.0,3007.0,0.15003057
3008.0,3008.0,0.0578438
3009.0,3009.0,0.18189931
3010.0,3010.0,0.40772113
3011.0,3011.0,0.46058348
3012.0,3012.0,0.048471954
3013.0,3013.0,0.44026652
3014.0,3014.0,0.14333871
3015.0,3015.0,0.19430032
3016.0,3016.0,0.31048474
3017.0,3017.0,0.33683562
3018.0,3018.0,0.47635454
3019.0,3019.0,0.15244482
3020.0,3020.0,0.1585779
3021.0,3021.0,0.624437
3022.0,3022.0,0.2726808
3023.0,3023.0,0.63921374
3024.0,3024.0,0.28547552
3025.0,3025.0,0.27245793
3026.0,3026.0,0.16619156
3027.0,3027.0,0.6373748
3028.0,3028.0,0.1562653
3029.0,3029.0,0.25069246
3030.0,3030.0,0.18521696
3031.0,3031.0,0.43512717
3032.0,3032.0,0.45528933
3033.0,3033.0,0.25327116
3034.0,3034.0,0.09939271
3035.0,3035.0,0.5343263
3036.0,3036.0,0.47884512
3037.0,3037.0,0.33631837
3038.0,3038.0,0.23447289
3039.0,3039.0,0.097535
3040.0,3040.0,0.3874542
3041.0,3041.0,0.4404887
3042.0,3042.0,0.2751121
3043.0,3043.0,0.16603924
3044.0,3044.0,0.6811871
3045.0,3045.0,0.5393589
3046.0,3046.0,0.30125532
3047.0,3047.0,0.30518547
3048.0,3048.0,0.43127024
3049.0,3049.0,0.60027957
3050.0,3050.0,0.5592905
3051.0,3051.0,0.023603529
3052.0,3052.0,0.2532191
3053.0,3053.0,0.17701212
3054.0,3054.0,0.40548837
3055.0,3055.0,0.3142426
3056.0,3056.0,0.41580534
3057.0,3057.0,0.35550854
3058.0,3058.0,0.26277885
3059.0,3059.0,0.12368277
3060.0,3060.0,0.41926888
3061.0,3061.0,0.39263612
3062.0,3062.0,0.06353436
3063.0,3063.0,0.15604486
3064.0,3064.0,0.10075024
3065.0,3065.0,0.42008886
3066.0,3066.0,0.25642654
3067.0,3067.0,0.20344956
3068.0,3068.0,0.44547883
3069.0,3069.0,0.301651
3070.0,3070.0,0.17546295
3071.0,3071.0,0.5832765
3072.0,3072.0,0.58921885
3073.0,3073.0,0.2674083
3074.0,3074.0,0.23108408
3075.0,3075.0,0.27740905
3076.0,3076.0,0.4416979
3077.0,3077.0,0.46595478
3078.0,3078.0,0.3263981
3079.0,3079.0,0.3273531
3080.0,3080.0,0.6065801
3081.0,3081.0,0.3317258
3082.0,3082.0,0.4488219
3083.0,3083.0,0.16776049
3084.0,3084.0,0.5501659
3085.0,3085.0,0.52827114
3086.0,3086.0,0.2814728
3087.0,3087.0,0.27096027
3088.0,3088.0,0.16801418
3089.0,3089.0,0.4247467
3090.0,3090.0,0.29921728
3091.0,3091.0,0.45151764
3092.0,3092.0,0.12101295
3093.0,3093.0,0.16341321
3094.0,3094.0,0.17434588
3095.0,3095.0,0.057349823
3096.0,3096.0,0.40626532
3097.0,3097.0,0.2648495
3098.0,3098.0,0.09272845
3099.0,3099.0,0.52356917
3100.0,3100.0,0.512889
3101.0,3101.0,0.48036593
3102.0,3102.0,0.2546723
3103.0,3103.0,0.5292733
3104.0,3104.0,0.4581077
3105.0,3105.0,0.21245192
3106.0,3106.0,0.2639193
3107.0,3107.0,0.50560325
3108.0,3108.0,0.1877435
3109.0,3109.0,0.1585907
3110.0,3110.0,0.54659003
3111.0,3111.0,0.1358129
3112.0,3112.0,0.32767874
3113.0,3113.0,0.16263308
3114.0,3114.0,0.0800361
3115.0,3115.0,0.16929169
3116.0,3116.0,0.4998731
3117.0,3117.0,0.4872303
3118.0,3118.0,0.115787484
3119.0,3119.0,0.1691546
3120.0,3120.0,0.022769753
3121.0,3121.0,0.04570283
3122.0,3122.0,0.2204145
3123.0,3123.0,0.1644388
3124.0,3124.0,0.2270215
3125.0,3125.0,0.20689072
3126.0,3126.0,0.47576585
3127.0,3127.0,0.075655766
3128.0,3128.0,0.6463456
3129.0,3129.0,0.3931526
3130.0,3130.0,0.534592
3131.0,3131.0,0.7020199
3132.0,3132.0,0.11318413
3133.0,3133.0,0.5519149
3134.0,3134.0,0.06210776
3135.0,3135.0,0.62130094
3136.0,3136.0,0.054828443
3137.0,3137.0,0.096512735
3138.0,3138.0,0.32546252
3139.0,3139.0,0.3651068
3140.0,3140.0,0.47489282
3141.0,3141.0,0.06559456
3142.0,3142.0,0.59580207
3143.0,3143.0,0.6350893
3144.0,3144.0,0.31166205
3145.0,3145.0,0.3068392
3146.0,3146.0,0.31053957
3147.0,3147.0,0.109688155
3148.0,3148.0,0.12999357
3149.0,3149.0,0.16780221
3150.0,3150.0,0.6030455
3151.0,3151.0,0.4163161
3152.0,3152.0,0.50109154
3153.0,3153.0,0.16146989
3154.0,3154.0,0.1949286
3155.0,3155.0,0.27673134
3156.0,3156.0,0.13440211
3157.0,3157.0,0.3446523
3158.0,3158.0,0.54203886
3159.0,3159.0,0.37003952
3160.0,3160.0,0.2575929
3161.0,3161.0,0.42497885
3162.0,3162.0,0.5441939
3163.0,3163.0,0.60944
3164.0,3164.0,0.42800075
3165.0,3165.0,0.37443054
3166.0,3166.0,0.61528754
3167.0,3167.0,0.31567553
3168.0,3168.0,0.440408
3169.0,3169.0,0.29124832
3170.0,3170.0,0.3831372
3171.0,3171.0,0.14508222
3172.0,3172.0,0.07580297
3173.0,3173.0,0.123707555
3174.0,3174.0,0.3930065
3175.0,3175.0,0.2483561
3176.0,3176.0,0.37342566
3177.0,3177.0,0.39562783
3178.0,3178.0,0.4219519
3179.0,3179.0,0.13009335
3180.0,3180.0,0.079391204
3181.0,3181.0,0.20296998
3182.0,3182.0,0.3000517
3183.0,3183.0,0.21983883
3184.0,3184.0,0.5739769
3185.0,3185.0,0.3962952
3186.0,3186.0,0.38743225
3187.0,3187.0,0.31997406
3188.0,3188.0,0.054104067
3189.0,3189.0,0.2234932
3190.0,3190.0,0.5439568
3191.0,3191.0,0.35187182
3192.0,3192.0,0.5576839
3193.0,3193.0,0.48347417
3194.0,3194.0,0.22492363
3195.0,3195.0,0.16870426
3196.0,3196.0,0.1455689
3197.0,3197.0,0.14616308
3198.0,3198.0,0.11872962
3199.0,3199.0,0.50787747
3200.0,3200.0,0.20187713
3201.0,3201.0,0.5685081
3202.0,3202.0,0.19628973
3203.0,3203.0,0.26315126
3204.0,3204.0,0.59393
3205.0,3205.0,0.5378751
3206.0,3206.0,0.38575566
3207.0,3207.0,0.16318136
3208.0,3208.0,0.25923467
3209.0,3209.0,0.5254884
3210.0,3210.0,0.3105761
3211.0,3211.0,0.2651021
3212.0,3212.0,0.13082665
3213.0,3213.0,0.41088936
3214.0,3214.0,0.45978448
3215.0,3215.0,0.28045082
3216.0,3216.0,0.4433182
3217.0,3217.0,0.32744744
3218.0,3218.0,0.23335674
3219.0,3219.0,0.024423335
3220.0,3220.0,0.32113656
3221.0,3221.0,0.38503462
3222.0,3222.0,0.16539994
3223.0,3223.0,0.12788306
3224.0,3224.0,0.27553806
3225.0,3225.0,0.14993629
3226.0,3226.0,0.17657445
3227.0,3227.0,0.21607146
3228.0,3228.0,0.32604638
3229.0,3229.0,0.20159818
3230.0,3230.0,0.48890993
3231.0,3231.0,0.23950577
3232.0,3232.0,0.11899771
3233.0,3233.0,0.2577375
3234.0,3234.0,0.11366055
3235.0,3235.0,0.39096943
3236.0,3236.0,0.162268
3237.0,3237.0,0.7752398
3238.0,3238.0,0.5777513
3239.0,3239.0,0.26316893
3240.0,3240.0,0.42957604
3241.0,3241.0,0.1783988
3242.0,3242.0,0.1787737
3243.0,3243.0,0.48565134
3244.0,3244.0,0.41979954
3245.0,3245.0,0.08823976
3246.0,3246.0,0.44123325
3247.0,3247.0,0.19512114
3248.0,3248.0,0.5899964
3249.0,3249.0,0.2946151
3250.0,3250.0,0.27466124
3251.0,3251.0,0.437153
3252.0,3252.0,0.514855
3253.0,3253.0,0.11813471
3254.0,3254.0,0.42993137
3255.0,3255.0,0.06883511
3256.0,3256.0,0.51833177
3257.0,3257.0,0.5710906
3258.0,3258.0,0.30345854
3259.0,3259.0,0.32211098
3260.0,3260.0,0.14925192
3261.0,3261.0,0.2612332
3262.0,3262.0,0.5692049
3263.0,3263.0,0.12871006
3264.0,3264.0,0.7178017
3265.0,3265.0,0.124271795
3266.0,3266.0,0.30369028
3267.0,3267.0,0.31043825
3268.0,3268.0,0.3147958
3269.0,3269.0,0.23685832
3270.0,3270.0,0.2628482
3271.0,3271.0,0.15750672
3272.0,3272.0,0.21118543
3273.0,3273.0,0.21334076
3274.0,3274.0,0.17063893
3275.0,3275.0,0.1863163
3276.0,3276.0,0.16464058
3277.0,3277.0,0.3058975
3278.0,3278.0,0.42932197
3279.0,3279.0,0.36960077
3280.0,3280.0,0.23419788
3281.0,3281.0,0.16049337
3282.0,3282.0,0.18260238
3283.0,3283.0,0.116309196
3284.0,3284.0,0.49455494
3285.0,3285.0,0.56741875
3286.0,3286.0,0.38524926
3287.0,3287.0,0.20856936
3288.0,3288.0,0.53328204
3289.0,3289.0,0.36483744
3290.0,3290.0,0.6125663
3291.0,3291.0,0.49919918
3292.0,3292.0,0.3086121
3293.0,3293.0,0.20888574
3294.0,3294.0,0.14805959
3295.0,3295.0,0.29915825
3296.0,3296.0,0.35491762
3297.0,3297.0,0.236129
3298.0,3298.0,0.4730258
3299.0,3299.0,0.3361493
3300.0,3300.0,0.48772815
3301.0,3301.0,0.4177535
3302.0,3302.0,0.45103225
3303.0,3303.0,0.3659512
3304.0,3304.0,0.46118465
3305.0,3305.0,0.13575839
3306.0,3306.0,0.14248438
3307.0,3307.0,0.6226022
3308.0,3308.0,0.16963176
3309.0,3309.0,0.12960061
3310.0,3310.0,0.38948184
3311.0,3311.0,0.3917487
3312.0,3312.0,0.4623079
3313.0,3313.0,0.55748105
3314.0,3314.0,0.6585771
3315.0,3315.0,0.5484865
3316.0,3316.0,0.124658234
3317.0,3317.0,0.63562787
3318.0,3318.0,0.39559102
3319.0,3319.0,0.43456677
3320.0,3320.0,0.115284055
3321.0,3321.0,0.089818895
3322.0,3322.0,0.45802745
3323.0,3323.0,0.17837156
3324.0,3324.0,0.30375126
3325.0,3325.0,0.3120451
3326.0,3326.0,0.3134441
3327.0,3327.0,0.25478616
3328.0,3328.0,0.33770284
3329.0,3329.0,0.25618082
3330.0,3330.0,0.5259543
3331.0,3331.0,0.4794432
3332.0,3332.0,0.15087326
3333.0,3333.0,0.39776748
3334.0,3334.0,0.20023547
3335.0,3335.0,0.5111754
3336.0,3336.0,0.35958552
3337.0,3337.0,0.45606852
3338.0,3338.0,0.116124704
3339.0,3339.0,0.077291
3340.0,3340.0,0.5602408
3341.0,3341.0,0.52579176
3342.0,3342.0,0.21920465
3343.0,3343.0,0.25617144
3344.0,3344.0,0.4442837
3345.0,3345.0,0.14606056
3346.0,3346.0,0.33941814
3347.0,3347.0,0.36420384
3348.0,3348.0,0.2847791
3349.0,3349.0,0.39182547
3350.0,3350.0,0.2666872
3351.0,3351.0,0.5809894
3352.0,3352.0,0.22770491
3353.0,3353.0,0.047604848
3354.0,3354.0,0.46816748
3355.0,3355.0,0.30815417
3356.0,3356.0,0.47027674
3357.0,3357.0,0.24118982
3358.0,3358.0,0.41128993
3359.0,3359.0,0.1263673
3360.0,3360.0,0.4512061
3361.0,3361.0,0.4909324
3362.0,3362.0,0.28088897
3363.0,3363.0,0.5565137
3364.0,3364.0,0.33506286
3365.0,3365.0,0.6875555
3366.0,3366.0,0.44616273
3367.0,3367.0,0.29400045
3368.0,3368.0,0.15561691
3369.0,3369.0,0.1065922
3370.0,3370.0,0.3416293
3371.0,3371.0,0.59300905
3372.0,3372.0,0.33397096
3373.0,3373.0,0.35453004
3374.0,3374.0,0.31753224
3375.0,3375.0,0.040558282
3376.0,3376.0,0.22335832
3377.0,3377.0,0.12875544
3378.0,3378.0,0.28232715
3379.0,3379.0,0.4694579
3380.0,3380.0,0.2543926
3381.0,3381.0,0.37877387
3382.0,3382.0,0.3493039
3383.0,3383.0,0.3022356
3384.0,3384.0,0.17498717
3385.0,3385.0,0.29080126
3386.0,3386.0,0.10996602
3387.0,3387.0,0.1715825
3388.0,3388.0,0.097463585
3389.0,3389.0,0.31844014
3390.0,3390.0,0.4863153
3391.0,3391.0,0.16809736
3392.0,3392.0,0.052093472
3393.0,3393.0,0.16758905
3394.0,3394.0,0.55863434
3395.0,3395.0,0.10162015
3396.0,3396.0,0.4572871
3397.0,3397.0,0.21419647
3398.0,3398.0,0.45439988
3399.0,3399.0,0.21867287
3400.0,3400.0,0.37782136
3401.0,3401.0,0.06113769
3402.0,3402.0,0.292119
3403.0,3403.0,0.16942158
3404.0,3404.0,0.2523565
3405.0,3405.0,0.18999505
3406.0,3406.0,0.5407631
3407.0,3407.0,0.18552983
3408.0,3408.0,0.19962844
3409.0,3409.0,0.08820665
3410.0,3410.0,0.4702699
3411.0,3411.0,0.7160596
3412.0,3412.0,0.27610007
3413.0,3413.0,0.49311176
3414.0,3414.0,0.5199882
3415.0,3415.0,0.28470743
3416.0,3416.0,0.46683982
3417.0,3417.0,0.07811794
3418.0,3418.0,0.29349968
3419.0,3419.0,0.3090487
3420.0,3420.0,0.2106212
3421.0,3421.0,0.57387435
3422.0,3422.0,0.058957707
3423.0,3423.0,0.65987
3424.0,3424.0,0.6196622
3425.0,3425.0,0.49930847
3426.0,3426.0,0.21309684
3427.0,3427.0,0.6230982
3428.0,3428.0,0.4073037
3429.0,3429.0,0.119474925
3430.0,3430.0,0.29919308
3431.0,3431.0,0.13802604
3432.0,3432.0,0.2615226
3433.0,3433.0,0.14488104
3434.0,3434.0,0.41521323
3435.0,3435.0,0.42780256
3436.0,3436.0,0.33077282
3437.0,3437.0,0.050849557
3438.0,3438.0,0.42309728
3439.0,3439.0,0.14540353
3440.0,3440.0,0.27963024
3441.0,3441.0,0.15379824
3442.0,3442.0,0.33490026
3443.0,3443.0,0.4298207
3444.0,3444.0,0.106273964
3445.0,3445.0,0.24067509
3446.0,3446.0,0.56981075
3447.0,3447.0,0.40364593
3448.0,3448.0,0.26919496
3449.0,3449.0,0.5712371
3450.0,3450.0,0.53317314
3451.0,3451.0,0.27375135
3452.0,3452.0,0.1906332
3453.0,3453.0,0.65881014
3454.0,3454.0,0.33670744
3455.0,3455.0,0.46010458
3456.0,3456.0,0.4403362
3457.0,3457.0,0.28112197
3458.0,3458.0,0.45400393
3459.0,3459.0,0.5784093
3460.0,3460.0,0.37540084
3461.0,3461.0,0.31999964
3462.0,3462.0,0.50370276
3463.0,3463.0,0.07203013
3464.0,3464.0,0.3342016
3465.0,3465.0,0.5925015
3466.0,3466.0,0.35416955
3467.0,3467.0,0.30177307
3468.0,3468.0,0.45510602
3469.0,3469.0,0.41760907
3470.0,3470.0,0.49224734
3471.0,3471.0,0.5516237
3472.0,3472.0,0.100772224
3473.0,3473.0,0.60910726
3474.0,3474.0,0.53695065
3475.0,3475.0,0.38322687
3476.0,3476.0,0.1774504
3477.0,3477.0,0.62375516
3478.0,3478.0,0.19453675
3479.0,3479.0,0.24998175
3480.0,3480.0,0.626117
3481.0,3481.0,0.20710655
3482.0,3482.0,0.11981133
3483.0,3483.0,0.13122463
3484.0,3484.0,0.52114457
3485.0,3485.0,0.5670955
3486.0,3486.0,0.4422935
3487.0,3487.0,0.33580774
3488.0,3488.0,0.36960152
3489.0,3489.0,0.32757184
3490.0,3490.0,0.13536367
3491.0,3491.0,0.2729849
3492.0,3492.0,0.27614897
3493.0,3493.0,0.31710023
3494.0,3494.0,0.09644615
3495.0,3495.0,0.24978773
3496.0,3496.0,0.086943604
3497.0,3497.0,0.5226093
3498.0,3498.0,0.08623024
3499.0,3499.0,0.47882414
3500.0,3500.0,0.38063967
3501.0,3501.0,0.31945986
3502.0,3502.0,0.38577387
3503.0,3503.0,0.3174726
3504.0,3504.0,0.6002518
3505.0,3505.0,0.09312653
3506.0,3506.0,0.43011785
3507.0,3507.0,0.08471369
3508.0,3508.0,0.3358587
3509.0,3509.0,0.54652995
3510.0,3510.0,0.43891752
3511.0,3511.0,0.17094646
3512.0,3512.0,0.205314
3513.0,3513.0,0.44422495
3514.0,3514.0,0.27024487
3515.0,3515.0,0.29549783
3516.0,3516.0,0.2931991
3517.0,3517.0,0.06061907
3518.0,3518.0,0.56583726
3519.0,3519.0,0.17833726
3520.0,3520.0,0.4543961
3521.0,3521.0,0.34339163
3522.0,3522.0,0.15874323
3523.0,3523.0,0.078623295
3524.0,3524.0,0.5601925
3525.0,3525.0,0.17894354
3526.0,3526.0,0.28466615
3527.0,3527.0,0.53360903
3528.0,3528.0,0.6727454
3529.0,3529.0,0.12068233
3530.0,3530.0,0.28939077
3531.0,3531.0,0.5259944
3532.0,3532.0,0.11644578
3533.0,3533.0,0.34689197
3534.0,3534.0,0.3374515
3535.0,3535.0,0.40291548
3536.0,3536.0,0.3048961
3537.0,3537.0,0.33779892
3538.0,3538.0,0.05552426
3539.0,3539.0,0.16184019
3540.0,3540.0,0.5261326
3541.0,3541.0,0.49377728
3542.0,3542.0,0.11709424
3543.0,3543.0,0.115108825
3544.0,3544.0,0.5515769
3545.0,3545.0,0.29843596
3546.0,3546.0,0.28082502
3547.0,3547.0,0.46364585
3548.0,3548.0,0.43705305
3549.0,3549.0,0.4361816
3550.0,3550.0,0.22160725
3551.0,3551.0,0.039608452
3552.0,3552.0,0.16393904
3553.0,3553.0,0.18522462
3554.0,3554.0,0.31823713
3555.0,3555.0,0.12487632
3556.0,3556.0,0.5479904
3557.0,3557.0,0.09277929
3558.0,3558.0,0.6502969
3559.0,3559.0,0.27849278
3560.0,3560.0,0.4450708
3561.0,3561.0,0.60966045
3562.0,3562.0,0.37757176
3563.0,3563.0,0.08453008
3564.0,3564.0,0.17570184
3565.0,3565.0,0.34939247
3566.0,3566.0,0.15918885
3567.0,3567.0,0.15530212
3568.0,3568.0,0.21662377
3569.0,3569.0,0.2705528
3570.0,3570.0,0.3619687
3571.0,3571.0,0.52752066
3572.0,3572.0,0.16933134
3573.0,3573.0,0.18181044
3574.0,3574.0,0.29964232
3575.0,3575.0,0.36701614
3576.0,3576.0,0.38882428
3577.0,3577.0,0.33536577
3578.0,3578.0,0.050539553
3579.0,3579.0,0.4165872
3580.0,3580.0,0.3189323
3581.0,3581.0,0.14735597
3582.0,3582.0,0.4786907
3583.0,3583.0,0.3655489
3584.0,3584.0,0.5225505
3585.0,3585.0,0.4604558
3586.0,3586.0,0.33384943
3587.0,3587.0,0.35008168
3588.0,3588.0,0.3621146
3589.0,3589.0,0.20140539
3590.0,3590.0,0.42263368
3591.0,3591.0,0.17301129
3592.0,3592.0,0.4538239
3593.0,3593.0,0.37875503
3594.0,3594.0,0.5564973
3595.0,3595.0,0.44333595
3596.0,3596.0,0.5656188
3597.0,3597.0,0.42260292
3598.0,3598.0,0.039454963
3599.0,3599.0,0.49520928
3600.0,3600.0,0.37700027
3601.0,3601.0,0.6333081
3602.0,3602.0,0.47319463
3603.0,3603.0,0.42311186
3604.0,3604.0,0.07605966
3605.0,3605.0,0.3985572
3606.0,3606.0,0.24949168
3607.0,3607.0,0.16201393
3608.0,3608.0,0.21935698
3609.0,3609.0,0.27923283
3610.0,3610.0,0.27392617
3611.0,3611.0,0.35217923
3612.0,3612.0,0.2962144
3613.0,3613.0,0.1313303
3614.0,3614.0,0.15599388
3615.0,3615.0,0.29482138
3616.0,3616.0,0.43238434
3617.0,3617.0,0.10028088
3618.0,3618.0,0.14869139
3619.0,3619.0,0.434208
3620.0,3620.0,0.19508404
3621.0,3621.0,0.5926265
3622.0,3622.0,0.3945245
3623.0,3623.0,0.46852896
3624.0,3624.0,0.23782915
3625.0,3625.0,0.20254807
3626.0,3626.0,0.22989018
3627.0,3627.0,0.07948462
3628.0,3628.0,0.13622966
3629.0,3629.0,0.037539884
3630.0,3630.0,0.18215983
3631.0,3631.0,0.26517606
3632.0,3632.0,0.103538625
3633.0,3633.0,0.44673768
3634.0,3634.0,0.16747062
3635.0,3635.0,0.1650686
3636.0,3636.0,0.46371084
3637.0,3637.0,0.29477242
3638.0,3638.0,0.16811368
3639.0,3639.0,0.15412274
3640.0,3640.0,0.38365754
3641.0,3641.0,0.4604808
3642.0,3642.0,0.39835057
3643.0,3643.0,0.7255964
3644.0,3644.0,0.28364035
3645.0,3645.0,0.14683907
3646.0,3646.0,0.31867245
3647.0,3647.0,0.36150166
3648.0,3648.0,0.3227622
3649.0,3649.0,0.6928081
3650.0,3650.0,0.06404908
3651.0,3651.0,0.33317947
3652.0,3652.0,0.5293641
3653.0,3653.0,0.24155541
3654.0,3654.0,0.5667903
3655.0,3655.0,0.09188007
3656.0,3656.0,0.7687296
3657.0,3657.0,0.5747853
3658.0,3658.0,0.23219232
3659.0,3659.0,0.3931561
3660.0,3660.0,0.5482911
3661.0,3661.0,0.4670645
3662.0,3662.0,0.1639497
3663.0,3663.0,0.42097545
3664.0,3664.0,0.5333212
3665.0,3665.0,0.46992677
3666.0,3666.0,0.28415045
3667.0,3667.0,0.52714956
3668.0,3668.0,0.17209287
3669.0,3669.0,0.6307517
3670.0,3670.0,0.31593567
3671.0,3671.0,0.42659867
3672.0,3672.0,0.15038262
3673.0,3673.0,0.5995048
3674.0,3674.0,0.27295473
3675.0,3675.0,0.5739528
3676.0,3676.0,0.26796353
3677.0,3677.0,0.47159353
3678.0,3678.0,0.304298
3679.0,3679.0,0.35403478
3680.0,3680.0,0.23813976
3681.0,3681.0,0.262887
3682.0,3682.0,0.19873562
3683.0,3683.0,0.33647215
3684.0,3684.0,0.099883065
3685.0,3685.0,0.38699648
3686.0,3686.0,0.39418286
3687.0,3687.0,0.28108153
3688.0,3688.0,0.5117107
3689.0,3689.0,0.5238817
3690.0,3690.0,0.18677223
3691.0,3691.0,0.5613161
3692.0,3692.0,0.7128679
3693.0,3693.0,0.5566761
3694.0,3694.0,0.3111732
3695.0,3695.0,0.15247871
3696.0,3696.0,0.3653771
3697.0,3697.0,0.16455169
3698.0,3698.0,0.5220521
3699.0,3699.0,0.23551469
3700.0,3700.0,0.36925012
3701.0,3701.0,0.44103062
3702.0,3702.0,0.16265059
3703.0,3703.0,0.3013589
3704.0,3704.0,0.21132685
3705.0,3705.0,0.05850973
3706.0,3706.0,0.48014998
3707.0,3707.0,0.30285576
3708.0,3708.0,0.51556486
3709.0,3709.0,0.11176992
3710.0,3710.0,0.14309299
3711.0,3711.0,0.42591256
3712.0,3712.0,0.45898455
3713.0,3713.0,0.34655002
3714.0,3714.0,0.3745143
3715.0,3715.0,0.15443127
3716.0,3716.0,0.37243527
3717.0,3717.0,0.20324242
3718.0,3718.0,0.30649415
3719.0,3719.0,0.5052545
3720.0,3720.0,0.44504175
3721.0,3721.0,0.6495837
3722.0,3722.0,0.34468633
3723.0,3723.0,0.50085485
3724.0,3724.0,0.40996057
3725.0,3725.0,0.5059602
3726.0,3726.0,0.054069765
3727.0,3727.0,0.44076648
3728.0,3728.0,0.5219129
3729.0,3729.0,0.5011217
3730.0,3730.0,0.20160076
3731.0,3731.0,0.21597923
3732.0,3732.0,0.57082504
3733.0,3733.0,0.6124088
3734.0,3734.0,0.70709896
3735.0,3735.0,0.24117656
3736.0,3736.0,0.31386074
3737.0,3737.0,0.56683594
3738.0,3738.0,0.19483885
3739.0,3739.0,0.2282853
3740.0,3740.0,0.45383066
3741.0,3741.0,0.12608239
3742.0,3742.0,0.2789253
3743.0,3743.0,0.40965095
3744.0,3744.0,0.3209248
3745.0,3745.0,0.30872646
3746.0,3746.0,0.28567395
3747.0,3747.0,0.27976242
3748.0,3748.0,0.5360317
3749.0,3749.0,0.58058065
3750.0,3750.0,0.5295538
3751.0,3751.0,0.103528515
3752.0,3752.0,0.52656496
3753.0,3753.0,0.17518353
3754.0,3754.0,0.262478
3755.0,3755.0,0.5545463
3756.0,3756.0,0.25490692
3757.0,3757.0,0.30798864
3758.0,3758.0,0.117018744
3759.0,3759.0,0.2750274
3760.0,3760.0,0.22466485
3761.0,3761.0,0.59671336
3762.0,3762.0,0.19678949
3763.0,3763.0,0.35895523
3764.0,3764.0,0.08041996
3765.0,3765.0,0.38624352
3766.0,3766.0,0.43231264
3767.0,3767.0,0.5204097
3768.0,3768.0,0.3100196
3769.0,3769.0,0.37635985
3770.0,3770.0,0.22800127
3771.0,3771.0,0.102196656
3772.0,3772.0,0.61051744
3773.0,3773.0,0.1449391
3774.0,3774.0,0.53181475
3775.0,3775.0,0.36471352
3776.0,3776.0,0.044308577
3777.0,3777.0,0.31084907
3778.0,3778.0,0.6740272
3779.0,3779.0,0.2713749
3780.0,3780.0,0.12053238
3781.0,3781.0,0.35844877
3782.0,3782.0,0.13413015
3783.0,3783.0,0.5585752
3784.0,3784.0,0.62241405
3785.0,3785.0,0.49037436
3786.0,3786.0,0.39078504
3787.0,3787.0,0.4603212
3788.0,3788.0,0.5001792
3789.0,3789.0,0.2756528
3790.0,3790.0,0.3605401
3791.0,3791.0,0.34627068
3792.0,3792.0,0.3563305
3793.0,3793.0,0.58549416
3794.0,3794.0,0.45006126
3795.0,3795.0,0.5369308
3796.0,3796.0,0.015981203
3797.0,3797.0,0.21169026
3798.0,3798.0,0.2503059
3799.0,3799.0,0.3022474
3800.0,3800.0,0.27580023
3801.0,3801.0,0.14380214
3802.0,3802.0,0.095217735
3803.0,3803.0,0.3562174
3804.0,3804.0,0.24436119
3805.0,3805.0,0.23591007
3806.0,3806.0,0.20129266
3807.0,3807.0,0.2507303
3808.0,3808.0,0.53035116
3809.0,3809.0,0.11911924
3810.0,3810.0,0.36087796
3811.0,3811.0,0.278617
3812.0,3812.0,0.20466211
3813.0,3813.0,0.693677
3814.0,3814.0,0.1086377
3815.0,3815.0,0.18113141
3816.0,3816.0,0.16305275
3817.0,3817.0,0.68526244
3818.0,3818.0,0.30601025
3819.0,3819.0,0.44857582
3820.0,3820.0,0.17510495
3821.0,3821.0,0.084510244
3822.0,3822.0,0.43373117
3823.0,3823.0,0.2164905
3824.0,3824.0,0.2288447
3825.0,3825.0,0.13786766
3826.0,3826.0,0.45520854
3827.0,3827.0,0.4664302
3828.0,3828.0,0.20320226
3829.0,3829.0,0.5747888
3830.0,3830.0,0.3538412
3831.0,3831.0,0.11874989
3832.0,3832.0,0.19420506
3833.0,3833.0,0.23521276
3834.0,3834.0,0.50374323
3835.0,3835.0,0.37994486
3836.0,3836.0,0.30081707
3837.0,3837.0,0.43338946
3838.0,3838.0,0.4540777
3839.0,3839.0,0.4544079
3840.0,3840.0,0.31740582
3841.0,3841.0,0.1163389
3842.0,3842.0,0.12783222
3843.0,3843.0,0.24140172
3844.0,3844.0,0.38139743
3845.0,3845.0,0.3701901
3846.0,3846.0,0.29725143
3847.0,3847.0,0.124604754
3848.0,3848.0,0.10519524
3849.0,3849.0,0.3424925
3850.0,3850.0,0.11825483
3851.0,3851.0,0.38554603
3852.0,3852.0,0.27930617
3853.0,3853.0,0.10397655
3854.0,3854.0,0.36848465
3855.0,3855.0,0.5657516
3856.0,3856.0,0.48270056
3857.0,3857.0,0.6837483
3858.0,3858.0,0.41659373
3859.0,3859.0,0.5854557
3860.0,3860.0,0.21701424
3861.0,3861.0,0.36855453
3862.0,3862.0,0.6192916
3863.0,3863.0,0.18973371
3864.0,3864.0,0.3477284
3865.0,3865.0,0.086336896
3866.0,3866.0,0.03627863
3867.0,3867.0,0.18742375
3868.0,3868.0,0.080386475
3869.0,3869.0,0.2986785
3870.0,3870.0,0.2596689
3871.0,3871.0,0.056230057
3872.0,3872.0,0.21095695
3873.0,3873.0,0.110626265
3874.0,3874.0,0.1547757
3875.0,3875.0,0.06305095
3876.0,3876.0,0.15372148
3877.0,3877.0,0.57904637
3878.0,3878.0,0.28173125
3879.0,3879.0,0.5282928
3880.0,3880.0,0.33902225
3881.0,3881.0,0.07955012
3882.0,3882.0,0.42081043
3883.0,3883.0,0.34509474
3884.0,3884.0,0.09827925
3885.0,3885.0,0.44050202
3886.0,3886.0,0.09381888
3887.0,3887.0,0.18805519
3888.0,3888.0,0.45514312
3889.0,3889.0,0.5207987
3890.0,3890.0,0.20886175
3891.0,3891.0,0.3716114
3892.0,3892.0,0.43354186
3893.0,3893.0,0.14091645
3894.0,3894.0,0.3017173
3895.0,3895.0,0.45485133
3896.0,3896.0,0.060880292
3897.0,3897.0,0.60367686
3898.0,3898.0,0.22057378
3899.0,3899.0,0.17667201
3900.0,3900.0,0.54194236
3901.0,3901.0,0.32830837
3902.0,3902.0,0.20808697
3903.0,3903.0,0.15239842
3904.0,3904.0,0.3467112
3905.0,3905.0,0.31849265
3906.0,3906.0,0.600534
3907.0,3907.0,0.22854649
3908.0,3908.0,0.58499825
3909.0,3909.0,0.055745512
3910.0,3910.0,0.31565157
3911.0,3911.0,0.35855955
3912.0,3912.0,0.36270297
3913.0,3913.0,0.6176227
3914.0,3914.0,0.53810036
3915.0,3915.0,0.32878107
3916.0,3916.0,0.25690216
3917.0,3917.0,0.14425546
3918.0,3918.0,0.54202676
3919.0,3919.0,0.5333355
3920.0,3920.0,0.13970673
3921.0,3921.0,0.56501806
3922.0,3922.0,0.3123906
3923.0,3923.0,0.12358991
3924.0,3924.0,0.16066979
3925.0,3925.0,0.14850253
3926.0,3926.0,0.29525334
3927.0,3927.0,0.46920264
3928.0,3928.0,0.45261973
3929.0,3929.0,0.340155
3930.0,3930.0,0.53646964
3931.0,3931.0,0.48521158
3932.0,3932.0,0.7092252
3933.0,3933.0,0.39768934
3934.0,3934.0,0.4631384
3935.0,3935.0,0.08939254
3936.0,3936.0,0.38180226
3937.0,3937.0,0.29124114
3938.0,3938.0,0.45764437
3939.0,3939.0,0.132688
3940.0,3940.0,0.1740311
3941.0,3941.0,0.54081726
3942.0,3942.0,0.09732289
3943.0,3943.0,0.4643838
3944.0,3944.0,0.44835725
3945.0,3945.0,0.40725312
3946.0,3946.0,0.28476927
3947.0,3947.0,0.40862605
3948.0,3948.0,0.2552557
3949.0,3949.0,0.442762
3950.0,3950.0,0.26702982
3951.0,3951.0,0.12685324
3952.0,3952.0,0.48310965
3953.0,3953.0,0.5888439
3954.0,3954.0,0.3405823
3955.0,3955.0,0.37049404
3956.0,3956.0,0.42268604
3957.0,3957.0,0.5356425
3958.0,3958.0,0.44804418
3959.0,3959.0,0.66476685
3960.0,3960.0,0.23942265
3961.0,3961.0,0.22796163
3962.0,3962.0,0.6689611
3963.0,3963.0,0.44410005
3964.0,3964.0,0.06981818
3965.0,3965.0,0.0424069
3966.0,3966.0,0.46945652
3967.0,3967.0,0.22776826
3968.0,3968.0,0.30706343
3969.0,3969.0,0.1873766
3970.0,3970.0,0.3775864
3971.0,3971.0,0.1451201
3972.0,3972.0,0.043062385
3973.0,3973.0,0.33886114
3974.0,3974.0,0.22079349
3975.0,3975.0,0.100063086
3976.0,3976.0,0.41007164
3977.0,3977.0,0.017146308
3978.0,3978.0,0.15303598
3979.0,3979.0,0.13267675
3980.0,3980.0,0.086281426
3981.0,3981.0,0.5566681
3982.0,3982.0,0.49292722
3983.0,3983.0,0.40678564
3984.0,3984.0,0.6162089
3985.0,3985.0,0.4633321
3986.0,3986.0,0.019130534
3987.0,3987.0,0.39270827
3988.0,3988.0,0.60892385
3989.0,3989.0,0.2016206
3990.0,3990.0,0.08887082
3991.0,3991.0,0.47839963
3992.0,3992.0,0.5820379
3993.0,3993.0,0.47885016
3994.0,3994.0,0.2483688
3995.0,3995.0,0.18853095
3996.0,3996.0,0.526868
3997.0,3997.0,0.24717583
3998.0,3998.0,0.15586992
3999.0,3999.0,0.1424827
4000.0,4000.0,0.5555647
4001.0,4001.0,0.33949137
4002.0,4002.0,0.34199116
4003.0,4003.0,0.4450506
4004.0,4004.0,0.6099929
4005.0,4005.0,0.30843633
4006.0,4006.0,0.45151657
4007.0,4007.0,0.56138027
4008.0,4008.0,0.41562107
4009.0,4009.0,0.40118408
4010.0,4010.0,0.10262662
4011.0,4011.0,0.53618485
4012.0,4012.0,0.34200075
4013.0,4013.0,0.02910398
4014.0,4014.0,0.39336714
4015.0,4015.0,0.51680547
4016.0,4016.0,0.14800309
4017.0,4017.0,0.3081742
4018.0,4018.0,0.13431062
4019.0,4019.0,0.70880044
4020.0,4020.0,0.14738773
4021.0,4021.0,0.13382934
4022.0,4022.0,0.26646137
4023.0,4023.0,0.2768454
4024.0,4024.0,0.1491216
4025.0,4025.0,0.5179205
4026.0,4026.0,0.60891056
4027.0,4027.0,0.1529752
4028.0,4028.0,0.5876967
4029.0,4029.0,0.29529285
4030.0,4030.0,0.14527781
4031.0,4031.0,0.08666508
4032.0,4032.0,0.4277712
4033.0,4033.0,0.47378376
4034.0,4034.0,0.37363863
4035.0,4035.0,0.294075
4036.0,4036.0,0.46306574
4037.0,4037.0,0.5044492
4038.0,4038.0,0.6150715
4039.0,4039.0,0.077374645
4040.0,4040.0,0.1404593
4041.0,4041.0,0.13924555
4042.0,4042.0,0.29058793
4043.0,4043.0,0.5375059
4044.0,4044.0,0.38984522
4045.0,4045.0,0.2454081
4046.0,4046.0,0.40300685
4047.0,4047.0,0.4734927
4048.0,4048.0,0.05964073
4049.0,4049.0,0.42065877
4050.0,4050.0,0.2901623
4051.0,4051.0,0.675808
4052.0,4052.0,0.6228365
4053.0,4053.0,0.3003721
4054.0,4054.0,0.6703532
4055.0,4055.0,0.45613846
4056.0,4056.0,0.32869235
4057.0,4057.0,0.34513345
4058.0,4058.0,0.40722597
4059.0,4059.0,0.17510091
4060.0,4060.0,0.6004927
4061.0,4061.0,0.20476247
4062.0,4062.0,0.37962788
4063.0,4063.0,0.6361644
4064.0,4064.0,0.36268574
4065.0,4065.0,0.31948206
4066.0,4066.0,0.32246414
4067.0,4067.0,0.48588327
4068.0,4068.0,0.12792736
4069.0,4069.0,0.03395011
4070.0,4070.0,0.5655655
4071.0,4071.0,0.20312974
4072.0,4072.0,0.5392754
4073.0,4073.0,0.14533496
4074.0,4074.0,0.3881031
4075.0,4075.0,0.56133425
4076.0,4076.0,0.30084014
4077.0,4077.0,0.13250224
4078.0,4078.0,0.46527544
4079.0,4079.0,0.5744334
4080.0,4080.0,0.62772155
4081.0,4081.0,0.25302732
4082.0,4082.0,0.11345828
4083.0,4083.0,0.5903774
4084.0,4084.0,0.3870381
4085.0,4085.0,0.2566489
4086.0,4086.0,0.5551077
4087.0,4087.0,0.14361916
4088.0,4088.0,0.5497862
4089.0,4089.0,0.2626709
4090.0,4090.0,0.23593408
4091.0,4091.0,0.21793151
4092.0,4092.0,0.3862618
