x,y,species_1 logistic values
1.0,1.0,0.1338153
2.0,2.0,0.2858834
3.0,3.0,0.05062526
4.0,4.0,0.20573616
5.0,5.0,0.38426965
6.0,6.0,0.21904883
7.0,7.0,0.23160703
8.0,8.0,0.3053307
9.0,9.0,0.1745622
10.0,10.0,0.4192737
11.0,11.0,0.28280687
12.0,12.0,0.4642944
13.0,13.0,0.20626332
14.0,14.0,0.65496653
15.0,15.0,0.6505456
16.0,16.0,0.41396347
17.0,17.0,0.43589926
18.0,18.0,0.6472179
19.0,19.0,0.18045379
20.0,20.0,0.49416545
21.0,21.0,0.44892997
22.0,22.0,0.18392444
23.0,23.0,0.6738505
24.0,24.0,0.114820644
25.0,25.0,0.382048
26.0,26.0,0.3210777
27.0,27.0,0.2819712
28.0,28.0,0.5345021
29.0,29.0,0.55982125
30.0,30.0,0.27619946
31.0,31.0,0.43453217
32.0,32.0,0.2599413
33.0,33.0,0.5476202
34.0,34.0,0.4610789
35.0,35.0,0.38568723
36.0,36.0,0.38389483
37.0,37.0,0.23649436
38.0,38.0,0.30709213
39.0,39.0,0.46990386
40.0,40.0,0.37296847
41.0,41.0,0.39638802
42.0,42.0,0.19203931
43.0,43.0,0.14875269
44.0,44.0,0.38245854
45.0,45.0,0.3786705
46.0,46.0,0.4355838
47.0,47.0,0.5768169
48.0,48.0,0.2636931
49.0,49.0,0.477623
50.0,50.0,0.25508863
51.0,51.0,0.5339941
52.0,52.0,0.006588645
53.0,53.0,0.3871287
54.0,54.0,0.25482145
55.0,55.0,0.343923
56.0,56.0,0.26273403
57.0,57.0,0.09639937
58.0,58.0,0.44127923
59.0,59.0,0.03542108
60.0,60.0,0.15129249
61.0,61.0,0.09438628
62.0,62.0,0.13282621
63.0,63.0,0.19966656
64.0,64.0,0.32095006
65.0,65.0,0.02548555
66.0,66.0,0.2747994
67.0,67.0,0.189386
68.0,68.0,0.21567856
69.0,69.0,0.67067116
70.0,70.0,0.35159472
71.0,71.0,0.51438755
72.0,72.0,0.026199033
73.0,73.0,0.47773856
74.0,74.0,0.61534214
75.0,75.0,0.50670034
76.0,76.0,0.051666904
77.0,77.0,0.42653495
78.0,78.0,0.1969046
79.0,79.0,0.73764277
80.0,80.0,0.49814588
81.0,81.0,0.021516755
82.0,82.0,0.21787915
83.0,83.0,0.50834465
84.0,84.0,0.14568745
85.0,85.0,0.24299845
86.0,86.0,0.42251757
87.0,87.0,0.4410868
88.0,88.0,0.5983467
89.0,89.0,0.36180523
90.0,90.0,0.66059685
91.0,91.0,0.24804866
92.0,92.0,0.22400576
93.0,93.0,0.29816315
94.0,94.0,0.21695417
95.0,95.0,0.33579963
96.0,96.0,0.21004118
97.0,97.0,0.49798587
98.0,98.0,0.027172621
99.0,99.0,0.3028751
100.0,100.0,0.29620394
101.0,101.0,0.67009753
102.0,102.0,0.25607288
103.0,103.0,0.1734677
104.0,104.0,0.20064528
105.0,105.0,0.4053659
106.0,106.0,0.036370832
107.0,107.0,0.55181
108.0,108.0,0.40422288
109.0,109.0,0.41114473
110.0,110.0,0.4817953
111.0,111.0,0.5594164
112.0,112.0,0.30922586
113.0,113.0,0.48762408
114.0,114.0,0.2514055
115.0,115.0,0.33326125
116.0,116.0,0.04826291
117.0,117.0,0.41111237
118.0,118.0,0.24782366
119.0,119.0,0.32091704
120.0,120.0,0.52173984
121.0,121.0,0.45148924
122.0,122.0,0.16455464
123.0,123.0,0.12109772
124.0,124.0,0.43918294
125.0,125.0,0.36252394
126.0,126.0,0.37332773
127.0,127.0,0.1594864
128.0,128.0,0.0061030323
129.0,129.0,0.6326071
130.0,130.0,0.48493764
131.0,131.0,0.33039427
132.0,132.0,0.5429544
133.0,133.0,0.12137134
134.0,134.0,0.106392935
135.0,135.0,0.32262707
136.0,136.0,0.007548899
137.0,137.0,0.6143571
138.0,138.0,0.5237859
139.0,139.0,0.25927326
140.0,140.0,0.08117934
141.0,141.0,0.20673187
142.0,142.0,0.27665797
143.0,143.0,0.5390158
144.0,144.0,0.031607177
145.0,145.0,0.31034318
146.0,146.0,0.5287138
147.0,147.0,0.0072668623
148.0,148.0,0.7005309
149.0,149.0,0.5770184
150.0,150.0,0.3488359
151.0,151.0,0.31684047
152.0,152.0,0.5564414
153.0,153.0,0.27989376
154.0,154.0,0.26748264
155.0,155.0,0.39805487
156.0,156.0,0.26170665
157.0,157.0,0.03960495
158.0,158.0,0.34060183
159.0,159.0,0.5558523
160.0,160.0,0.25750205
161.0,161.0,0.21183039
162.0,162.0,0.35425323
163.0,163.0,0.4929153
164.0,164.0,0.10526447
165.0,165.0,0.4105428
166.0,166.0,0.118796214
167.0,167.0,0.039093867
168.0,168.0,0.34200662
169.0,169.0,0.2728267
170.0,170.0,0.67557424
171.0,171.0,0.67943
172.0,172.0,0.347296
173.0,173.0,0.5427344
174.0,174.0,0.38355717
175.0,175.0,0.17898908
176.0,176.0,0.35395235
177.0,177.0,0.10322546
178.0,178.0,0.29223254
179.0,179.0,0.24714006
180.0,180.0,0.42177513
181.0,181.0,0.223037
182.0,182.0,0.6519589
183.0,183.0,0.44210678
184.0,184.0,0.21095715
185.0,185.0,0.5213084
186.0,186.0,0.23196734
187.0,187.0,0.58886313
188.0,188.0,0.3793472
189.0,189.0,0.2609854
190.0,190.0,0.5939558
191.0,191.0,0.25850332
192.0,192.0,0.65178365
193.0,193.0,0.26473373
194.0,194.0,0.47643986
195.0,195.0,0.57900614
196.0,196.0,0.098095
197.0,197.0,0.42052737
198.0,198.0,0.27843297
199.0,199.0,0.23300754
200.0,200.0,0.45485672
201.0,201.0,0.2783145
202.0,202.0,0.7260242
203.0,203.0,0.13056056
204.0,204.0,0.44713622
205.0,205.0,0.4008289
206.0,206.0,0.5357103
207.0,207.0,0.51028466
208.0,208.0,0.17410247
209.0,209.0,0.028936703
210.0,210.0,0.45068493
211.0,211.0,0.33689922
212.0,212.0,0.17537843
213.0,213.0,0.20857036
214.0,214.0,0.04075164
215.0,215.0,0.19207928
216.0,216.0,0.23294924
217.0,217.0,0.6275711
218.0,218.0,0.46265358
219.0,219.0,0.32685444
220.0,220.0,0.5029735
221.0,221.0,0.5118332
222.0,222.0,0.461897
223.0,223.0,0.37011397
224.0,224.0,0.3116652
225.0,225.0,0.34882835
226.0,226.0,0.27357993
227.0,227.0,0.121340625
228.0,228.0,0.34172964
229.0,229.0,0.1175499
230.0,230.0,0.41152745
231.0,231.0,0.34831586
232.0,232.0,0.35367632
233.0,233.0,0.5193959
234.0,234.0,0.4843632
235.0,235.0,0.46393603
236.0,236.0,0.50890905
237.0,237.0,0.2451033
238.0,238.0,0.22913602
239.0,239.0,0.35968152
240.0,240.0,0.12692805
241.0,241.0,0.26026827
242.0,242.0,0.5081352
243.0,243.0,0.4108864
244.0,244.0,0.37024963
245.0,245.0,0.18543743
246.0,246.0,0.4733196
247.0,247.0,0.19343175
248.0,248.0,0.5722709
249.0,249.0,0.5974086
250.0,250.0,0.49687454
251.0,251.0,0.117221884
252.0,252.0,0.35714686
253.0,253.0,0.39281386
254.0,254.0,0.6232799
255.0,255.0,0.19311467
256.0,256.0,0.17166816
257.0,257.0,0.17991804
258.0,258.0,0.022743214
259.0,259.0,0.10601754
260.0,260.0,0.6751302
261.0,261.0,0.50159705
262.0,262.0,0.22720136
263.0,263.0,0.28789097
264.0,264.0,0.15061264
265.0,265.0,0.31916174
266.0,266.0,0.6295266
267.0,267.0,0.21279533
268.0,268.0,0.28481162
269.0,269.0,0.661649
270.0,270.0,0.41133276
271.0,271.0,0.24538782
272.0,272.0,0.3774559
273.0,273.0,0.21570762
274.0,274.0,0.27396446
275.0,275.0,0.23134814
276.0,276.0,0.4241994
277.0,277.0,0.22457233
278.0,278.0,0.17510818
279.0,279.0,0.49805176
280.0,280.0,0.5601029
281.0,281.0,0.212309
282.0,282.0,0.52287596
283.0,283.0,0.21596621
284.0,284.0,0.46894515
285.0,285.0,0.31199062
286.0,286.0,0.056239016
287.0,287.0,0.03161117
288.0,288.0,0.19599861
289.0,289.0,0.5986495
290.0,290.0,0.5147925
291.0,291.0,0.23247655
292.0,292.0,0.28958908
293.0,293.0,0.035516463
294.0,294.0,0.48286742
295.0,295.0,0.45868725
296.0,296.0,0.52366525
297.0,297.0,0.19634302
298.0,298.0,0.38444656
299.0,299.0,0.3142202
300.0,300.0,0.42238885
301.0,301.0,0.58303535
302.0,302.0,0.37810886
303.0,303.0,0.054503344
304.0,304.0,0.64462566
305.0,305.0,0.38160294
306.0,306.0,0.47148022
307.0,307.0,0.42704776
308.0,308.0,0.41640243
309.0,309.0,0.5953206
310.0,310.0,0.5307264
311.0,311.0,0.5451419
312.0,312.0,0.44887072
313.0,313.0,0.18302782
314.0,314.0,0.29722664
315.0,315.0,0.10368874
316.0,316.0,0.32888272
317.0,317.0,0.65375566
318.0,318.0,0.38531873
319.0,319.0,0.46289328
320.0,320.0,0.49416718
321.0,321.0,0.26713145
322.0,322.0,0.44332623
323.0,323.0,0.3225415
324.0,324.0,0.46306244
325.0,325.0,0.41577056
326.0,326.0,0.50552285
327.0,327.0,0.5278394
328.0,328.0,0.14442734
329.0,329.0,0.47885695
330.0,330.0,0.40824202
331.0,331.0,0.34905115
332.0,332.0,0.50465155
333.0,333.0,0.20217693
334.0,334.0,0.5115968
335.0,335.0,0.6607874
336.0,336.0,0.30510014
337.0,337.0,0.11423493
338.0,338.0,0.52689934
339.0,339.0,0.3809801
340.0,340.0,0.13559356
341.0,341.0,0.44601497
342.0,342.0,0.30187845
343.0,343.0,0.29632425
344.0,344.0,0.6298721
345.0,345.0,0.36592454
346.0,346.0,0.50780624
347.0,347.0,0.017279064
348.0,348.0,0.12341062
349.0,349.0,0.24012987
350.0,350.0,0.35376254
351.0,351.0,0.5826337
352.0,352.0,0.43956998
353.0,353.0,0.13183081
354.0,354.0,0.5419014
355.0,355.0,0.4876098
356.0,356.0,0.32301757
357.0,357.0,0.3261132
358.0,358.0,0.26710117
359.0,359.0,0.51023906
360.0,360.0,0.47454906
361.0,361.0,0.73658264
362.0,362.0,0.10725804
363.0,363.0,0.4512134
364.0,364.0,0.22541758
365.0,365.0,0.31084993
366.0,366.0,0.09361084
367.0,367.0,0.7010207
368.0,368.0,0.027502561
369.0,369.0,0.33203468
370.0,370.0,0.2125217
371.0,371.0,0.20576409
372.0,372.0,0.659428
373.0,373.0,0.46848336
374.0,374.0,0.39688691
375.0,375.0,0.39500323
376.0,376.0,0.37969068
377.0,377.0,0.54331565
378.0,378.0,0.30620882
379.0,379.0,0.55787903
380.0,380.0,0.30578306
381.0,381.0,0.21945064
382.0,382.0,0.37671405
383.0,383.0,0.6420718
384.0,384.0,0.61437833
385.0,385.0,0.34237614
386.0,386.0,0.2227071
387.0,387.0,0.21427912
388.0,388.0,0.09794911
389.0,389.0,0.2710479
390.0,390.0,0.5010324
391.0,391.0,0.5703149
392.0,392.0,0.17651731
393.0,393.0,0.18531676
394.0,394.0,0.57006824
395.0,395.0,0.393927
396.0,396.0,0.34772867
397.0,397.0,0.013065978
398.0,398.0,0.28800413
399.0,399.0,0.30456412
400.0,400.0,0.63366646
401.0,401.0,0.23668653
402.0,402.0,0.10540193
403.0,403.0,0.49378154
404.0,404.0,0.19071622
405.0,405.0,0.3248454
406.0,406.0,0.5172834
407.0,407.0,0.24258435
408.0,408.0,0.512778
409.0,409.0,0.61677104
410.0,410.0,0.40433088
411.0,411.0,0.24520084
412.0,412.0,0.25146705
413.0,413.0,0.3152328
414.0,414.0,0.39058658
415.0,415.0,0.26803374
416.0,416.0,0.35281077
417.0,417.0,0.04544575
418.0,418.0,0.18783067
419.0,419.0,0.48552385
420.0,420.0,0.16378285
421.0,421.0,0.22477551
422.0,422.0,0.7852938
423.0,423.0,0.45071143
424.0,424.0,0.23978509
425.0,425.0,0.38555768
426.0,426.0,0.3252016
427.0,427.0,0.31845364
428.0,428.0,0.47904283
429.0,429.0,0.41961613
430.0,430.0,0.10656268
431.0,431.0,0.27983448
432.0,432.0,0.5582573
433.0,433.0,0.21501209
434.0,434.0,0.38677213
435.0,435.0,0.34105322
436.0,436.0,0.6250645
437.0,437.0,0.15717529
438.0,438.0,0.026322395
439.0,439.0,0.5807578
440.0,440.0,0.40435734
441.0,441.0,0.67510974
442.0,442.0,0.33135334
443.0,443.0,0.2934294
444.0,444.0,0.63196313
445.0,445.0,0.55251294
446.0,446.0,0.37609744
447.0,447.0,0.14705282
448.0,448.0,0.4310241
449.0,449.0,0.2744369
450.0,450.0,0.096462384
451.0,451.0,0.47326997
452.0,452.0,0.33165285
453.0,453.0,0.4488547
454.0,454.0,0.1896219
455.0,455.0,0.72618663
456.0,456.0,0.39337415
457.0,457.0,0.34662405
458.0,458.0,0.01680426
459.0,459.0,0.33534244
460.0,460.0,0.57382387
461.0,461.0,0.61354136
462.0,462.0,0.03469141
463.0,463.0,0.657098
464.0,464.0,0.60711914
465.0,465.0,0.16943164
466.0,466.0,0.47547546
467.0,467.0,0.27018213
468.0,468.0,0.561679
469.0,469.0,0.26194918
470.0,470.0,0.38983196
471.0,471.0,0.43875062
472.0,472.0,0.49336204
473.0,473.0,0.2393853
474.0,474.0,0.31966215
475.0,475.0,0.2676105
476.0,476.0,0.2220212
477.0,477.0,0.10622995
478.0,478.0,0.45814943
479.0,479.0,0.39473876
480.0,480.0,0.31331486
481.0,481.0,0.23094949
482.0,482.0,0.041595086
483.0,483.0,0.4980832
484.0,484.0,0.43426892
485.0,485.0,0.4046089
486.0,486.0,0.30382738
487.0,487.0,0.48860818
488.0,488.0,0.38839403
489.0,489.0,0.3382357
490.0,490.0,0.029412918
491.0,491.0,0.5469648
492.0,492.0,0.41661617
493.0,493.0,0.5397566
494.0,494.0,0.21826498
495.0,495.0,0.13811152
496.0,496.0,0.53223944
497.0,497.0,0.53606397
498.0,498.0,0.580109
499.0,499.0,0.23666775
500.0,500.0,0.359282
501.0,501.0,0.2690471
502.0,502.0,0.23910604
503.0,503.0,0.28070387
504.0,504.0,0.1822385
505.0,505.0,0.2777735
506.0,506.0,0.42219514
507.0,507.0,0.17745851
508.0,508.0,0.3272976
509.0,509.0,0.27939898
510.0,510.0,0.3329112
511.0,511.0,0.42610925
512.0,512.0,0.54462653
513.0,513.0,0.21956179
514.0,514.0,0.5834289
515.0,515.0,0.38368204
516.0,516.0,0.13729505
517.0,517.0,0.38006413
518.0,518.0,0.47743294
519.0,519.0,0.54581124
520.0,520.0,0.42825496
521.0,521.0,0.630818
522.0,522.0,0.48731655
523.0,523.0,0.45577702
524.0,524.0,0.302654
525.0,525.0,0.4563478
526.0,526.0,0.1547226
527.0,527.0,0.41561574
528.0,528.0,0.21282698
529.0,529.0,0.39781338
530.0,530.0,0.60295206
531.0,531.0,0.19088528
532.0,532.0,0.3883216
533.0,533.0,0.510441
534.0,534.0,0.04567225
535.0,535.0,0.44677082
536.0,536.0,0.34204492
537.0,537.0,0.023355873
538.0,538.0,0.39479482
539.0,539.0,0.30700016
540.0,540.0,0.14636935
541.0,541.0,0.09557923
542.0,542.0,0.29552844
543.0,543.0,0.49450585
544.0,544.0,0.63086027
545.0,545.0,0.516046
546.0,546.0,0.58636534
547.0,547.0,0.19772841
548.0,548.0,0.02028577
549.0,549.0,0.46837047
550.0,550.0,0.5544521
551.0,551.0,0.51442176
552.0,552.0,0.120067075
553.0,553.0,0.28611544
554.0,554.0,0.23117529
555.0,555.0,0.21254645
556.0,556.0,0.35171953
557.0,557.0,0.25938213
558.0,558.0,0.47507766
559.0,559.0,0.46372035
560.0,560.0,0.69918716
561.0,561.0,0.5240376
562.0,562.0,0.28134128
563.0,563.0,0.5287739
564.0,564.0,0.27644432
565.0,565.0,0.03733151
566.0,566.0,0.24652028
567.0,567.0,0.6795558
568.0,568.0,0.51366144
569.0,569.0,0.57868207
570.0,570.0,0.24718429
571.0,571.0,0.3602516
572.0,572.0,0.43024802
573.0,573.0,0.27349177
574.0,574.0,0.4490028
575.0,575.0,0.5883957
576.0,576.0,0.33887187
577.0,577.0,0.53551906
578.0,578.0,0.5505818
579.0,579.0,0.10900723
580.0,580.0,0.35078636
581.0,581.0,0.26418903
582.0,582.0,0.68923265
583.0,583.0,0.40071666
584.0,584.0,0.2101065
585.0,585.0,0.55629796
586.0,586.0,0.09999114
587.0,587.0,0.27316257
588.0,588.0,0.07449516
589.0,589.0,0.040124003
590.0,590.0,0.4231417
591.0,591.0,0.5163506
592.0,592.0,0.13934886
593.0,593.0,0.4782777
594.0,594.0,0.45093432
595.0,595.0,0.3164674
596.0,596.0,0.21645711
597.0,597.0,0.3602523
598.0,598.0,0.70880485
599.0,599.0,0.6845976
600.0,600.0,0.35773432
601.0,601.0,0.58054703
602.0,602.0,0.39877525
603.0,603.0,0.20961684
604.0,604.0,0.27081198
605.0,605.0,0.37854943
606.0,606.0,0.6732538
607.0,607.0,0.27256343
608.0,608.0,0.45724
609.0,609.0,0.3452239
610.0,610.0,0.6770225
611.0,611.0,0.46924353
612.0,612.0,0.49268252
613.0,613.0,0.42028934
614.0,614.0,0.6092178
615.0,615.0,0.5608308
616.0,616.0,0.3334422
617.0,617.0,0.24762583
618.0,618.0,0.2944607
619.0,619.0,0.04890558
620.0,620.0,0.42162773
621.0,621.0,0.12025245
622.0,622.0,0.44846958
623.0,623.0,0.6246328
624.0,624.0,0.24269995
625.0,625.0,0.22844553
626.0,626.0,0.4437023
627.0,627.0,0.2590052
628.0,628.0,0.16668311
629.0,629.0,0.60745156
630.0,630.0,0.4169759
631.0,631.0,0.22815564
632.0,632.0,0.4504711
633.0,633.0,0.19782448
634.0,634.0,0.4321702
635.0,635.0,0.44830737
636.0,636.0,0.106618196
637.0,637.0,0.70967686
638.0,638.0,0.24505539
639.0,639.0,0.028884547
640.0,640.0,0.56055975
641.0,641.0,0.13888825
642.0,642.0,0.4152862
643.0,643.0,0.24019733
644.0,644.0,0.046017222
645.0,645.0,0.32892984
646.0,646.0,0.02754717
647.0,647.0,0.18744664
648.0,648.0,0.12317259
649.0,649.0,0.1183284
650.0,650.0,0.4839121
651.0,651.0,0.11311722
652.0,652.0,0.62761533
653.0,653.0,0.29897773
654.0,654.0,0.3571879
655.0,655.0,0.27573466
656.0,656.0,0.53213835
657.0,657.0,0.4946022
658.0,658.0,0.3411247
659.0,659.0,0.56393665
660.0,660.0,0.4313203
661.0,661.0,0.6120957
662.0,662.0,0.41926563
663.0,663.0,0.45820317
664.0,664.0,0.07651241
665.0,665.0,0.19003959
666.0,666.0,0.14324278
667.0,667.0,0.4718036
668.0,668.0,0.1430603
669.0,669.0,0.44004428
670.0,670.0,0.1756071
671.0,671.0,0.39998564
672.0,672.0,0.100784525
673.0,673.0,0.39210096
674.0,674.0,0.5288533
675.0,675.0,0.5309025
676.0,676.0,0.1800223
677.0,677.0,0.18433869
678.0,678.0,0.15878926
679.0,679.0,0.5816718
680.0,680.0,0.37523577
681.0,681.0,0.69074243
682.0,682.0,0.3782539
683.0,683.0,0.022050107
684.0,684.0,0.04226029
685.0,685.0,0.44897828
686.0,686.0,0.3670985
687.0,687.0,0.6184197
688.0,688.0,0.61865276
689.0,689.0,0.30215776
690.0,690.0,0.55718356
691.0,691.0,0.19290552
692.0,692.0,0.32193848
693.0,693.0,0.41093227
694.0,694.0,0.09927965
695.0,695.0,0.73550177
696.0,696.0,0.29622203
697.0,697.0,0.39414918
698.0,698.0,0.005162043
699.0,699.0,0.18721469
700.0,700.0,0.46017364
701.0,701.0,0.05450568
702.0,702.0,0.39333233
703.0,703.0,0.039242383
704.0,704.0,0.26214874
705.0,705.0,0.22028594
706.0,706.0,0.6550323
707.0,707.0,0.09374384
708.0,708.0,0.13892919
709.0,709.0,0.5759737
710.0,710.0,0.19722581
711.0,711.0,0.591926
712.0,712.0,0.6564746
713.0,713.0,0.55236346
714.0,714.0,0.28914312
715.0,715.0,0.2486147
716.0,716.0,0.23889913
717.0,717.0,0.26877278
718.0,718.0,0.3654773
719.0,719.0,0.16527829
720.0,720.0,0.68921965
721.0,721.0,0.46899724
722.0,722.0,0.5772239
723.0,723.0,0.38922802
724.0,724.0,0.098173976
725.0,725.0,0.33549237
726.0,726.0,0.3085407
727.0,727.0,0.62021726
728.0,728.0,0.13351941
729.0,729.0,0.272448
730.0,730.0,0.2730809
731.0,731.0,0.32211897
732.0,732.0,0.36242586
733.0,733.0,0.093311116
734.0,734.0,0.19753335
735.0,735.0,0.2296148
736.0,736.0,0.5012759
737.0,737.0,0.682526
738.0,738.0,0.16096799
739.0,739.0,0.42657295
740.0,740.0,0.26700965
741.0,741.0,0.020683182
742.0,742.0,0.26932436
743.0,743.0,0.27602553
744.0,744.0,0.40774354
745.0,745.0,0.2312218
746.0,746.0,0.10464454
747.0,747.0,0.65328985
748.0,748.0,0.4014492
749.0,749.0,0.2841888
750.0,750.0,0.5377441
751.0,751.0,0.2830547
752.0,752.0,0.27777
753.0,753.0,0.115579434
754.0,754.0,0.6660416
755.0,755.0,0.55061126
756.0,756.0,0.59128344
757.0,757.0,0.34264356
758.0,758.0,0.41312066
759.0,759.0,0.27381065
760.0,760.0,0.25951713
761.0,761.0,0.33961225
762.0,762.0,0.5188274
763.0,763.0,0.43876955
764.0,764.0,0.43617642
765.0,765.0,0.08450286
766.0,766.0,0.41939548
767.0,767.0,0.31814614
768.0,768.0,0.34032577
769.0,769.0,0.5012877
770.0,770.0,0.03381847
771.0,771.0,0.6919175
772.0,772.0,0.040898986
773.0,773.0,0.53642756
774.0,774.0,0.40292937
775.0,775.0,0.35039458
776.0,776.0,0.22555849
777.0,777.0,0.19821243
778.0,778.0,0.4071733
779.0,779.0,0.09924977
780.0,780.0,0.031284235
781.0,781.0,0.346687
782.0,782.0,0.032328196
783.0,783.0,0.15021256
784.0,784.0,0.4055381
785.0,785.0,0.111632094
786.0,786.0,0.2506524
787.0,787.0,0.25128633
788.0,788.0,0.2544517
789.0,789.0,0.6214212
790.0,790.0,0.17665505
791.0,791.0,0.4099163
792.0,792.0,0.09799552
793.0,793.0,0.11078235
794.0,794.0,0.63757926
795.0,795.0,0.18415096
796.0,796.0,0.59546435
797.0,797.0,0.030092485
798.0,798.0,0.24438258
799.0,799.0,0.026185898
800.0,800.0,0.14043756
801.0,801.0,0.3323829
802.0,802.0,0.38447076
803.0,803.0,0.63331157
804.0,804.0,0.25904694
805.0,805.0,0.32060313
806.0,806.0,0.32730785
807.0,807.0,0.35367873
808.0,808.0,0.32971513
809.0,809.0,0.6312543
810.0,810.0,0.32567018
811.0,811.0,0.16650516
812.0,812.0,0.1035124
813.0,813.0,0.36305094
814.0,814.0,0.10610274
815.0,815.0,0.19922958
816.0,816.0,0.116060756
817.0,817.0,0.70361876
818.0,818.0,0.36542502
819.0,819.0,0.13918173
820.0,820.0,0.73059404
821.0,821.0,0.5422832
822.0,822.0,0.29832354
823.0,823.0,0.1734282
824.0,824.0,0.30979803
825.0,825.0,0.33761472
826.0,826.0,0.25583664
827.0,827.0,0.5224667
828.0,828.0,0.17140391
829.0,829.0,0.43975502
830.0,830.0,0.31161097
831.0,831.0,0.4122853
832.0,832.0,0.4160633
833.0,833.0,0.1382676
834.0,834.0,0.6700576
835.0,835.0,0.25245562
836.0,836.0,0.21807903
837.0,837.0,0.074352555
838.0,838.0,0.3852628
839.0,839.0,0.19841386
840.0,840.0,0.26544413
841.0,841.0,0.17788275
842.0,842.0,0.4032342
843.0,843.0,0.52205384
844.0,844.0,0.096655704
845.0,845.0,0.168231
846.0,846.0,0.66904634
847.0,847.0,0.68996376
848.0,848.0,0.33280098
849.0,849.0,0.59477544
850.0,850.0,0.12915006
851.0,851.0,0.17783552
852.0,852.0,0.3329646
853.0,853.0,0.720244
854.0,854.0,0.48075753
855.0,855.0,0.32317713
856.0,856.0,0.26592702
857.0,857.0,0.6580048
858.0,858.0,0.14522442
859.0,859.0,0.5138339
860.0,860.0,0.6176417
861.0,861.0,0.32034504
862.0,862.0,0.5079147
863.0,863.0,0.4226981
864.0,864.0,0.547597
865.0,865.0,0.11443131
866.0,866.0,0.29909268
867.0,867.0,0.36258987
868.0,868.0,0.19193429
869.0,869.0,0.27647796
870.0,870.0,0.53527313
871.0,871.0,0.35442626
872.0,872.0,0.29437348
873.0,873.0,0.30636504
874.0,874.0,0.47232556
875.0,875.0,0.03544978
876.0,876.0,0.3744644
877.0,877.0,0.29123056
878.0,878.0,0.20507964
879.0,879.0,0.48420647
880.0,880.0,0.5142345
881.0,881.0,0.39307547
882.0,882.0,0.32994226
883.0,883.0,0.5715713
884.0,884.0,0.23964609
885.0,885.0,0.6106564
886.0,886.0,0.49668595
887.0,887.0,0.4443778
888.0,888.0,0.71397144
889.0,889.0,0.1818199
890.0,890.0,0.26503545
891.0,891.0,0.57291526
892.0,892.0,0.54303324
893.0,893.0,0.45011204
894.0,894.0,0.3518113
895.0,895.0,0.38254383
896.0,896.0,0.21489823
897.0,897.0,0.55475557
898.0,898.0,0.33838603
899.0,899.0,0.21991606
900.0,900.0,0.35875243
901.0,901.0,0.48410845
902.0,902.0,0.21261287
903.0,903.0,0.4458342
904.0,904.0,0.52506876
905.0,905.0,0.22467807
906.0,906.0,0.4728026
907.0,907.0,0.36917448
908.0,908.0,0.15884085
909.0,909.0,0.4024945
910.0,910.0,0.43826953
911.0,911.0,0.42957735
912.0,912.0,0.20585771
913.0,913.0,0.39575875
914.0,914.0,0.09907322
915.0,915.0,0.10958705
916.0,916.0,0.40058985
917.0,917.0,0.27091196
918.0,918.0,0.31977454
919.0,919.0,0.70450366
920.0,920.0,0.4222516
921.0,921.0,0.29666427
922.0,922.0,0.27728125
923.0,923.0,0.11979231
924.0,924.0,0.40057334
925.0,925.0,0.5875962
926.0,926.0,0.02904633
927.0,927.0,0.21133672
928.0,928.0,0.17389439
929.0,929.0,0.10004975
930.0,930.0,0.33979836
931.0,931.0,0.3476706
932.0,932.0,0.2435233
933.0,933.0,0.3827949
934.0,934.0,0.5500113
935.0,935.0,0.21463671
936.0,936.0,0.27052653
937.0,937.0,0.37364313
938.0,938.0,0.50737625
939.0,939.0,0.1419184
940.0,940.0,0.5561253
941.0,941.0,0.5156786
942.0,942.0,0.04676642
943.0,943.0,0.30033988
944.0,944.0,0.035526793
945.0,945.0,0.39953664
946.0,946.0,0.09446343
947.0,947.0,0.21608962
948.0,948.0,0.04750641
949.0,949.0,0.20086928
950.0,950.0,0.524859
951.0,951.0,0.38114315
952.0,952.0,0.39204112
953.0,953.0,0.1750063
954.0,954.0,0.32440355
955.0,955.0,0.073484644
956.0,956.0,0.65147537
957.0,957.0,0.1388531
958.0,958.0,0.36900395
959.0,959.0,0.21173805
960.0,960.0,0.3152651
961.0,961.0,0.14625359
962.0,962.0,0.11400302
963.0,963.0,0.108021915
964.0,964.0,0.3537906
965.0,965.0,0.23504993
966.0,966.0,0.25508416
967.0,967.0,0.5625431
968.0,968.0,0.21084931
969.0,969.0,0.40024942
970.0,970.0,0.2718968
971.0,971.0,0.21186048
972.0,972.0,0.15025382
973.0,973.0,0.33808506
974.0,974.0,0.4374669
975.0,975.0,0.31401744
976.0,976.0,0.17295778
977.0,977.0,0.6090115
978.0,978.0,0.4733535
979.0,979.0,0.17217438
980.0,980.0,0.4096447
981.0,981.0,0.6497701
982.0,982.0,0.044778988
983.0,983.0,0.59164774
984.0,984.0,0.48927575
985.0,985.0,0.28988463
986.0,986.0,0.4333515
987.0,987.0,0.06325873
988.0,988.0,0.5785065
989.0,989.0,0.19533388
990.0,990.0,0.15178356
991.0,991.0,0.43136305
992.0,992.0,0.23324563
993.0,993.0,0.53540576
994.0,994.0,0.4673613
995.0,995.0,0.38972276
996.0,996.0,0.098540865
997.0,997.0,0.44258198
998.0,998.0,0.352986
999.0,999.0,0.64464045
1000.0,1000.0,0.375446
1001.0,1001.0,0.4045966
1002.0,1002.0,0.67653185
1003.0,1003.0,0.39407134
1004.0,1004.0,0.5030828
1005.0,1005.0,0.50177246
1006.0,1006.0,0.21012497
1007.0,1007.0,0.2728016
1008.0,1008.0,0.17537965
1009.0,1009.0,0.1446315
1010.0,1010.0,0.016439633
1011.0,1011.0,0.4722093
1012.0,1012.0,0.45273
1013.0,1013.0,0.29387787
1014.0,1014.0,0.503309
1015.0,1015.0,0.51684874
1016.0,1016.0,0.4785521
1017.0,1017.0,0.5130582
1018.0,1018.0,0.40043965
1019.0,1019.0,0.37072513
1020.0,1020.0,0.48662007
1021.0,1021.0,0.5155556
1022.0,1022.0,0.5662192
1023.0,1023.0,0.20889217
1024.0,1024.0,0.10514091
1025.0,1025.0,0.31542322
1026.0,1026.0,0.4544033
1027.0,1027.0,0.47619268
1028.0,1028.0,0.3159477
1029.0,1029.0,0.19312212
1030.0,1030.0,0.3673847
1031.0,1031.0,0.42377013
1032.0,1032.0,0.24340497
1033.0,1033.0,0.43664575
1034.0,1034.0,0.50029886
1035.0,1035.0,0.055993803
1036.0,1036.0,0.5631617
1037.0,1037.0,0.40679494
1038.0,1038.0,0.23839727
1039.0,1039.0,0.28296885
1040.0,1040.0,0.16776331
1041.0,1041.0,0.3133745
1042.0,1042.0,0.26366395
1043.0,1043.0,0.3282079
1044.0,1044.0,0.15590137
1045.0,1045.0,0.36884576
1046.0,1046.0,0.18011604
1047.0,1047.0,0.3432529
1048.0,1048.0,0.096740276
1049.0,1049.0,0.12651451
1050.0,1050.0,0.42907307
1051.0,1051.0,0.42457387
1052.0,1052.0,0.34820622
1053.0,1053.0,0.2512589
1054.0,1054.0,0.36956108
1055.0,1055.0,0.21128806
1056.0,1056.0,0.12863813
1057.0,1057.0,0.14733353
1058.0,1058.0,0.70710963
1059.0,1059.0,0.2150021
1060.0,1060.0,0.26168782
1061.0,1061.0,0.15835173
1062.0,1062.0,0.55654204
1063.0,1063.0,0.3574627
1064.0,1064.0,0.40030807
1065.0,1065.0,0.5953338
1066.0,1066.0,0.42840552
1067.0,1067.0,0.16774541
1068.0,1068.0,0.32433784
1069.0,1069.0,0.35222632
1070.0,1070.0,0.34637654
1071.0,1071.0,0.4874587
1072.0,1072.0,0.037465606
1073.0,1073.0,0.5861451
1074.0,1074.0,0.18353198
1075.0,1075.0,0.34900698
1076.0,1076.0,0.72258645
1077.0,1077.0,0.14990869
1078.0,1078.0,0.14173321
1079.0,1079.0,0.5645173
1080.0,1080.0,0.37743908
1081.0,1081.0,0.44309014
1082.0,1082.0,0.09074167
1083.0,1083.0,0.56826353
1084.0,1084.0,0.3241876
1085.0,1085.0,0.1994046
1086.0,1086.0,0.31278485
1087.0,1087.0,0.6146921
1088.0,1088.0,0.17449383
1089.0,1089.0,0.4850169
1090.0,1090.0,0.27873197
1091.0,1091.0,0.24415925
1092.0,1092.0,0.42965046
1093.0,1093.0,0.1933122
1094.0,1094.0,0.20907621
1095.0,1095.0,0.43814462
1096.0,1096.0,0.52352464
1097.0,1097.0,0.32668367
1098.0,1098.0,0.62177616
1099.0,1099.0,0.43305728
1100.0,1100.0,0.39030448
1101.0,1101.0,0.08972066
1102.0,1102.0,0.120559715
1103.0,1103.0,0.23705877
1104.0,1104.0,0.32594246
1105.0,1105.0,0.42955548
1106.0,1106.0,0.3604257
1107.0,1107.0,0.24067318
1108.0,1108.0,0.36434296
1109.0,1109.0,0.6746744
1110.0,1110.0,0.18658313
1111.0,1111.0,0.25986123
1112.0,1112.0,0.018519321
1113.0,1113.0,0.46445554
1114.0,1114.0,0.6099495
1115.0,1115.0,0.17635404
1116.0,1116.0,0.10501716
1117.0,1117.0,0.4885674
1118.0,1118.0,0.64775455
1119.0,1119.0,0.14090016
1120.0,1120.0,0.31702977
1121.0,1121.0,0.4207368
1122.0,1122.0,0.35872507
1123.0,1123.0,0.19140396
1124.0,1124.0,0.67944497
1125.0,1125.0,0.27738616
1126.0,1126.0,0.49691498
1127.0,1127.0,0.27672598
1128.0,1128.0,0.39009008
1129.0,1129.0,0.35727587
1130.0,1130.0,0.39740574
1131.0,1131.0,0.12839775
1132.0,1132.0,0.044371847
1133.0,1133.0,0.19621164
1134.0,1134.0,0.2743467
1135.0,1135.0,0.045456287
1136.0,1136.0,0.3058122
1137.0,1137.0,0.2210447
1138.0,1138.0,0.24131751
1139.0,1139.0,0.15346587
1140.0,1140.0,0.43750706
1141.0,1141.0,0.28220913
1142.0,1142.0,0.24871898
1143.0,1143.0,0.050632466
1144.0,1144.0,0.17190135
1145.0,1145.0,0.27345213
1146.0,1146.0,0.67080766
1147.0,1147.0,0.18810779
1148.0,1148.0,0.69199306
1149.0,1149.0,0.03629428
1150.0,1150.0,0.59284496
1151.0,1151.0,0.18484998
1152.0,1152.0,0.1018074
1153.0,1153.0,0.18007345
1154.0,1154.0,0.5300434
1155.0,1155.0,0.34549823
1156.0,1156.0,0.05395295
1157.0,1157.0,0.39389965
1158.0,1158.0,0.6434995
1159.0,1159.0,0.35831454
1160.0,1160.0,0.50210625
1161.0,1161.0,0.5064361
1162.0,1162.0,0.03409953
1163.0,1163.0,0.35251087
1164.0,1164.0,0.6228803
1165.0,1165.0,0.4938961
1166.0,1166.0,0.44408438
1167.0,1167.0,0.44417244
1168.0,1168.0,0.25112644
1169.0,1169.0,0.47592255
1170.0,1170.0,0.2476101
1171.0,1171.0,0.5242707
1172.0,1172.0,0.4300103
1173.0,1173.0,0.30014598
1174.0,1174.0,0.22259794
1175.0,1175.0,0.15451826
1176.0,1176.0,0.04193395
1177.0,1177.0,0.23714502
1178.0,1178.0,0.2944806
1179.0,1179.0,0.48938316
1180.0,1180.0,0.49742758
1181.0,1181.0,0.2748796
1182.0,1182.0,0.43036294
1183.0,1183.0,0.47884846
1184.0,1184.0,0.24635261
1185.0,1185.0,0.5579363
1186.0,1186.0,0.2719789
1187.0,1187.0,0.73396975
1188.0,1188.0,0.5987968
1189.0,1189.0,0.4882148
1190.0,1190.0,0.20196348
1191.0,1191.0,0.21453807
1192.0,1192.0,0.40464562
1193.0,1193.0,0.025725592
1194.0,1194.0,0.4320664
1195.0,1195.0,0.49732235
1196.0,1196.0,0.45153323
1197.0,1197.0,0.3672895
1198.0,1198.0,0.40759823
1199.0,1199.0,0.15508483
1200.0,1200.0,0.19523735
1201.0,1201.0,0.27464262
1202.0,1202.0,0.20560615
1203.0,1203.0,0.36380914
1204.0,1204.0,0.21339706
1205.0,1205.0,0.62713814
1206.0,1206.0,0.48601642
1207.0,1207.0,0.31818917
1208.0,1208.0,0.54727197
1209.0,1209.0,0.34475836
1210.0,1210.0,0.41084012
1211.0,1211.0,0.15593196
1212.0,1212.0,0.22644761
1213.0,1213.0,0.7266116
1214.0,1214.0,0.16778764
1215.0,1215.0,0.6286851
1216.0,1216.0,0.17802522
1217.0,1217.0,0.61423266
1218.0,1218.0,0.54817927
1219.0,1219.0,0.45561662
1220.0,1220.0,0.68195313
1221.0,1221.0,0.33588347
1222.0,1222.0,0.61939234
1223.0,1223.0,0.5525342
1224.0,1224.0,0.18816148
1225.0,1225.0,0.24781021
1226.0,1226.0,0.14339116
1227.0,1227.0,0.43565303
1228.0,1228.0,0.31878728
1229.0,1229.0,0.33130592
1230.0,1230.0,0.6517993
1231.0,1231.0,0.4011618
1232.0,1232.0,0.46334115
1233.0,1233.0,0.4252568
1234.0,1234.0,0.24972697
1235.0,1235.0,0.4459425
1236.0,1236.0,0.12165543
1237.0,1237.0,0.484667
1238.0,1238.0,0.34117502
1239.0,1239.0,0.31319955
1240.0,1240.0,0.5403183
1241.0,1241.0,0.19132133
1242.0,1242.0,0.29074085
1243.0,1243.0,0.5844576
1244.0,1244.0,0.43417987
1245.0,1245.0,0.4289203
1246.0,1246.0,0.35556254
1247.0,1247.0,0.48772955
1248.0,1248.0,0.2925983
1249.0,1249.0,0.09126859
1250.0,1250.0,0.2660254
1251.0,1251.0,0.47647688
1252.0,1252.0,0.43859407
1253.0,1253.0,0.4201928
1254.0,1254.0,0.54683626
1255.0,1255.0,0.5233728
1256.0,1256.0,0.4747853
1257.0,1257.0,0.35796434
1258.0,1258.0,0.35435364
1259.0,1259.0,0.20927
1260.0,1260.0,0.3936572
1261.0,1261.0,0.68682694
1262.0,1262.0,0.37109733
1263.0,1263.0,0.47007507
1264.0,1264.0,0.6627161
1265.0,1265.0,0.34013525
1266.0,1266.0,0.57685715
1267.0,1267.0,0.5920299
1268.0,1268.0,0.21038331
1269.0,1269.0,0.24136825
1270.0,1270.0,0.12383655
1271.0,1271.0,0.15057328
1272.0,1272.0,0.4629546
1273.0,1273.0,0.4543121
1274.0,1274.0,0.5455531
1275.0,1275.0,0.39372203
1276.0,1276.0,0.20860577
1277.0,1277.0,0.34075567
1278.0,1278.0,0.38539046
1279.0,1279.0,0.20238382
1280.0,1280.0,0.38404092
1281.0,1281.0,0.28836474
1282.0,1282.0,0.19797125
1283.0,1283.0,0.4080317
1284.0,1284.0,0.3883612
1285.0,1285.0,0.55655986
1286.0,1286.0,0.25735137
1287.0,1287.0,0.029114269
1288.0,1288.0,0.26795062
1289.0,1289.0,0.38982278
1290.0,1290.0,0.41556364
1291.0,1291.0,0.16226529
1292.0,1292.0,0.37967303
1293.0,1293.0,0.6116184
1294.0,1294.0,0.25134933
1295.0,1295.0,0.114255674
1296.0,1296.0,0.43586928
1297.0,1297.0,0.21149938
1298.0,1298.0,0.46993065
1299.0,1299.0,0.32734478
1300.0,1300.0,0.072593704
1301.0,1301.0,0.22306849
1302.0,1302.0,0.5060738
1303.0,1303.0,0.008224046
1304.0,1304.0,0.22250661
1305.0,1305.0,0.6283318
1306.0,1306.0,0.023143105
1307.0,1307.0,0.2859549
1308.0,1308.0,0.14183821
1309.0,1309.0,0.31839907
1310.0,1310.0,0.26988295
1311.0,1311.0,0.034004394
1312.0,1312.0,0.18081772
1313.0,1313.0,0.40612528
1314.0,1314.0,0.34614196
1315.0,1315.0,0.5798975
1316.0,1316.0,0.047805462
1317.0,1317.0,0.2676665
1318.0,1318.0,0.48473796
1319.0,1319.0,0.26556396
1320.0,1320.0,0.22428526
1321.0,1321.0,0.13688482
1322.0,1322.0,0.19984376
1323.0,1323.0,0.46721143
1324.0,1324.0,0.43306237
1325.0,1325.0,0.38626957
1326.0,1326.0,0.5980473
1327.0,1327.0,0.5425219
1328.0,1328.0,0.6054678
1329.0,1329.0,0.16340543
1330.0,1330.0,0.53274506
1331.0,1331.0,0.6747768
1332.0,1332.0,0.26560718
1333.0,1333.0,0.2247525
1334.0,1334.0,0.39175585
1335.0,1335.0,0.044276904
1336.0,1336.0,0.26526847
1337.0,1337.0,0.048242956
1338.0,1338.0,0.21574472
1339.0,1339.0,0.66101503
1340.0,1340.0,0.34590286
1341.0,1341.0,0.27737194
1342.0,1342.0,0.52191335
1343.0,1343.0,0.49015757
1344.0,1344.0,0.44805157
1345.0,1345.0,0.57722956
1346.0,1346.0,0.5468209
1347.0,1347.0,0.12028762
1348.0,1348.0,0.597007
1349.0,1349.0,0.51897156
1350.0,1350.0,0.33579087
1351.0,1351.0,0.28067935
1352.0,1352.0,0.5681192
1353.0,1353.0,0.6779796
1354.0,1354.0,0.57979274
1355.0,1355.0,0.24847634
1356.0,1356.0,0.26077732
1357.0,1357.0,0.29453456
1358.0,1358.0,0.5633094
1359.0,1359.0,0.2464213
1360.0,1360.0,0.047825716
1361.0,1361.0,0.19064152
1362.0,1362.0,0.45393074
1363.0,1363.0,0.504028
1364.0,1364.0,0.44242465
1365.0,1365.0,0.3949003
1366.0,1366.0,0.4190733
1367.0,1367.0,0.15491033
1368.0,1368.0,0.65306526
1369.0,1369.0,0.2187756
1370.0,1370.0,0.34897035
1371.0,1371.0,0.078652784
1372.0,1372.0,0.53218114
1373.0,1373.0,0.24364321
1374.0,1374.0,0.21389696
1375.0,1375.0,0.12377302
1376.0,1376.0,0.37844065
1377.0,1377.0,0.17103064
1378.0,1378.0,0.3482139
1379.0,1379.0,0.03789663
1380.0,1380.0,0.22957826
1381.0,1381.0,0.6015211
1382.0,1382.0,0.5606208
1383.0,1383.0,0.55358493
1384.0,1384.0,0.560293
1385.0,1385.0,0.11839342
1386.0,1386.0,0.24505799
1387.0,1387.0,0.19106066
1388.0,1388.0,0.17936772
1389.0,1389.0,0.39275408
1390.0,1390.0,0.4066392
1391.0,1391.0,0.4582751
1392.0,1392.0,0.3886457
1393.0,1393.0,0.17187841
1394.0,1394.0,0.61821586
1395.0,1395.0,0.6333135
1396.0,1396.0,0.3694949
1397.0,1397.0,0.37830582
1398.0,1398.0,0.34864622
1399.0,1399.0,0.2082639
1400.0,1400.0,0.27041167
1401.0,1401.0,0.24286652
1402.0,1402.0,0.15647264
1403.0,1403.0,0.2695743
1404.0,1404.0,0.3545504
1405.0,1405.0,0.7126548
1406.0,1406.0,0.5786787
1407.0,1407.0,0.36171392
1408.0,1408.0,0.274137
1409.0,1409.0,0.33555964
1410.0,1410.0,0.20900124
1411.0,1411.0,0.6034147
1412.0,1412.0,0.42965344
1413.0,1413.0,0.5343086
1414.0,1414.0,0.14064594
1415.0,1415.0,0.5274944
1416.0,1416.0,0.6441324
1417.0,1417.0,0.2490869
1418.0,1418.0,0.63864106
1419.0,1419.0,0.34135732
1420.0,1420.0,0.47045147
1421.0,1421.0,0.55572623
1422.0,1422.0,0.64488083
1423.0,1423.0,0.1789696
1424.0,1424.0,0.2627099
1425.0,1425.0,0.6443474
1426.0,1426.0,0.1535333
1427.0,1427.0,0.58241594
1428.0,1428.0,0.46163496
1429.0,1429.0,0.43513435
1430.0,1430.0,0.3302646
1431.0,1431.0,0.3007099
1432.0,1432.0,0.21951574
1433.0,1433.0,0.3764183
1434.0,1434.0,0.19094689
1435.0,1435.0,0.06839422
1436.0,1436.0,0.30958566
1437.0,1437.0,0.4236892
1438.0,1438.0,0.35634685
1439.0,1439.0,0.73801726
1440.0,1440.0,0.29910147
1441.0,1441.0,0.5726834
1442.0,1442.0,0.32788062
1443.0,1443.0,0.37933427
1444.0,1444.0,0.42298532
1445.0,1445.0,0.1036424
1446.0,1446.0,0.30722928
1447.0,1447.0,0.63827467
1448.0,1448.0,0.14453785
1449.0,1449.0,0.6336844
1450.0,1450.0,0.4286851
1451.0,1451.0,0.4046187
1452.0,1452.0,0.47678015
1453.0,1453.0,0.43739027
1454.0,1454.0,0.42055243
1455.0,1455.0,0.32964173
1456.0,1456.0,0.6238116
1457.0,1457.0,0.52211034
1458.0,1458.0,0.47599313
1459.0,1459.0,0.5465428
1460.0,1460.0,0.24245547
1461.0,1461.0,0.61674553
1462.0,1462.0,0.14161195
1463.0,1463.0,0.18835026
1464.0,1464.0,0.3294553
1465.0,1465.0,0.3752576
1466.0,1466.0,0.6736554
1467.0,1467.0,0.6092807
1468.0,1468.0,0.4153927
1469.0,1469.0,0.2567115
1470.0,1470.0,0.62915814
1471.0,1471.0,0.2519232
1472.0,1472.0,0.27942118
1473.0,1473.0,0.44275597
1474.0,1474.0,0.62561786
1475.0,1475.0,0.2452737
1476.0,1476.0,0.47529966
1477.0,1477.0,0.08066007
1478.0,1478.0,0.42190892
1479.0,1479.0,0.09595096
1480.0,1480.0,0.61694926
1481.0,1481.0,0.25765494
1482.0,1482.0,0.42636254
1483.0,1483.0,0.3887893
1484.0,1484.0,0.5950948
1485.0,1485.0,0.35429993
1486.0,1486.0,0.26531944
1487.0,1487.0,0.27677283
1488.0,1488.0,0.07705083
1489.0,1489.0,0.3205771
1490.0,1490.0,0.30067262
1491.0,1491.0,0.28948918
1492.0,1492.0,0.6745503
1493.0,1493.0,0.19758026
1494.0,1494.0,0.57198936
1495.0,1495.0,0.32595074
1496.0,1496.0,0.10380291
1497.0,1497.0,0.44048724
1498.0,1498.0,0.65967226
1499.0,1499.0,0.09950826
1500.0,1500.0,0.51151484
1501.0,1501.0,0.55535847
1502.0,1502.0,0.36321864
1503.0,1503.0,0.5516951
1504.0,1504.0,0.70104784
1505.0,1505.0,0.036935262
1506.0,1506.0,0.2147497
1507.0,1507.0,0.030758824
1508.0,1508.0,0.49934933
1509.0,1509.0,0.4618048
1510.0,1510.0,0.396028
1511.0,1511.0,0.17522407
1512.0,1512.0,0.5774761
1513.0,1513.0,0.028082456
1514.0,1514.0,0.4233814
1515.0,1515.0,0.47258332
1516.0,1516.0,0.48783487
1517.0,1517.0,0.497395
1518.0,1518.0,0.3634649
1519.0,1519.0,0.46042135
1520.0,1520.0,0.48885763
1521.0,1521.0,0.29007304
1522.0,1522.0,0.47166708
1523.0,1523.0,0.05152291
1524.0,1524.0,0.2939631
1525.0,1525.0,0.4519306
1526.0,1526.0,0.5787377
1527.0,1527.0,0.27582246
1528.0,1528.0,0.25452408
1529.0,1529.0,0.6209469
1530.0,1530.0,0.0069236327
1531.0,1531.0,0.210103
1532.0,1532.0,0.38970342
1533.0,1533.0,0.7130456
1534.0,1534.0,0.33721423
1535.0,1535.0,0.35862777
1536.0,1536.0,0.46223292
1537.0,1537.0,0.23709062
1538.0,1538.0,0.23971112
1539.0,1539.0,0.29105535
1540.0,1540.0,0.3215506
1541.0,1541.0,0.41687804
1542.0,1542.0,0.24130194
1543.0,1543.0,0.39273775
1544.0,1544.0,0.22999367
1545.0,1545.0,0.21672106
1546.0,1546.0,0.4320727
1547.0,1547.0,0.47879875
1548.0,1548.0,0.39323565
1549.0,1549.0,0.47820976
1550.0,1550.0,0.6225231
1551.0,1551.0,0.26953244
1552.0,1552.0,0.46895
1553.0,1553.0,0.27495128
1554.0,1554.0,0.70773655
1555.0,1555.0,0.42286524
1556.0,1556.0,0.60862803
1557.0,1557.0,0.5048692
1558.0,1558.0,0.49523222
1559.0,1559.0,0.20375478
1560.0,1560.0,0.45846727
1561.0,1561.0,0.39240775
1562.0,1562.0,0.5078086
1563.0,1563.0,0.677295
1564.0,1564.0,0.050731756
1565.0,1565.0,0.6779365
1566.0,1566.0,0.25122574
1567.0,1567.0,0.5423257
1568.0,1568.0,0.46403226
1569.0,1569.0,0.25809228
1570.0,1570.0,0.18354858
1571.0,1571.0,0.2904104
1572.0,1572.0,0.15114932
1573.0,1573.0,0.34301475
1574.0,1574.0,0.56583285
1575.0,1575.0,0.7861449
1576.0,1576.0,0.51463085
1577.0,1577.0,0.2722931
1578.0,1578.0,0.29799953
1579.0,1579.0,0.19289285
1580.0,1580.0,0.4203206
1581.0,1581.0,0.23831552
1582.0,1582.0,0.2589619
1583.0,1583.0,0.6200262
1584.0,1584.0,0.15475836
1585.0,1585.0,0.49732253
1586.0,1586.0,0.3750516
1587.0,1587.0,0.6881524
1588.0,1588.0,0.27273318
1589.0,1589.0,0.6579777
1590.0,1590.0,0.63376486
1591.0,1591.0,0.23203939
1592.0,1592.0,0.039882272
1593.0,1593.0,0.4191699
1594.0,1594.0,0.519731
1595.0,1595.0,0.5094489
1596.0,1596.0,0.039734665
1597.0,1597.0,0.1484049
1598.0,1598.0,0.22583824
1599.0,1599.0,0.37438643
1600.0,1600.0,0.2193395
1601.0,1601.0,0.5068122
1602.0,1602.0,0.19190456
1603.0,1603.0,0.215449
1604.0,1604.0,0.5498857
1605.0,1605.0,0.22929856
1606.0,1606.0,0.51615316
1607.0,1607.0,0.16986737
1608.0,1608.0,0.17783105
1609.0,1609.0,0.46584603
1610.0,1610.0,0.31324795
1611.0,1611.0,0.5503206
1612.0,1612.0,0.04698221
1613.0,1613.0,0.06653293
1614.0,1614.0,0.6096728
1615.0,1615.0,0.29581177
1616.0,1616.0,0.4474462
1617.0,1617.0,0.04745552
1618.0,1618.0,0.034879114
1619.0,1619.0,0.43513283
1620.0,1620.0,0.19714126
1621.0,1621.0,0.33231997
1622.0,1622.0,0.44868687
1623.0,1623.0,0.47730815
1624.0,1624.0,0.3034383
1625.0,1625.0,0.1511989
1626.0,1626.0,0.30210775
1627.0,1627.0,0.024092276
1628.0,1628.0,0.33920237
1629.0,1629.0,0.2683035
1630.0,1630.0,0.29117486
1631.0,1631.0,0.22480933
1632.0,1632.0,0.25740287
1633.0,1633.0,0.22876407
1634.0,1634.0,0.33078107
1635.0,1635.0,0.2644518
1636.0,1636.0,0.39872104
1637.0,1637.0,0.4378065
1638.0,1638.0,0.387923
1639.0,1639.0,0.44168258
1640.0,1640.0,0.411677
1641.0,1641.0,0.33062705
1642.0,1642.0,0.4370694
1643.0,1643.0,0.3777178
1644.0,1644.0,0.61218435
1645.0,1645.0,0.45724517
1646.0,1646.0,0.3845539
1647.0,1647.0,0.24235913
1648.0,1648.0,0.043306608
1649.0,1649.0,0.64362574
1650.0,1650.0,0.15224145
1651.0,1651.0,0.48537678
1652.0,1652.0,0.6698582
1653.0,1653.0,0.49864763
1654.0,1654.0,0.030403214
1655.0,1655.0,0.6308225
1656.0,1656.0,0.19274065
1657.0,1657.0,0.19733222
1658.0,1658.0,0.53860617
1659.0,1659.0,0.3831325
1660.0,1660.0,0.2774537
1661.0,1661.0,0.511606
1662.0,1662.0,0.33095136
1663.0,1663.0,0.57598346
1664.0,1664.0,0.43073067
1665.0,1665.0,0.336053
1666.0,1666.0,0.5163941
1667.0,1667.0,0.49902484
1668.0,1668.0,0.51562953
1669.0,1669.0,0.60310924
1670.0,1670.0,0.41466853
1671.0,1671.0,0.17933984
1672.0,1672.0,0.3815222
1673.0,1673.0,0.43069184
1674.0,1674.0,0.33316457
1675.0,1675.0,0.28746688
1676.0,1676.0,0.3635877
1677.0,1677.0,0.22165723
1678.0,1678.0,0.40785307
1679.0,1679.0,0.24798311
1680.0,1680.0,0.14345293
1681.0,1681.0,0.23501365
1682.0,1682.0,0.20549357
1683.0,1683.0,0.28570327
1684.0,1684.0,0.16796866
1685.0,1685.0,0.6775142
1686.0,1686.0,0.19905727
1687.0,1687.0,0.10821666
1688.0,1688.0,0.5691002
1689.0,1689.0,0.49347112
1690.0,1690.0,0.09580298
1691.0,1691.0,0.35984683
1692.0,1692.0,0.7113669
1693.0,1693.0,0.24280995
1694.0,1694.0,0.41246176
1695.0,1695.0,0.51095283
1696.0,1696.0,0.20383999
1697.0,1697.0,0.18392229
1698.0,1698.0,0.27960098
1699.0,1699.0,0.40645042
1700.0,1700.0,0.5848054
1701.0,1701.0,0.4031982
1702.0,1702.0,0.42649773
1703.0,1703.0,0.11009901
1704.0,1704.0,0.28222018
1705.0,1705.0,0.25016442
1706.0,1706.0,0.030719085
1707.0,1707.0,0.19575542
1708.0,1708.0,0.033013254
1709.0,1709.0,0.14405747
1710.0,1710.0,0.5540277
1711.0,1711.0,0.2482545
1712.0,1712.0,0.20943862
1713.0,1713.0,0.37115115
1714.0,1714.0,0.5720685
1715.0,1715.0,0.19662163
1716.0,1716.0,0.094780855
1717.0,1717.0,0.39532834
1718.0,1718.0,0.41869393
1719.0,1719.0,0.5292357
1720.0,1720.0,0.28981972
1721.0,1721.0,0.46567184
1722.0,1722.0,0.529743
1723.0,1723.0,0.20400509
1724.0,1724.0,0.17333402
1725.0,1725.0,0.40084776
1726.0,1726.0,0.4421355
1727.0,1727.0,0.59510577
1728.0,1728.0,0.48326665
1729.0,1729.0,0.6473603
1730.0,1730.0,0.26849076
1731.0,1731.0,0.61843413
1732.0,1732.0,0.1331025
1733.0,1733.0,0.33649233
1734.0,1734.0,0.4109772
1735.0,1735.0,0.2020316
1736.0,1736.0,0.27413195
1737.0,1737.0,0.2115462
1738.0,1738.0,0.30696723
1739.0,1739.0,0.37241188
1740.0,1740.0,0.36273766
1741.0,1741.0,0.2716044
1742.0,1742.0,0.38720956
1743.0,1743.0,0.48430526
1744.0,1744.0,0.44916493
1745.0,1745.0,0.5013508
1746.0,1746.0,0.24077003
1747.0,1747.0,0.043479547
1748.0,1748.0,0.6687943
1749.0,1749.0,0.39371866
1750.0,1750.0,0.5566394
1751.0,1751.0,0.23562923
1752.0,1752.0,0.43714693
1753.0,1753.0,0.4378417
1754.0,1754.0,0.5075153
1755.0,1755.0,0.45297703
1756.0,1756.0,0.37821844
1757.0,1757.0,0.4769261
1758.0,1758.0,0.41309595
1759.0,1759.0,0.29220036
1760.0,1760.0,0.38446862
1761.0,1761.0,0.5054414
1762.0,1762.0,0.64287746
1763.0,1763.0,0.6061603
1764.0,1764.0,0.37891874
1765.0,1765.0,0.24817635
1766.0,1766.0,0.16888143
1767.0,1767.0,0.19974753
1768.0,1768.0,0.24238192
1769.0,1769.0,0.04656425
1770.0,1770.0,0.12646212
1771.0,1771.0,0.2659845
1772.0,1772.0,0.44899642
1773.0,1773.0,0.47491643
1774.0,1774.0,0.13434318
1775.0,1775.0,0.10913198
1776.0,1776.0,0.46988925
1777.0,1777.0,0.32290658
1778.0,1778.0,0.41069353
1779.0,1779.0,0.24021529
1780.0,1780.0,0.2840287
1781.0,1781.0,0.26021045
1782.0,1782.0,0.0278288
1783.0,1783.0,0.66832626
1784.0,1784.0,0.4892712
1785.0,1785.0,0.11171607
1786.0,1786.0,0.32148117
1787.0,1787.0,0.27337927
1788.0,1788.0,0.18917307
1789.0,1789.0,0.27877074
1790.0,1790.0,0.2628906
1791.0,1791.0,0.22183773
1792.0,1792.0,0.52799547
1793.0,1793.0,0.33004445
1794.0,1794.0,0.35643846
1795.0,1795.0,0.26375204
1796.0,1796.0,0.24393396
1797.0,1797.0,0.200661
1798.0,1798.0,0.4272449
1799.0,1799.0,0.49496925
1800.0,1800.0,0.35016176
1801.0,1801.0,0.23326522
1802.0,1802.0,0.6551122
1803.0,1803.0,0.4749451
1804.0,1804.0,0.6588839
1805.0,1805.0,0.109015845
1806.0,1806.0,0.18457155
1807.0,1807.0,0.61266327
1808.0,1808.0,0.28080726
1809.0,1809.0,0.21551806
1810.0,1810.0,0.06623827
1811.0,1811.0,0.37525257
1812.0,1812.0,0.16527624
1813.0,1813.0,0.70764273
1814.0,1814.0,0.18749887
1815.0,1815.0,0.06638859
1816.0,1816.0,0.037134152
1817.0,1817.0,0.53438497
1818.0,1818.0,0.3897224
1819.0,1819.0,0.45649952
1820.0,1820.0,0.07757805
1821.0,1821.0,0.42937735
1822.0,1822.0,0.24118756
1823.0,1823.0,0.30725116
1824.0,1824.0,0.3939352
1825.0,1825.0,0.43221948
1826.0,1826.0,0.49587026
1827.0,1827.0,0.43189046
1828.0,1828.0,0.27979845
1829.0,1829.0,0.3477591
1830.0,1830.0,0.5004513
1831.0,1831.0,0.46841362
1832.0,1832.0,0.23314968
1833.0,1833.0,0.26821434
1834.0,1834.0,0.18244928
1835.0,1835.0,0.091719665
1836.0,1836.0,0.61110723
1837.0,1837.0,0.49540067
1838.0,1838.0,0.30651277
1839.0,1839.0,0.27379888
1840.0,1840.0,0.3124431
1841.0,1841.0,0.40407202
1842.0,1842.0,0.3300781
1843.0,1843.0,0.42375708
1844.0,1844.0,0.032989353
1845.0,1845.0,0.45365444
1846.0,1846.0,0.10531462
1847.0,1847.0,0.29091197
1848.0,1848.0,0.13033864
1849.0,1849.0,0.4230888
1850.0,1850.0,0.2844727
1851.0,1851.0,0.3036455
1852.0,1852.0,0.4648561
1853.0,1853.0,0.11074092
1854.0,1854.0,0.20989294
1855.0,1855.0,0.13665724
1856.0,1856.0,0.03704236
1857.0,1857.0,0.44398114
1858.0,1858.0,0.35381153
1859.0,1859.0,0.14720702
1860.0,1860.0,0.21888417
1861.0,1861.0,0.1949675
1862.0,1862.0,0.19491827
1863.0,1863.0,0.7024064
1864.0,1864.0,0.18908526
1865.0,1865.0,0.23996626
1866.0,1866.0,0.42560548
1867.0,1867.0,0.46988642
1868.0,1868.0,0.6175794
1869.0,1869.0,0.38107127
1870.0,1870.0,0.270267
1871.0,1871.0,0.16537592
1872.0,1872.0,0.52027905
1873.0,1873.0,0.029185062
1874.0,1874.0,0.29988754
1875.0,1875.0,0.36516896
1876.0,1876.0,0.6744417
1877.0,1877.0,0.44036445
1878.0,1878.0,0.6546444
1879.0,1879.0,0.18814348
1880.0,1880.0,0.4864461
1881.0,1881.0,0.49757767
1882.0,1882.0,0.096785024
1883.0,1883.0,0.4091357
1884.0,1884.0,0.37844348
1885.0,1885.0,0.5851271
1886.0,1886.0,0.21485026
1887.0,1887.0,0.25565612
1888.0,1888.0,0.41955745
1889.0,1889.0,0.47792706
1890.0,1890.0,0.39043164
1891.0,1891.0,0.34219116
1892.0,1892.0,0.4457583
1893.0,1893.0,0.41545525
1894.0,1894.0,0.14908694
1895.0,1895.0,0.35273448
1896.0,1896.0,0.5148645
1897.0,1897.0,0.027470607
1898.0,1898.0,0.10652023
1899.0,1899.0,0.4347757
1900.0,1900.0,0.21089482
1901.0,1901.0,0.5453758
1902.0,1902.0,0.51122457
1903.0,1903.0,0.4604368
1904.0,1904.0,0.41653016
1905.0,1905.0,0.3287506
1906.0,1906.0,0.5364128
1907.0,1907.0,0.025886888
1908.0,1908.0,0.32040453
1909.0,1909.0,0.41586664
1910.0,1910.0,0.3936307
1911.0,1911.0,0.4493054
1912.0,1912.0,0.32849544
1913.0,1913.0,0.15516756
1914.0,1914.0,0.27046266
1915.0,1915.0,0.6276824
1916.0,1916.0,0.538187
1917.0,1917.0,0.31695178
1918.0,1918.0,0.1879517
1919.0,1919.0,0.33583456
1920.0,1920.0,0.6547184
1921.0,1921.0,0.4508521
1922.0,1922.0,0.36859438
1923.0,1923.0,0.22791892
1924.0,1924.0,0.32632574
1925.0,1925.0,0.14089034
1926.0,1926.0,0.416457
1927.0,1927.0,0.44394958
1928.0,1928.0,0.36373612
1929.0,1929.0,0.47508812
1930.0,1930.0,0.4201249
1931.0,1931.0,0.29291263
1932.0,1932.0,0.5640938
1933.0,1933.0,0.28337818
1934.0,1934.0,0.38445404
1935.0,1935.0,0.15661049
1936.0,1936.0,0.28422126
1937.0,1937.0,0.024521321
1938.0,1938.0,0.54926455
1939.0,1939.0,0.17857197
1940.0,1940.0,0.2756308
1941.0,1941.0,0.39869234
1942.0,1942.0,0.41657528
1943.0,1943.0,0.22489776
1944.0,1944.0,0.30588952
1945.0,1945.0,0.44195673
1946.0,1946.0,0.3650552
1947.0,1947.0,0.19430618
1948.0,1948.0,0.47321314
1949.0,1949.0,0.45746332
1950.0,1950.0,0.42972645
1951.0,1951.0,0.15298012
1952.0,1952.0,0.5199741
1953.0,1953.0,0.3747585
1954.0,1954.0,0.48230344
1955.0,1955.0,0.04811547
1956.0,1956.0,0.4838712
1957.0,1957.0,0.24522679
1958.0,1958.0,0.72334003
1959.0,1959.0,0.4876623
1960.0,1960.0,0.41816714
1961.0,1961.0,0.20562074
1962.0,1962.0,0.15058191
1963.0,1963.0,0.37932155
1964.0,1964.0,0.47221664
1965.0,1965.0,0.41629153
1966.0,1966.0,0.27825588
1967.0,1967.0,0.5371931
1968.0,1968.0,0.3633712
1969.0,1969.0,0.7332
1970.0,1970.0,0.31408817
1971.0,1971.0,0.15886858
1972.0,1972.0,0.4298488
1973.0,1973.0,0.5109623
1974.0,1974.0,0.4870751
1975.0,1975.0,0.44537184
1976.0,1976.0,0.14282694
1977.0,1977.0,0.27392474
1978.0,1978.0,0.3034844
1979.0,1979.0,0.099082455
1980.0,1980.0,0.33665106
1981.0,1981.0,0.6613344
1982.0,1982.0,0.1103394
1983.0,1983.0,0.5403514
1984.0,1984.0,0.33897007
1985.0,1985.0,0.1100374
1986.0,1986.0,0.04394921
1987.0,1987.0,0.28531972
1988.0,1988.0,0.55695057
1989.0,1989.0,0.4351027
1990.0,1990.0,0.5353862
1991.0,1991.0,0.6141874
1992.0,1992.0,0.39976385
1993.0,1993.0,0.16316862
1994.0,1994.0,0.47063684
1995.0,1995.0,0.36714256
1996.0,1996.0,0.45261315
1997.0,1997.0,0.52647185
1998.0,1998.0,0.6086242
1999.0,1999.0,0.44656363
2000.0,2000.0,0.26151806
2001.0,2001.0,0.3357647
2002.0,2002.0,0.45095035
2003.0,2003.0,0.10872937
2004.0,2004.0,0.37544808
2005.0,2005.0,0.05626356
2006.0,2006.0,0.3987116
2007.0,2007.0,0.2635817
2008.0,2008.0,0.040149976
2009.0,2009.0,0.1554253
2010.0,2010.0,0.26763746
2011.0,2011.0,0.50374526
2012.0,2012.0,0.024039645
2013.0,2013.0,0.5672296
2014.0,2014.0,0.4351896
2015.0,2015.0,0.04421907
2016.0,2016.0,0.63667333
2017.0,2017.0,0.39307243
2018.0,2018.0,0.46047074
2019.0,2019.0,0.43271473
2020.0,2020.0,0.14592616
2021.0,2021.0,0.23906091
2022.0,2022.0,0.27849075
2023.0,2023.0,0.39718726
2024.0,2024.0,0.41792947
2025.0,2025.0,0.16347595
2026.0,2026.0,0.39195588
2027.0,2027.0,0.3524469
2028.0,2028.0,0.57557064
2029.0,2029.0,0.31546634
2030.0,2030.0,0.7294088
2031.0,2031.0,0.04923438
2032.0,2032.0,0.08286747
2033.0,2033.0,0.22860405
2034.0,2034.0,0.29198524
2035.0,2035.0,0.508458
2036.0,2036.0,0.42941442
2037.0,2037.0,0.56552106
2038.0,2038.0,0.35995594
2039.0,2039.0,0.48953313
2040.0,2040.0,0.476947
2041.0,2041.0,0.32586268
2042.0,2042.0,0.31990337
2043.0,2043.0,0.3228514
2044.0,2044.0,0.7066141
2045.0,2045.0,0.12614852
2046.0,2046.0,0.009976943
2047.0,2047.0,0.26512635
2048.0,2048.0,0.5149459
2049.0,2049.0,0.55152553
2050.0,2050.0,0.22467002
2051.0,2051.0,0.22967826
2052.0,2052.0,0.5326154
2053.0,2053.0,0.27579844
2054.0,2054.0,0.29827887
2055.0,2055.0,0.20099655
2056.0,2056.0,0.37268737
2057.0,2057.0,0.007921934
2058.0,2058.0,0.5410174
2059.0,2059.0,0.36782643
2060.0,2060.0,0.3683476
2061.0,2061.0,0.39794773
2062.0,2062.0,0.18717533
2063.0,2063.0,0.23593877
2064.0,2064.0,0.49382034
2065.0,2065.0,0.22607614
2066.0,2066.0,0.13898833
2067.0,2067.0,0.107705206
2068.0,2068.0,0.32231197
2069.0,2069.0,0.42068425
2070.0,2070.0,0.30883792
2071.0,2071.0,0.26048845
2072.0,2072.0,0.18063825
2073.0,2073.0,0.6503739
2074.0,2074.0,0.37303707
2075.0,2075.0,0.5617205
2076.0,2076.0,0.55930465
2077.0,2077.0,0.14454731
2078.0,2078.0,0.4772921
2079.0,2079.0,0.07937176
2080.0,2080.0,0.22954677
2081.0,2081.0,0.6956905
2082.0,2082.0,0.13715546
2083.0,2083.0,0.35528234
2084.0,2084.0,0.22022381
2085.0,2085.0,0.14372678
2086.0,2086.0,0.44010755
2087.0,2087.0,0.41518614
2088.0,2088.0,0.39025667
2089.0,2089.0,0.30142662
2090.0,2090.0,0.023159904
2091.0,2091.0,0.24353094
2092.0,2092.0,0.1876314
2093.0,2093.0,0.19677024
2094.0,2094.0,0.38049108
2095.0,2095.0,0.7098231
2096.0,2096.0,0.39439803
2097.0,2097.0,0.2810807
2098.0,2098.0,0.022634936
2099.0,2099.0,0.42856497
2100.0,2100.0,0.23029768
2101.0,2101.0,0.12595141
2102.0,2102.0,0.24597777
2103.0,2103.0,0.50582874
2104.0,2104.0,0.3747376
2105.0,2105.0,0.04735411
2106.0,2106.0,0.41813245
2107.0,2107.0,0.6087274
2108.0,2108.0,0.3247019
2109.0,2109.0,0.4203372
2110.0,2110.0,0.4820696
2111.0,2111.0,0.35274246
2112.0,2112.0,0.6557447
2113.0,2113.0,0.1657687
2114.0,2114.0,0.17476243
2115.0,2115.0,0.11723776
2116.0,2116.0,0.20439792
2117.0,2117.0,0.28249356
2118.0,2118.0,0.60470396
2119.0,2119.0,0.6126877
2120.0,2120.0,0.20991139
2121.0,2121.0,0.27953345
2122.0,2122.0,0.5134497
2123.0,2123.0,0.09835374
2124.0,2124.0,0.19057916
2125.0,2125.0,0.23690978
2126.0,2126.0,0.10833922
2127.0,2127.0,0.24656059
2128.0,2128.0,0.36789706
2129.0,2129.0,0.35052845
2130.0,2130.0,0.3668797
2131.0,2131.0,0.29031932
2132.0,2132.0,0.37222472
2133.0,2133.0,0.29222193
2134.0,2134.0,0.41942146
2135.0,2135.0,0.35260987
2136.0,2136.0,0.3206229
2137.0,2137.0,0.3461885
2138.0,2138.0,0.6703013
2139.0,2139.0,0.40871838
2140.0,2140.0,0.48199835
2141.0,2141.0,0.21885398
2142.0,2142.0,0.37406266
2143.0,2143.0,0.2826657
2144.0,2144.0,0.14487681
2145.0,2145.0,0.2178647
2146.0,2146.0,0.2200091
2147.0,2147.0,0.02042226
2148.0,2148.0,0.23891713
2149.0,2149.0,0.37637562
2150.0,2150.0,0.16030253
2151.0,2151.0,0.2950758
2152.0,2152.0,0.24607575
2153.0,2153.0,0.43334585
2154.0,2154.0,0.16408621
2155.0,2155.0,0.3787485
2156.0,2156.0,0.3895233
2157.0,2157.0,0.2248283
2158.0,2158.0,0.25301626
2159.0,2159.0,0.18700229
2160.0,2160.0,0.36698052
2161.0,2161.0,0.21928939
2162.0,2162.0,0.25120953
2163.0,2163.0,0.044572946
2164.0,2164.0,0.49082106
2165.0,2165.0,0.31512007
2166.0,2166.0,0.5165613
2167.0,2167.0,0.5448322
2168.0,2168.0,0.04646129
2169.0,2169.0,0.32163337
2170.0,2170.0,0.3925344
2171.0,2171.0,0.28625762
2172.0,2172.0,0.33054924
2173.0,2173.0,0.026974397
2174.0,2174.0,0.2739375
2175.0,2175.0,0.20232803
2176.0,2176.0,0.030223507
2177.0,2177.0,0.431364
2178.0,2178.0,0.5350704
2179.0,2179.0,0.56484735
2180.0,2180.0,0.24820705
2181.0,2181.0,0.24540773
2182.0,2182.0,0.3970307
2183.0,2183.0,0.52070147
2184.0,2184.0,0.43436834
2185.0,2185.0,0.394645
2186.0,2186.0,0.28137863
2187.0,2187.0,0.54439497
2188.0,2188.0,0.41188338
2189.0,2189.0,0.34889764
2190.0,2190.0,0.6457027
2191.0,2191.0,0.25177854
2192.0,2192.0,0.12634681
2193.0,2193.0,0.23782991
2194.0,2194.0,0.4521172
2195.0,2195.0,0.2070589
2196.0,2196.0,0.2024585
2197.0,2197.0,0.3976877
2198.0,2198.0,0.29708207
2199.0,2199.0,0.2605104
2200.0,2200.0,0.41365528
2201.0,2201.0,0.19869374
2202.0,2202.0,0.3664718
2203.0,2203.0,0.070113614
2204.0,2204.0,0.6965806
2205.0,2205.0,0.20735326
2206.0,2206.0,0.52316767
2207.0,2207.0,0.30488595
2208.0,2208.0,0.20174327
2209.0,2209.0,0.40212438
2210.0,2210.0,0.06153062
2211.0,2211.0,0.19572008
2212.0,2212.0,0.25742933
2213.0,2213.0,0.07498525
2214.0,2214.0,0.2417106
2215.0,2215.0,0.6036217
2216.0,2216.0,0.44194794
2217.0,2217.0,0.6476102
2218.0,2218.0,0.03221363
2219.0,2219.0,0.29313004
2220.0,2220.0,0.15134148
2221.0,2221.0,0.40495175
2222.0,2222.0,0.26865897
2223.0,2223.0,0.20815155
2224.0,2224.0,0.4560023
2225.0,2225.0,0.28978655
2226.0,2226.0,0.22507504
2227.0,2227.0,0.3708263
2228.0,2228.0,0.21316025
2229.0,2229.0,0.18325141
2230.0,2230.0,0.6026631
2231.0,2231.0,0.29940388
2232.0,2232.0,0.15174392
2233.0,2233.0,0.63699836
2234.0,2234.0,0.286471
2235.0,2235.0,0.24634337
2236.0,2236.0,0.03788585
2237.0,2237.0,0.29046232
2238.0,2238.0,0.5011203
2239.0,2239.0,0.331063
2240.0,2240.0,0.17145059
2241.0,2241.0,0.044526786
2242.0,2242.0,0.521709
2243.0,2243.0,0.261376
2244.0,2244.0,0.6320485
2245.0,2245.0,0.65909356
2246.0,2246.0,0.24320744
2247.0,2247.0,0.17911345
2248.0,2248.0,0.63953084
2249.0,2249.0,0.112464935
2250.0,2250.0,0.29775003
2251.0,2251.0,0.67027605
2252.0,2252.0,0.15724698
2253.0,2253.0,0.43027684
2254.0,2254.0,0.2941627
2255.0,2255.0,0.189495
2256.0,2256.0,0.13869767
2257.0,2257.0,0.10077275
2258.0,2258.0,0.33256534
2259.0,2259.0,0.47677702
2260.0,2260.0,0.17550322
2261.0,2261.0,0.19538634
2262.0,2262.0,0.44058165
2263.0,2263.0,0.56612265
2264.0,2264.0,0.345202
2265.0,2265.0,0.5120782
2266.0,2266.0,0.3420852
2267.0,2267.0,0.72663313
2268.0,2268.0,0.22865897
2269.0,2269.0,0.55738485
2270.0,2270.0,0.2627056
2271.0,2271.0,0.45441455
2272.0,2272.0,0.66972935
2273.0,2273.0,0.13204797
2274.0,2274.0,0.37317958
2275.0,2275.0,0.31461433
2276.0,2276.0,0.73221564
2277.0,2277.0,0.55005664
2278.0,2278.0,0.38341925
2279.0,2279.0,0.11710466
2280.0,2280.0,0.021673134
2281.0,2281.0,0.36194903
2282.0,2282.0,0.38374346
2283.0,2283.0,0.32219678
2284.0,2284.0,0.22287895
2285.0,2285.0,0.17217481
2286.0,2286.0,0.16111961
2287.0,2287.0,0.562564
2288.0,2288.0,0.3901843
2289.0,2289.0,0.23004027
2290.0,2290.0,0.50293386
2291.0,2291.0,0.4439844
2292.0,2292.0,0.44056675
2293.0,2293.0,0.24900876
2294.0,2294.0,0.046730854
2295.0,2295.0,0.5803934
2296.0,2296.0,0.22071788
2297.0,2297.0,0.3943842
2298.0,2298.0,0.532683
2299.0,2299.0,0.29974094
2300.0,2300.0,0.28716788
2301.0,2301.0,0.31100336
2302.0,2302.0,0.4384859
2303.0,2303.0,0.32757878
2304.0,2304.0,0.123720504
2305.0,2305.0,0.39971122
2306.0,2306.0,0.5283844
2307.0,2307.0,0.5435563
2308.0,2308.0,0.5956729
2309.0,2309.0,0.6837264
2310.0,2310.0,0.3239487
2311.0,2311.0,0.13849089
2312.0,2312.0,0.60125685
2313.0,2313.0,0.23453765
2314.0,2314.0,0.33343723
2315.0,2315.0,0.04957989
2316.0,2316.0,0.26819524
2317.0,2317.0,0.04763653
2318.0,2318.0,0.20796114
2319.0,2319.0,0.38995728
2320.0,2320.0,0.3925661
2321.0,2321.0,0.33794096
2322.0,2322.0,0.5841666
2323.0,2323.0,0.71491957
2324.0,2324.0,0.22639927
2325.0,2325.0,0.09215175
2326.0,2326.0,0.36265105
2327.0,2327.0,0.24460846
2328.0,2328.0,0.41235647
2329.0,2329.0,0.5489018
2330.0,2330.0,0.2086125
2331.0,2331.0,0.46081248
2332.0,2332.0,0.26514286
2333.0,2333.0,0.58152795
2334.0,2334.0,0.48240194
2335.0,2335.0,0.7147671
2336.0,2336.0,0.19839092
2337.0,2337.0,0.40567517
2338.0,2338.0,0.12140068
2339.0,2339.0,0.2205016
2340.0,2340.0,0.52066064
2341.0,2341.0,0.17229295
2342.0,2342.0,0.48701185
2343.0,2343.0,0.6621465
2344.0,2344.0,0.24321972
2345.0,2345.0,0.37048954
2346.0,2346.0,0.43153092
2347.0,2347.0,0.26287967
2348.0,2348.0,0.38138926
2349.0,2349.0,0.4784828
2350.0,2350.0,0.22721004
2351.0,2351.0,0.58032393
2352.0,2352.0,0.19551094
2353.0,2353.0,0.1243865
2354.0,2354.0,0.4375488
2355.0,2355.0,0.18826948
2356.0,2356.0,0.39025438
2357.0,2357.0,0.28914303
2358.0,2358.0,0.3197828
2359.0,2359.0,0.31258938
2360.0,2360.0,0.52049565
2361.0,2361.0,0.52806324
2362.0,2362.0,0.4855997
2363.0,2363.0,0.41748267
2364.0,2364.0,0.39728168
2365.0,2365.0,0.12045669
2366.0,2366.0,0.40776002
2367.0,2367.0,0.4930309
2368.0,2368.0,0.27538753
2369.0,2369.0,0.62523276
2370.0,2370.0,0.27133363
2371.0,2371.0,0.39087772
2372.0,2372.0,0.6401425
2373.0,2373.0,0.2614523
2374.0,2374.0,0.28337672
2375.0,2375.0,0.34982967
2376.0,2376.0,0.19448464
2377.0,2377.0,0.3746235
2378.0,2378.0,0.1493793
2379.0,2379.0,0.38576937
2380.0,2380.0,0.14492874
2381.0,2381.0,0.588109
2382.0,2382.0,0.28708622
2383.0,2383.0,0.3157153
2384.0,2384.0,0.31944796
2385.0,2385.0,0.36719665
2386.0,2386.0,0.65816635
2387.0,2387.0,0.3465646
2388.0,2388.0,0.45710412
2389.0,2389.0,0.28926927
2390.0,2390.0,0.4957548
2391.0,2391.0,0.62269914
2392.0,2392.0,0.37916568
2393.0,2393.0,0.104160465
2394.0,2394.0,0.5599337
2395.0,2395.0,0.32814676
2396.0,2396.0,0.60804945
2397.0,2397.0,0.25836983
2398.0,2398.0,0.46334022
2399.0,2399.0,0.5323725
2400.0,2400.0,0.31242636
2401.0,2401.0,0.27612418
2402.0,2402.0,0.43174902
2403.0,2403.0,0.3884209
2404.0,2404.0,0.4452625
2405.0,2405.0,0.34592706
2406.0,2406.0,0.5594736
2407.0,2407.0,0.2483604
2408.0,2408.0,0.43428022
2409.0,2409.0,0.62458384
2410.0,2410.0,0.3346723
2411.0,2411.0,0.6784759
2412.0,2412.0,0.17668442
2413.0,2413.0,0.17165612
2414.0,2414.0,0.53283894
2415.0,2415.0,0.6256038
2416.0,2416.0,0.12655191
2417.0,2417.0,0.4338858
2418.0,2418.0,0.09753277
2419.0,2419.0,0.47992444
2420.0,2420.0,0.13991332
2421.0,2421.0,0.3634635
2422.0,2422.0,0.5790618
2423.0,2423.0,0.14017254
2424.0,2424.0,0.22550818
2425.0,2425.0,0.19820477
2426.0,2426.0,0.25688857
2427.0,2427.0,0.28846088
2428.0,2428.0,0.28030968
2429.0,2429.0,0.20769432
2430.0,2430.0,0.3137308
2431.0,2431.0,0.35892704
2432.0,2432.0,0.40546653
2433.0,2433.0,0.25596783
2434.0,2434.0,0.293028
2435.0,2435.0,0.2376281
2436.0,2436.0,0.38449425
2437.0,2437.0,0.1479352
2438.0,2438.0,0.6805796
2439.0,2439.0,0.545134
2440.0,2440.0,0.1504845
2441.0,2441.0,0.23138288
2442.0,2442.0,0.6801752
2443.0,2443.0,0.12961826
2444.0,2444.0,0.39495134
2445.0,2445.0,0.30980963
2446.0,2446.0,0.44759262
2447.0,2447.0,0.2908108
2448.0,2448.0,0.7304148
2449.0,2449.0,0.6076529
2450.0,2450.0,0.19279951
2451.0,2451.0,0.43012962
2452.0,2452.0,0.494713
2453.0,2453.0,0.32824194
2454.0,2454.0,0.4530719
2455.0,2455.0,0.6187417
2456.0,2456.0,0.62018514
2457.0,2457.0,0.0072967084
2458.0,2458.0,0.12458703
2459.0,2459.0,0.60042775
2460.0,2460.0,0.56744087
2461.0,2461.0,0.120442845
2462.0,2462.0,0.2820121
2463.0,2463.0,0.19409813
2464.0,2464.0,0.31578246
2465.0,2465.0,0.30298594
2466.0,2466.0,0.24435247
2467.0,2467.0,0.14525424
2468.0,2468.0,0.41102734
2469.0,2469.0,0.3028425
2470.0,2470.0,0.51904124
2471.0,2471.0,0.048957538
2472.0,2472.0,0.5248242
2473.0,2473.0,0.05395129
2474.0,2474.0,0.33491465
2475.0,2475.0,0.5214061
2476.0,2476.0,0.4792326
2477.0,2477.0,0.44419196
2478.0,2478.0,0.34232506
2479.0,2479.0,0.5550453
2480.0,2480.0,0.54514617
2481.0,2481.0,0.46726206
2482.0,2482.0,0.5329736
2483.0,2483.0,0.73137575
2484.0,2484.0,0.5031743
2485.0,2485.0,0.58001566
2486.0,2486.0,0.44287455
2487.0,2487.0,0.13072124
2488.0,2488.0,0.6893408
2489.0,2489.0,0.20892608
2490.0,2490.0,0.17659341
2491.0,2491.0,0.04303463
2492.0,2492.0,0.47951618
2493.0,2493.0,0.3731699
2494.0,2494.0,0.25673985
2495.0,2495.0,0.4753932
2496.0,2496.0,0.26346016
2497.0,2497.0,0.25086653
2498.0,2498.0,0.45821995
2499.0,2499.0,0.036031682
2500.0,2500.0,0.11376152
2501.0,2501.0,0.4452821
2502.0,2502.0,0.2759174
2503.0,2503.0,0.286907
2504.0,2504.0,0.5234154
2505.0,2505.0,0.25987056
2506.0,2506.0,0.31944638
2507.0,2507.0,0.3829789
2508.0,2508.0,0.27585977
2509.0,2509.0,0.6202948
2510.0,2510.0,0.05521783
2511.0,2511.0,0.49252582
2512.0,2512.0,0.21182914
2513.0,2513.0,0.64502215
2514.0,2514.0,0.31253424
2515.0,2515.0,0.32591835
2516.0,2516.0,0.32858145
2517.0,2517.0,0.43791446
2518.0,2518.0,0.077565655
2519.0,2519.0,0.42538348
2520.0,2520.0,0.12604694
2521.0,2521.0,0.43872607
2522.0,2522.0,0.6320313
2523.0,2523.0,0.15399837
2524.0,2524.0,0.11244587
2525.0,2525.0,0.48687795
2526.0,2526.0,0.649037
2527.0,2527.0,0.254084
2528.0,2528.0,0.6372341
2529.0,2529.0,0.5354879
2530.0,2530.0,0.5708356
2531.0,2531.0,0.43957403
2532.0,2532.0,0.3317573
2533.0,2533.0,0.47626802
2534.0,2534.0,0.2913755
2535.0,2535.0,0.74082583
2536.0,2536.0,0.49351716
2537.0,2537.0,0.27705082
2538.0,2538.0,0.5439664
2539.0,2539.0,0.3413115
2540.0,2540.0,0.26071918
2541.0,2541.0,0.49110746
2542.0,2542.0,0.3329484
2543.0,2543.0,0.42709726
2544.0,2544.0,0.3960832
2545.0,2545.0,0.32412738
2546.0,2546.0,0.45444602
2547.0,2547.0,0.6306714
2548.0,2548.0,0.509046
2549.0,2549.0,0.4291832
2550.0,2550.0,0.45403668
2551.0,2551.0,0.3085243
2552.0,2552.0,0.33954242
2553.0,2553.0,0.12248139
2554.0,2554.0,0.6594846
2555.0,2555.0,0.515985
2556.0,2556.0,0.33708385
2557.0,2557.0,0.6399543
2558.0,2558.0,0.3758585
2559.0,2559.0,0.25904444
2560.0,2560.0,0.5324731
2561.0,2561.0,0.029703313
2562.0,2562.0,0.43869245
2563.0,2563.0,0.5018294
2564.0,2564.0,0.24635254
2565.0,2565.0,0.09846652
2566.0,2566.0,0.44828063
2567.0,2567.0,0.3650805
2568.0,2568.0,0.5014706
2569.0,2569.0,0.3931899
2570.0,2570.0,0.3001273
2571.0,2571.0,0.56160575
2572.0,2572.0,0.3739638
2573.0,2573.0,0.4872226
2574.0,2574.0,0.36506203
2575.0,2575.0,0.035486422
2576.0,2576.0,0.3654514
2577.0,2577.0,0.31299874
2578.0,2578.0,0.2688902
2579.0,2579.0,0.49375352
2580.0,2580.0,0.49736068
2581.0,2581.0,0.4977803
2582.0,2582.0,0.48748595
2583.0,2583.0,0.19075431
2584.0,2584.0,0.44334447
2585.0,2585.0,0.36735892
2586.0,2586.0,0.43769312
2587.0,2587.0,0.25449607
2588.0,2588.0,0.15737438
2589.0,2589.0,0.024560532
2590.0,2590.0,0.29507932
2591.0,2591.0,0.4280276
2592.0,2592.0,0.5783096
2593.0,2593.0,0.43689433
2594.0,2594.0,0.23271999
2595.0,2595.0,0.3648142
2596.0,2596.0,0.056362484
2597.0,2597.0,0.53272843
2598.0,2598.0,0.20891185
2599.0,2599.0,0.20595202
2600.0,2600.0,0.32921985
2601.0,2601.0,0.22187674
2602.0,2602.0,0.45766678
2603.0,2603.0,0.5192141
2604.0,2604.0,0.18997233
2605.0,2605.0,0.02835523
2606.0,2606.0,0.6481756
2607.0,2607.0,0.42890036
2608.0,2608.0,0.42767555
2609.0,2609.0,0.51329714
2610.0,2610.0,0.36288166
2611.0,2611.0,0.058077607
2612.0,2612.0,0.58534586
2613.0,2613.0,0.43689588
2614.0,2614.0,0.6851875
2615.0,2615.0,0.50346565
2616.0,2616.0,0.6482707
2617.0,2617.0,0.23364747
2618.0,2618.0,0.5513443
2619.0,2619.0,0.5452996
2620.0,2620.0,0.66322356
2621.0,2621.0,0.2134691
2622.0,2622.0,0.29653618
2623.0,2623.0,0.60048616
2624.0,2624.0,0.15161087
2625.0,2625.0,0.1474935
2626.0,2626.0,0.34933558
2627.0,2627.0,0.27463672
2628.0,2628.0,0.27275822
2629.0,2629.0,0.11666138
2630.0,2630.0,0.25043556
2631.0,2631.0,0.43621588
2632.0,2632.0,0.54035026
2633.0,2633.0,0.35540822
2634.0,2634.0,0.046422064
2635.0,2635.0,0.36909252
2636.0,2636.0,0.5529311
2637.0,2637.0,0.14937688
2638.0,2638.0,0.41662908
2639.0,2639.0,0.5578811
2640.0,2640.0,0.27490324
2641.0,2641.0,0.18436371
2642.0,2642.0,0.42729166
2643.0,2643.0,0.30088344
2644.0,2644.0,0.2714726
2645.0,2645.0,0.38571438
2646.0,2646.0,0.28171477
2647.0,2647.0,0.24831918
2648.0,2648.0,0.55781955
2649.0,2649.0,0.27988833
2650.0,2650.0,0.2754143
2651.0,2651.0,0.05407029
2652.0,2652.0,0.6491078
2653.0,2653.0,0.109420694
2654.0,2654.0,0.21030033
2655.0,2655.0,0.6791686
2656.0,2656.0,0.17741239
2657.0,2657.0,0.3870995
2658.0,2658.0,0.43960458
2659.0,2659.0,0.5910841
2660.0,2660.0,0.74789846
2661.0,2661.0,0.33011678
2662.0,2662.0,0.50897765
2663.0,2663.0,0.5078137
2664.0,2664.0,0.30098897
2665.0,2665.0,0.3267633
2666.0,2666.0,0.37494227
2667.0,2667.0,0.4458394
2668.0,2668.0,0.42212233
2669.0,2669.0,0.3485566
2670.0,2670.0,0.5327936
2671.0,2671.0,0.5643465
2672.0,2672.0,0.24429429
2673.0,2673.0,0.46982035
2674.0,2674.0,0.050970297
2675.0,2675.0,0.47101375
2676.0,2676.0,0.2549081
2677.0,2677.0,0.38000378
2678.0,2678.0,0.41854984
2679.0,2679.0,0.15021569
2680.0,2680.0,0.07456872
2681.0,2681.0,0.6849918
2682.0,2682.0,0.3755676
2683.0,2683.0,0.3436215
2684.0,2684.0,0.43731546
2685.0,2685.0,0.27005652
2686.0,2686.0,0.46771425
2687.0,2687.0,0.38826934
2688.0,2688.0,0.023524329
2689.0,2689.0,0.4052042
2690.0,2690.0,0.19824924
2691.0,2691.0,0.48572788
2692.0,2692.0,0.25477555
2693.0,2693.0,0.24254125
2694.0,2694.0,0.5849855
2695.0,2695.0,0.30439934
2696.0,2696.0,0.41617408
2697.0,2697.0,0.076038025
2698.0,2698.0,0.11161996
2699.0,2699.0,0.17097647
2700.0,2700.0,0.17790015
2701.0,2701.0,0.25990656
2702.0,2702.0,0.4778158
2703.0,2703.0,0.626112
2704.0,2704.0,0.491565
2705.0,2705.0,0.28066632
2706.0,2706.0,0.35333118
2707.0,2707.0,0.27368483
2708.0,2708.0,0.6372457
2709.0,2709.0,0.22304499
2710.0,2710.0,0.5689568
2711.0,2711.0,0.23878683
2712.0,2712.0,0.030519856
2713.0,2713.0,0.2096272
2714.0,2714.0,0.34133235
2715.0,2715.0,0.38921094
2716.0,2716.0,0.3183277
2717.0,2717.0,0.10914887
2718.0,2718.0,0.3418873
2719.0,2719.0,0.63360953
2720.0,2720.0,0.41664228
2721.0,2721.0,0.5700181
2722.0,2722.0,0.5837597
2723.0,2723.0,0.12372007
2724.0,2724.0,0.44659534
2725.0,2725.0,0.15691854
2726.0,2726.0,0.39933577
2727.0,2727.0,0.19275856
2728.0,2728.0,0.30262256
2729.0,2729.0,0.24431661
2730.0,2730.0,0.41430432
2731.0,2731.0,0.58758634
2732.0,2732.0,0.03467186
2733.0,2733.0,0.46731707
2734.0,2734.0,0.4371912
2735.0,2735.0,0.20374432
2736.0,2736.0,0.47986117
2737.0,2737.0,0.66325784
2738.0,2738.0,0.49403304
2739.0,2739.0,0.44281262
2740.0,2740.0,0.25115028
2741.0,2741.0,0.32717016
2742.0,2742.0,0.44499505
2743.0,2743.0,0.2802213
2744.0,2744.0,0.44575787
2745.0,2745.0,0.35266453
2746.0,2746.0,0.3158372
2747.0,2747.0,0.09876287
2748.0,2748.0,0.26061442
2749.0,2749.0,0.09771963
2750.0,2750.0,0.19231057
2751.0,2751.0,0.38694286
2752.0,2752.0,0.5053048
2753.0,2753.0,0.34083185
2754.0,2754.0,0.028411938
2755.0,2755.0,0.48050228
2756.0,2756.0,0.30515274
2757.0,2757.0,0.28066847
2758.0,2758.0,0.29438058
2759.0,2759.0,0.116297685
2760.0,2760.0,0.2773614
2761.0,2761.0,0.54565156
2762.0,2762.0,0.62897986
2763.0,2763.0,0.6235602
2764.0,2764.0,0.054753337
2765.0,2765.0,0.6247624
2766.0,2766.0,0.35918328
2767.0,2767.0,0.35116664
2768.0,2768.0,0.14085478
2769.0,2769.0,0.6454425
2770.0,2770.0,0.48140416
2771.0,2771.0,0.35480297
2772.0,2772.0,0.13027649
2773.0,2773.0,0.29575023
2774.0,2774.0,0.48801464
2775.0,2775.0,0.25055388
2776.0,2776.0,0.022631073
2777.0,2777.0,0.4925835
2778.0,2778.0,0.2704013
2779.0,2779.0,0.26201895
2780.0,2780.0,0.5095488
2781.0,2781.0,0.21002942
2782.0,2782.0,0.1753591
2783.0,2783.0,0.6564303
2784.0,2784.0,0.2093474
2785.0,2785.0,0.23460801
2786.0,2786.0,0.062367503
2787.0,2787.0,0.6884364
2788.0,2788.0,0.21352291
2789.0,2789.0,0.40395364
2790.0,2790.0,0.5157124
2791.0,2791.0,0.5549294
2792.0,2792.0,0.43490082
2793.0,2793.0,0.43886238
2794.0,2794.0,0.2695568
2795.0,2795.0,0.19959036
2796.0,2796.0,0.31633767
2797.0,2797.0,0.030839495
2798.0,2798.0,0.32524836
2799.0,2799.0,0.47893232
2800.0,2800.0,0.5734214
2801.0,2801.0,0.040153738
2802.0,2802.0,0.25332627
2803.0,2803.0,0.34822014
2804.0,2804.0,0.2729735
2805.0,2805.0,0.1290598
2806.0,2806.0,0.46038836
2807.0,2807.0,0.64869016
2808.0,2808.0,0.527165
2809.0,2809.0,0.29855862
2810.0,2810.0,0.46007594
2811.0,2811.0,0.18338554
2812.0,2812.0,0.24042422
2813.0,2813.0,0.5550511
2814.0,2814.0,0.3796157
2815.0,2815.0,0.5318517
2816.0,2816.0,0.51000625
2817.0,2817.0,0.3822423
2818.0,2818.0,0.4781635
2819.0,2819.0,0.37406605
2820.0,2820.0,0.2623845
2821.0,2821.0,0.2521964
2822.0,2822.0,0.40381026
2823.0,2823.0,0.55163836
2824.0,2824.0,0.6763041
2825.0,2825.0,0.43515155
2826.0,2826.0,0.41100985
2827.0,2827.0,0.20227829
2828.0,2828.0,0.37340963
2829.0,2829.0,0.5300415
2830.0,2830.0,0.4895764
2831.0,2831.0,0.52019674
2832.0,2832.0,0.1731581
2833.0,2833.0,0.32800522
2834.0,2834.0,0.4049379
2835.0,2835.0,0.044449996
2836.0,2836.0,0.41292906
2837.0,2837.0,0.06812548
2838.0,2838.0,0.0370999
2839.0,2839.0,0.5735358
2840.0,2840.0,0.69933444
2841.0,2841.0,0.6837985
2842.0,2842.0,0.56511354
2843.0,2843.0,0.23207647
2844.0,2844.0,0.46466652
2845.0,2845.0,0.2508355
2846.0,2846.0,0.6386182
2847.0,2847.0,0.19999053
2848.0,2848.0,0.10256341
2849.0,2849.0,0.31528932
2850.0,2850.0,0.3709964
2851.0,2851.0,0.1212448
2852.0,2852.0,0.33055437
2853.0,2853.0,0.35611835
2854.0,2854.0,0.2534852
2855.0,2855.0,0.38185686
2856.0,2856.0,0.2445796
2857.0,2857.0,0.49675363
2858.0,2858.0,0.2565005
2859.0,2859.0,0.029663581
2860.0,2860.0,0.46043128
2861.0,2861.0,0.03277286
2862.0,2862.0,0.30871028
2863.0,2863.0,0.395432
2864.0,2864.0,0.38324016
2865.0,2865.0,0.2553837
2866.0,2866.0,0.3833976
2867.0,2867.0,0.37715358
2868.0,2868.0,0.6715753
2869.0,2869.0,0.20813046
2870.0,2870.0,0.5721129
2871.0,2871.0,0.31056595
2872.0,2872.0,0.29514042
2873.0,2873.0,0.15000759
2874.0,2874.0,0.26547918
2875.0,2875.0,0.21066505
2876.0,2876.0,0.13031873
2877.0,2877.0,0.360143
2878.0,2878.0,0.48163542
2879.0,2879.0,0.36817345
2880.0,2880.0,0.51215243
2881.0,2881.0,0.42633402
2882.0,2882.0,0.2723827
2883.0,2883.0,0.38720775
2884.0,2884.0,0.32498348
2885.0,2885.0,0.15470137
2886.0,2886.0,0.10429155
2887.0,2887.0,0.23961869
2888.0,2888.0,0.19901483
2889.0,2889.0,0.4422774
2890.0,2890.0,0.2550349
2891.0,2891.0,0.0563234
2892.0,2892.0,0.39160442
2893.0,2893.0,0.039740358
2894.0,2894.0,0.32501352
2895.0,2895.0,0.501983
2896.0,2896.0,0.22507352
2897.0,2897.0,0.032509413
2898.0,2898.0,0.3986448
2899.0,2899.0,0.63972336
2900.0,2900.0,0.3854938
2901.0,2901.0,0.62344474
2902.0,2902.0,0.16655934
2903.0,2903.0,0.48738718
2904.0,2904.0,0.5147622
2905.0,2905.0,0.37765458
2906.0,2906.0,0.6893679
2907.0,2907.0,0.3908844
2908.0,2908.0,0.41173142
2909.0,2909.0,0.59397405
2910.0,2910.0,0.1010943
2911.0,2911.0,0.4997321
2912.0,2912.0,0.4089415
2913.0,2913.0,0.21049866
2914.0,2914.0,0.60889626
2915.0,2915.0,0.12968126
2916.0,2916.0,0.370602
2917.0,2917.0,0.34885
2918.0,2918.0,0.37064528
2919.0,2919.0,0.23861656
2920.0,2920.0,0.41447967
2921.0,2921.0,0.53341484
2922.0,2922.0,0.035855364
2923.0,2923.0,0.29241565
2924.0,2924.0,0.66601324
2925.0,2925.0,0.043593973
2926.0,2926.0,0.33158025
2927.0,2927.0,0.23378533
2928.0,2928.0,0.60493255
2929.0,2929.0,0.033125516
2930.0,2930.0,0.33358288
2931.0,2931.0,0.61357373
2932.0,2932.0,0.17037143
2933.0,2933.0,0.25024438
2934.0,2934.0,0.3325669
2935.0,2935.0,0.36423194
2936.0,2936.0,0.20134038
2937.0,2937.0,0.44833505
2938.0,2938.0,0.5602502
2939.0,2939.0,0.28249377
2940.0,2940.0,0.23824355
2941.0,2941.0,0.29746795
2942.0,2942.0,0.007938435
2943.0,2943.0,0.43813294
2944.0,2944.0,0.41544026
2945.0,2945.0,0.6480111
2946.0,2946.0,0.46070737
2947.0,2947.0,0.20291665
2948.0,2948.0,0.2868715
2949.0,2949.0,0.25918537
2950.0,2950.0,0.66712993
2951.0,2951.0,0.076516286
2952.0,2952.0,0.30816007
2953.0,2953.0,0.47068763
2954.0,2954.0,0.20108573
2955.0,2955.0,0.69302547
2956.0,2956.0,0.48439875
2957.0,2957.0,0.37874803
2958.0,2958.0,0.38319582
2959.0,2959.0,0.41770625
2960.0,2960.0,0.044740383
2961.0,2961.0,0.44080624
2962.0,2962.0,0.41023028
2963.0,2963.0,0.0265493
2964.0,2964.0,0.4740342
2965.0,2965.0,0.5708799
2966.0,2966.0,0.38064906
2967.0,2967.0,0.6243435
2968.0,2968.0,0.50922245
2969.0,2969.0,0.55305517
2970.0,2970.0,0.536044
2971.0,2971.0,0.09227097
2972.0,2972.0,0.47334903
2973.0,2973.0,0.43065777
2974.0,2974.0,0.49126223
2975.0,2975.0,0.6884733
2976.0,2976.0,0.3128499
2977.0,2977.0,0.2229658
2978.0,2978.0,0.21142386
2979.0,2979.0,0.24547644
2980.0,2980.0,0.34818172
2981.0,2981.0,0.43799382
2982.0,2982.0,0.42101592
2983.0,2983.0,0.25375956
2984.0,2984.0,0.32262155
2985.0,2985.0,0.6809428
2986.0,2986.0,0.1851721
2987.0,2987.0,0.3304007
2988.0,2988.0,0.60854673
2989.0,2989.0,0.1872384
2990.0,2990.0,0.55292416
2991.0,2991.0,0.2484818
2992.0,2992.0,0.6493294
2993.0,2993.0,0.49539557
2994.0,2994.0,0.24041252
2995.0,2995.0,0.18671206
2996.0,2996.0,0.58510035
2997.0,2997.0,0.3186047
2998.0,2998.0,0.6230569
2999.0,2999.0,0.5047114
3000.0,3000.0,0.3208001
3001.0,3001.0,0.37228888
3002.0,3002.0,0.4412696
3003.0,3003.0,0.47612923
3004.0,3004.0,0.22851884
3005.0,3005.0,0.4963544
3006.0,3006.0,0.43381655
3007.0,3007.0,0.5124169
3008.0,3008.0,0.37263504
3009.0,3009.0,0.6192906
3010.0,3010.0,0.41370848
3011.0,3011.0,0.5473618
3012.0,3012.0,0.28439906
3013.0,3013.0,0.2300376
3014.0,3014.0,0.24990283
3015.0,3015.0,0.53461534
3016.0,3016.0,0.36389574
3017.0,3017.0,0.31371257
3018.0,3018.0,0.2360058
3019.0,3019.0,0.24197848
3020.0,3020.0,0.23713669
3021.0,3021.0,0.2960364
3022.0,3022.0,0.38289744
3023.0,3023.0,0.47564092
3024.0,3024.0,0.38122356
3025.0,3025.0,0.2315365
3026.0,3026.0,0.5068911
3027.0,3027.0,0.10038654
3028.0,3028.0,0.40913025
3029.0,3029.0,0.4019286
3030.0,3030.0,0.49384713
3031.0,3031.0,0.3154579
3032.0,3032.0,0.3277404
3033.0,3033.0,0.050328624
3034.0,3034.0,0.3431408
3035.0,3035.0,0.10836719
3036.0,3036.0,0.14670102
3037.0,3037.0,0.21955012
3038.0,3038.0,0.2833764
3039.0,3039.0,0.5138972
3040.0,3040.0,0.04721735
3041.0,3041.0,0.35347205
3042.0,3042.0,0.4423191
3043.0,3043.0,0.47775882
3044.0,3044.0,0.35397255
3045.0,3045.0,0.37565732
3046.0,3046.0,0.40803853
3047.0,3047.0,0.40301454
3048.0,3048.0,0.2643766
3049.0,3049.0,0.24602284
3050.0,3050.0,0.16405274
3051.0,3051.0,0.43630925
3052.0,3052.0,0.58243483
3053.0,3053.0,0.6061739
3054.0,3054.0,0.13930722
3055.0,3055.0,0.123228386
3056.0,3056.0,0.33816347
3057.0,3057.0,0.30939436
3058.0,3058.0,0.3615586
3059.0,3059.0,0.409212
3060.0,3060.0,0.28380677
3061.0,3061.0,0.41891855
3062.0,3062.0,0.56897944
3063.0,3063.0,0.09889544
3064.0,3064.0,0.5520672
3065.0,3065.0,0.045752153
3066.0,3066.0,0.39729804
3067.0,3067.0,0.38362807
3068.0,3068.0,0.20183283
3069.0,3069.0,0.35229498
3070.0,3070.0,0.55240023
3071.0,3071.0,0.57756287
3072.0,3072.0,0.034270465
3073.0,3073.0,0.29869336
3074.0,3074.0,0.33660784
3075.0,3075.0,0.005787561
3076.0,3076.0,0.41771585
3077.0,3077.0,0.32664636
3078.0,3078.0,0.39746
3079.0,3079.0,0.4548839
3080.0,3080.0,0.19999221
3081.0,3081.0,0.53210473
3082.0,3082.0,0.21470489
3083.0,3083.0,0.34383285
3084.0,3084.0,0.109660886
3085.0,3085.0,0.38166764
3086.0,3086.0,0.66887337
3087.0,3087.0,0.43850884
3088.0,3088.0,0.23215756
3089.0,3089.0,0.37382546
3090.0,3090.0,0.21367587
3091.0,3091.0,0.11901386
3092.0,3092.0,0.57974863
3093.0,3093.0,0.7572063
3094.0,3094.0,0.4493822
3095.0,3095.0,0.47043538
3096.0,3096.0,0.07791976
3097.0,3097.0,0.43826482
3098.0,3098.0,0.32431298
3099.0,3099.0,0.5694241
3100.0,3100.0,0.17897195
3101.0,3101.0,0.422935
3102.0,3102.0,0.5044678
3103.0,3103.0,0.28163004
3104.0,3104.0,0.34342197
3105.0,3105.0,0.4767098
3106.0,3106.0,0.3778506
3107.0,3107.0,0.32401305
3108.0,3108.0,0.5329525
3109.0,3109.0,0.4688495
3110.0,3110.0,0.12336312
3111.0,3111.0,0.43951368
3112.0,3112.0,0.2659399
3113.0,3113.0,0.44893768
3114.0,3114.0,0.6119514
3115.0,3115.0,0.5695594
3116.0,3116.0,0.10329599
3117.0,3117.0,0.42261788
3118.0,3118.0,0.29837283
3119.0,3119.0,0.44505185
3120.0,3120.0,0.43198794
3121.0,3121.0,0.6548587
3122.0,3122.0,0.4524154
3123.0,3123.0,0.32541817
3124.0,3124.0,0.3756575
3125.0,3125.0,0.5211939
3126.0,3126.0,0.42869896
3127.0,3127.0,0.4008875
3128.0,3128.0,0.03008018
3129.0,3129.0,0.24278127
3130.0,3130.0,0.14128079
3131.0,3131.0,0.04621341
3132.0,3132.0,0.5660132
3133.0,3133.0,0.28784692
3134.0,3134.0,0.43788397
3135.0,3135.0,0.16142863
3136.0,3136.0,0.42521203
3137.0,3137.0,0.5221799
3138.0,3138.0,0.22645542
3139.0,3139.0,0.27641803
3140.0,3140.0,0.14439948
3141.0,3141.0,0.34605646
3142.0,3142.0,0.24791048
3143.0,3143.0,0.042110823
3144.0,3144.0,0.34642574
3145.0,3145.0,0.2880783
3146.0,3146.0,0.4166261
3147.0,3147.0,0.5041905
3148.0,3148.0,0.32277083
3149.0,3149.0,0.22833143
3150.0,3150.0,0.24032643
3151.0,3151.0,0.33508995
3152.0,3152.0,0.5474032
3153.0,3153.0,0.8079265
3154.0,3154.0,0.43042946
3155.0,3155.0,0.036963034
3156.0,3156.0,0.3469992
3157.0,3157.0,0.37031662
3158.0,3158.0,0.17582053
3159.0,3159.0,0.43425044
3160.0,3160.0,0.483539
3161.0,3161.0,0.3959712
3162.0,3162.0,0.2302818
3163.0,3163.0,0.18717699
3164.0,3164.0,0.17423269
3165.0,3165.0,0.17016359
3166.0,3166.0,0.13583842
3167.0,3167.0,0.27775407
3168.0,3168.0,0.20506367
3169.0,3169.0,0.2594491
3170.0,3170.0,0.51487803
3171.0,3171.0,0.26648596
3172.0,3172.0,0.4615788
3173.0,3173.0,0.40491813
3174.0,3174.0,0.45357868
3175.0,3175.0,0.7058043
3176.0,3176.0,0.23281944
3177.0,3177.0,0.0074835108
3178.0,3178.0,0.13545926
3179.0,3179.0,0.5136008
3180.0,3180.0,0.6531677
3181.0,3181.0,0.31344694
3182.0,3182.0,0.20765553
3183.0,3183.0,0.7108562
3184.0,3184.0,0.18462351
3185.0,3185.0,0.40380585
3186.0,3186.0,0.08529534
3187.0,3187.0,0.14332111
3188.0,3188.0,0.43191594
3189.0,3189.0,0.38114327
3190.0,3190.0,0.041612506
3191.0,3191.0,0.08001654
3192.0,3192.0,0.37693712
3193.0,3193.0,0.1990058
3194.0,3194.0,0.17548452
3195.0,3195.0,0.46631375
3196.0,3196.0,0.5263436
3197.0,3197.0,0.67163485
3198.0,3198.0,0.6768929
3199.0,3199.0,0.23302712
3200.0,3200.0,0.35748938
3201.0,3201.0,0.040669322
3202.0,3202.0,0.48164067
3203.0,3203.0,0.36772782
3204.0,3204.0,0.4727713
3205.0,3205.0,0.28088027
3206.0,3206.0,0.17490518
3207.0,3207.0,0.37677366
3208.0,3208.0,0.32308996
3209.0,3209.0,0.21590802
3210.0,3210.0,0.21628523
3211.0,3211.0,0.19200908
3212.0,3212.0,0.51204914
3213.0,3213.0,0.28642878
3214.0,3214.0,0.1013873
3215.0,3215.0,0.33373958
3216.0,3216.0,0.25632358
3217.0,3217.0,0.23219803
3218.0,3218.0,0.22442646
3219.0,3219.0,0.45390284
3220.0,3220.0,0.41886166
3221.0,3221.0,0.2207828
3222.0,3222.0,0.37761304
3223.0,3223.0,0.68227553
3224.0,3224.0,0.29703888
3225.0,3225.0,0.099755
3226.0,3226.0,0.44864008
3227.0,3227.0,0.27635843
3228.0,3228.0,0.6626981
3229.0,3229.0,0.19666886
3230.0,3230.0,0.30733714
3231.0,3231.0,0.123816215
3232.0,3232.0,0.3568409
3233.0,3233.0,0.25908187
3234.0,3234.0,0.54999435
3235.0,3235.0,0.36075297
3236.0,3236.0,0.3486437
3237.0,3237.0,0.49869555
3238.0,3238.0,0.23922235
3239.0,3239.0,0.49468312
3240.0,3240.0,0.2677253
3241.0,3241.0,0.039304134
3242.0,3242.0,0.48389038
3243.0,3243.0,0.33059552
3244.0,3244.0,0.23740742
3245.0,3245.0,0.62341326
3246.0,3246.0,0.29457104
3247.0,3247.0,0.48180592
3248.0,3248.0,0.35295975
3249.0,3249.0,0.31868482
3250.0,3250.0,0.27817252
3251.0,3251.0,0.12756665
3252.0,3252.0,0.17038478
3253.0,3253.0,0.621257
3254.0,3254.0,0.2687124
3255.0,3255.0,0.6893643
3256.0,3256.0,0.2457569
3257.0,3257.0,0.3650199
3258.0,3258.0,0.22739486
3259.0,3259.0,0.18210042
3260.0,3260.0,0.24975173
3261.0,3261.0,0.3113955
3262.0,3262.0,0.054499093
3263.0,3263.0,0.39451894
3264.0,3264.0,0.048551038
3265.0,3265.0,0.44760066
3266.0,3266.0,0.22265612
3267.0,3267.0,0.37659544
3268.0,3268.0,0.49724892
3269.0,3269.0,0.30188355
3270.0,3270.0,0.5982417
3271.0,3271.0,0.11326619
3272.0,3272.0,0.39139718
3273.0,3273.0,0.39208338
3274.0,3274.0,0.3790317
3275.0,3275.0,0.39847922
3276.0,3276.0,0.41144657
3277.0,3277.0,0.7219176
3278.0,3278.0,0.38320646
3279.0,3279.0,0.042764734
3280.0,3280.0,0.47528416
3281.0,3281.0,0.43307987
3282.0,3282.0,0.63084817
3283.0,3283.0,0.7371853
3284.0,3284.0,0.3250504
3285.0,3285.0,0.1393226
3286.0,3286.0,0.5062511
3287.0,3287.0,0.4098344
3288.0,3288.0,0.22358544
3289.0,3289.0,0.20286742
3290.0,3290.0,0.039052706
3291.0,3291.0,0.24343716
3292.0,3292.0,0.40241528
3293.0,3293.0,0.21045291
3294.0,3294.0,0.496799
3295.0,3295.0,0.2899207
3296.0,3296.0,0.20816186
3297.0,3297.0,0.5539101
3298.0,3298.0,0.32363912
3299.0,3299.0,0.05572823
3300.0,3300.0,0.32559893
3301.0,3301.0,0.24388102
3302.0,3302.0,0.15976866
3303.0,3303.0,0.23357183
3304.0,3304.0,0.36191297
3305.0,3305.0,0.38675818
3306.0,3306.0,0.4479935
3307.0,3307.0,0.25876236
3308.0,3308.0,0.22576733
3309.0,3309.0,0.5021334
3310.0,3310.0,0.15761179
3311.0,3311.0,0.22206277
3312.0,3312.0,0.6437001
3313.0,3313.0,0.24542968
3314.0,3314.0,0.03532291
3315.0,3315.0,0.29358986
3316.0,3316.0,0.5576561
3317.0,3317.0,0.042184107
3318.0,3318.0,0.2800871
3319.0,3319.0,0.21157853
3320.0,3320.0,0.45705187
3321.0,3321.0,0.5272715
3322.0,3322.0,0.1519578
3323.0,3323.0,0.53558
3324.0,3324.0,0.41900364
3325.0,3325.0,0.36067924
3326.0,3326.0,0.21599166
3327.0,3327.0,0.59123
3328.0,3328.0,0.46510842
3329.0,3329.0,0.41585228
3330.0,3330.0,0.19843255
3331.0,3331.0,0.13759573
3332.0,3332.0,0.40669844
3333.0,3333.0,0.38866618
3334.0,3334.0,0.21797857
3335.0,3335.0,0.1271915
3336.0,3336.0,0.24570346
3337.0,3337.0,0.56941026
3338.0,3338.0,0.53888303
3339.0,3339.0,0.4521362
3340.0,3340.0,0.17857024
3341.0,3341.0,0.23961292
3342.0,3342.0,0.34552985
3343.0,3343.0,0.4430126
3344.0,3344.0,0.40779382
3345.0,3345.0,0.25797296
3346.0,3346.0,0.3403876
3347.0,3347.0,0.37531057
3348.0,3348.0,0.47690687
3349.0,3349.0,0.10575627
3350.0,3350.0,0.42604375
3351.0,3351.0,0.34098908
3352.0,3352.0,0.42086178
3353.0,3353.0,0.67690694
3354.0,3354.0,0.18966892
3355.0,3355.0,0.38211855
3356.0,3356.0,0.20805067
3357.0,3357.0,0.34737852
3358.0,3358.0,0.50726026
3359.0,3359.0,0.4234119
3360.0,3360.0,0.31371304
3361.0,3361.0,0.45369974
3362.0,3362.0,0.25358102
3363.0,3363.0,0.25311205
3364.0,3364.0,0.49869576
3365.0,3365.0,0.017544707
3366.0,3366.0,0.053365618
3367.0,3367.0,0.5109104
3368.0,3368.0,0.60392994
3369.0,3369.0,0.7249622
3370.0,3370.0,0.1580575
3371.0,3371.0,0.42223877
3372.0,3372.0,0.5070207
3373.0,3373.0,0.2078753
3374.0,3374.0,0.47306073
3375.0,3375.0,0.33733428
3376.0,3376.0,0.6275625
3377.0,3377.0,0.45348686
3378.0,3378.0,0.23558912
3379.0,3379.0,0.4068221
3380.0,3380.0,0.42039728
3381.0,3381.0,0.18530913
3382.0,3382.0,0.29284424
3383.0,3383.0,0.39830703
3384.0,3384.0,0.72045994
3385.0,3385.0,0.44476727
3386.0,3386.0,0.52277344
3387.0,3387.0,0.4699936
3388.0,3388.0,0.50096947
3389.0,3389.0,0.121722825
3390.0,3390.0,0.23928618
3391.0,3391.0,0.44100302
3392.0,3392.0,0.5284982
3393.0,3393.0,0.37946078
3394.0,3394.0,0.026483815
3395.0,3395.0,0.63221455
3396.0,3396.0,0.21323144
3397.0,3397.0,0.47517148
3398.0,3398.0,0.3778723
3399.0,3399.0,0.36195183
3400.0,3400.0,0.47127438
3401.0,3401.0,0.47909126
3402.0,3402.0,0.34449062
3403.0,3403.0,0.6544831
3404.0,3404.0,0.33408886
3405.0,3405.0,0.523094
3406.0,3406.0,0.3976638
3407.0,3407.0,0.44612256
3408.0,3408.0,0.6101987
3409.0,3409.0,0.5856513
3410.0,3410.0,0.3044179
3411.0,3411.0,0.45950344
3412.0,3412.0,0.3861115
3413.0,3413.0,0.20766135
3414.0,3414.0,0.20576863
3415.0,3415.0,0.30660614
3416.0,3416.0,0.12735665
3417.0,3417.0,0.7811952
3418.0,3418.0,0.41806415
3419.0,3419.0,0.44839996
3420.0,3420.0,0.50928974
3421.0,3421.0,0.17405736
3422.0,3422.0,0.41908383
3423.0,3423.0,0.444792
3424.0,3424.0,0.540661
3425.0,3425.0,0.359347
3426.0,3426.0,0.39652658
3427.0,3427.0,0.036663175
3428.0,3428.0,0.39881486
3429.0,3429.0,0.60916454
3430.0,3430.0,0.20019975
3431.0,3431.0,0.43070692
3432.0,3432.0,0.23876666
3433.0,3433.0,0.6121194
3434.0,3434.0,0.5301083
3435.0,3435.0,0.2930394
3436.0,3436.0,0.03335809
3437.0,3437.0,0.52139634
3438.0,3438.0,0.46551389
3439.0,3439.0,0.26340517
3440.0,3440.0,0.25254798
3441.0,3441.0,0.19841784
3442.0,3442.0,0.1993828
3443.0,3443.0,0.26193708
3444.0,3444.0,0.5213249
3445.0,3445.0,0.39250904
3446.0,3446.0,0.3021192
3447.0,3447.0,0.5049547
3448.0,3448.0,0.3223463
3449.0,3449.0,0.1769202
3450.0,3450.0,0.4191252
3451.0,3451.0,0.48107138
3452.0,3452.0,0.58495605
3453.0,3453.0,0.28268725
3454.0,3454.0,0.3140543
3455.0,3455.0,0.36442026
3456.0,3456.0,0.1392994
3457.0,3457.0,0.03397695
3458.0,3458.0,0.1528768
3459.0,3459.0,0.18443693
3460.0,3460.0,0.39658043
3461.0,3461.0,0.1701518
3462.0,3462.0,0.2658651
3463.0,3463.0,0.6015637
3464.0,3464.0,0.38275328
3465.0,3465.0,0.20504695
3466.0,3466.0,0.21007586
3467.0,3467.0,0.4557809
3468.0,3468.0,0.33914092
3469.0,3469.0,0.4925387
3470.0,3470.0,0.27895096
3471.0,3471.0,0.14477293
3472.0,3472.0,0.52521026
3473.0,3473.0,0.12783687
3474.0,3474.0,0.11177006
3475.0,3475.0,0.34768766
3476.0,3476.0,0.38797542
3477.0,3477.0,0.13110928
3478.0,3478.0,0.5847393
3479.0,3479.0,0.52882725
3480.0,3480.0,0.20787957
3481.0,3481.0,0.6678088
3482.0,3482.0,0.7201434
3483.0,3483.0,0.60554856
3484.0,3484.0,0.23719358
3485.0,3485.0,0.180684
3486.0,3486.0,0.45159525
3487.0,3487.0,0.37605828
3488.0,3488.0,0.19533587
3489.0,3489.0,0.33214337
3490.0,3490.0,0.6485755
3491.0,3491.0,0.4027773
3492.0,3492.0,0.38684142
3493.0,3493.0,0.12159656
3494.0,3494.0,0.6120267
3495.0,3495.0,0.63650405
3496.0,3496.0,0.5575085
3497.0,3497.0,0.19794482
3498.0,3498.0,0.25324574
3499.0,3499.0,0.1893656
3500.0,3500.0,0.20772706
3501.0,3501.0,0.18533942
3502.0,3502.0,0.1119217
3503.0,3503.0,0.21007018
3504.0,3504.0,0.19192545
3505.0,3505.0,0.57318234
3506.0,3506.0,0.26024428
3507.0,3507.0,0.63795483
3508.0,3508.0,0.13995996
3509.0,3509.0,0.6021984
3510.0,3510.0,0.21839336
3511.0,3511.0,0.41306043
3512.0,3512.0,0.37520367
3513.0,3513.0,0.20426556
3514.0,3514.0,0.61902493
3515.0,3515.0,0.31741524
3516.0,3516.0,0.13156359
3517.0,3517.0,0.52816916
3518.0,3518.0,0.31091648
3519.0,3519.0,0.31883478
3520.0,3520.0,0.26154113
3521.0,3521.0,0.5373424
3522.0,3522.0,0.3973218
3523.0,3523.0,0.5262511
3524.0,3524.0,0.25209653
3525.0,3525.0,0.18735407
3526.0,3526.0,0.24491434
3527.0,3527.0,0.11105055
3528.0,3528.0,0.36223593
3529.0,3529.0,0.66321945
3530.0,3530.0,0.37981227
3531.0,3531.0,0.3357798
3532.0,3532.0,0.5641387
3533.0,3533.0,0.43659166
3534.0,3534.0,0.18597147
3535.0,3535.0,0.36931524
3536.0,3536.0,0.45554164
3537.0,3537.0,0.24661797
3538.0,3538.0,0.50924826
3539.0,3539.0,0.19469582
3540.0,3540.0,0.203333
3541.0,3541.0,0.26537582
3542.0,3542.0,0.62682575
3543.0,3543.0,0.67563283
3544.0,3544.0,0.15477204
3545.0,3545.0,0.43216512
3546.0,3546.0,0.44323465
3547.0,3547.0,0.14257391
3548.0,3548.0,0.28488404
3549.0,3549.0,0.23791458
3550.0,3550.0,0.7085324
3551.0,3551.0,0.5599353
3552.0,3552.0,0.4907081
3553.0,3553.0,0.48747683
3554.0,3554.0,0.18739118
3555.0,3555.0,0.63608176
3556.0,3556.0,0.15904276
3557.0,3557.0,0.64774793
3558.0,3558.0,0.029303923
3559.0,3559.0,0.46559712
3560.0,3560.0,0.54983765
3561.0,3561.0,0.18183707
3562.0,3562.0,0.41646498
3563.0,3563.0,0.26753843
3564.0,3564.0,0.4684001
3565.0,3565.0,0.34445694
3566.0,3566.0,0.64878917
3567.0,3567.0,0.62275034
3568.0,3568.0,0.33767515
3569.0,3569.0,0.46970138
3570.0,3570.0,0.3904547
3571.0,3571.0,0.12558097
3572.0,3572.0,0.3983229
3573.0,3573.0,0.63246936
3574.0,3574.0,0.5074078
3575.0,3575.0,0.3265143
3576.0,3576.0,0.32903415
3577.0,3577.0,0.48860675
3578.0,3578.0,0.45238537
3579.0,3579.0,0.43095478
3580.0,3580.0,0.3280564
3581.0,3581.0,0.6269574
3582.0,3582.0,0.37123197
3583.0,3583.0,0.4211356
3584.0,3584.0,0.20647852
3585.0,3585.0,0.5187939
3586.0,3586.0,0.3871709
3587.0,3587.0,0.53031635
3588.0,3588.0,0.28198132
3589.0,3589.0,0.5870188
3590.0,3590.0,0.23546761
3591.0,3591.0,0.5274822
3592.0,3592.0,0.16403261
3593.0,3593.0,0.14381179
3594.0,3594.0,0.20324089
3595.0,3595.0,0.24964279
3596.0,3596.0,0.1253223
3597.0,3597.0,0.5381122
3598.0,3598.0,0.3562196
3599.0,3599.0,0.39512247
3600.0,3600.0,0.4054616
3601.0,3601.0,0.030651068
3602.0,3602.0,0.3206589
3603.0,3603.0,0.3237963
3604.0,3604.0,0.33920333
3605.0,3605.0,0.48642442
3606.0,3606.0,0.050687306
3607.0,3607.0,0.09310917
3608.0,3608.0,0.2698353
3609.0,3609.0,0.33538857
3610.0,3610.0,0.28538603
3611.0,3611.0,0.15633212
3612.0,3612.0,0.22649916
3613.0,3613.0,0.5023196
3614.0,3614.0,0.44324914
3615.0,3615.0,0.36864525
3616.0,3616.0,0.33224228
3617.0,3617.0,0.60224223
3618.0,3618.0,0.69454587
3619.0,3619.0,0.3819834
3620.0,3620.0,0.6872898
3621.0,3621.0,0.26726127
3622.0,3622.0,0.3147762
3623.0,3623.0,0.32905596
3624.0,3624.0,0.4215842
3625.0,3625.0,0.5086247
3626.0,3626.0,0.39751613
3627.0,3627.0,0.6601866
3628.0,3628.0,0.49550775
3629.0,3629.0,0.5789293
3630.0,3630.0,0.5773727
3631.0,3631.0,0.43534562
3632.0,3632.0,0.6124475
3633.0,3633.0,0.123666815
3634.0,3634.0,0.4569924
3635.0,3635.0,0.09204382
3636.0,3636.0,0.2684055
3637.0,3637.0,0.30218053
3638.0,3638.0,0.5870203
3639.0,3639.0,0.7163146
3640.0,3640.0,0.2015467
3641.0,3641.0,0.09609821
3642.0,3642.0,0.38601634
3643.0,3643.0,0.5565418
3644.0,3644.0,0.4932644
3645.0,3645.0,0.2502304
3646.0,3646.0,0.54193157
3647.0,3647.0,0.26557186
3648.0,3648.0,0.2599342
3649.0,3649.0,0.3017596
3650.0,3650.0,0.69622356
3651.0,3651.0,0.22193733
3652.0,3652.0,0.02704926
3653.0,3653.0,0.35838586
3654.0,3654.0,0.23104842
3655.0,3655.0,0.51767296
3656.0,3656.0,0.016425774
3657.0,3657.0,0.115145735
3658.0,3658.0,0.45997122
3659.0,3659.0,0.49952894
3660.0,3660.0,0.22344789
3661.0,3661.0,0.35519803
3662.0,3662.0,0.47301343
3663.0,3663.0,0.27265203
3664.0,3664.0,0.10769119
3665.0,3665.0,0.41344708
3666.0,3666.0,0.2571439
3667.0,3667.0,0.30139482
3668.0,3668.0,0.48436603
3669.0,3669.0,0.23040025
3670.0,3670.0,0.4732927
3671.0,3671.0,0.36440206
3672.0,3672.0,0.67574906
3673.0,3673.0,0.2737197
3674.0,3674.0,0.30866724
3675.0,3675.0,0.172167
3676.0,3676.0,0.41493785
3677.0,3677.0,0.33984926
3678.0,3678.0,0.32551184
3679.0,3679.0,0.28004053
3680.0,3680.0,0.5100595
3681.0,3681.0,0.73880684
3682.0,3682.0,0.41499424
3683.0,3683.0,0.41832945
3684.0,3684.0,0.6694215
3685.0,3685.0,0.49301335
3686.0,3686.0,0.30100784
3687.0,3687.0,0.24931861
3688.0,3688.0,0.247535
3689.0,3689.0,0.13996343
3690.0,3690.0,0.5822673
3691.0,3691.0,0.17594305
3692.0,3692.0,0.30411968
3693.0,3693.0,0.2658599
3694.0,3694.0,0.23728809
3695.0,3695.0,0.6860334
3696.0,3696.0,0.4998933
3697.0,3697.0,0.4864311
3698.0,3698.0,0.3099229
3699.0,3699.0,0.41509187
3700.0,3700.0,0.61671716
3701.0,3701.0,0.32900262
3702.0,3702.0,0.49010918
3703.0,3703.0,0.5110904
3704.0,3704.0,0.41290498
3705.0,3705.0,0.41931474
3706.0,3706.0,0.14899775
3707.0,3707.0,0.32925352
3708.0,3708.0,0.27242994
3709.0,3709.0,0.54760736
3710.0,3710.0,0.5040722
3711.0,3711.0,0.45060533
3712.0,3712.0,0.14936082
3713.0,3713.0,0.43692738
3714.0,3714.0,0.19031522
3715.0,3715.0,0.5724611
3716.0,3716.0,0.50869524
3717.0,3717.0,0.45893383
3718.0,3718.0,0.23988736
3719.0,3719.0,0.44786206
3720.0,3720.0,0.12452953
3721.0,3721.0,0.029327622
3722.0,3722.0,0.38034934
3723.0,3723.0,0.26924977
3724.0,3724.0,0.22369072
3725.0,3725.0,0.13048662
3726.0,3726.0,0.57906073
3727.0,3727.0,0.22202696
3728.0,3728.0,0.22635221
3729.0,3729.0,0.22577628
3730.0,3730.0,0.32595032
3731.0,3731.0,0.33937413
3732.0,3732.0,0.2457731
3733.0,3733.0,0.44260463
3734.0,3734.0,0.22668271
3735.0,3735.0,0.44425622
3736.0,3736.0,0.3852502
3737.0,3737.0,0.17595573
3738.0,3738.0,0.1638458
3739.0,3739.0,0.49594876
3740.0,3740.0,0.39914536
3741.0,3741.0,0.69019645
3742.0,3742.0,0.39100033
3743.0,3743.0,0.07812593
3744.0,3744.0,0.13282716
3745.0,3745.0,0.3392046
3746.0,3746.0,0.27910194
3747.0,3747.0,0.44762462
3748.0,3748.0,0.10256647
3749.0,3749.0,0.16842544
3750.0,3750.0,0.117774956
3751.0,3751.0,0.6884229
3752.0,3752.0,0.049111083
3753.0,3753.0,0.34513316
3754.0,3754.0,0.18170284
3755.0,3755.0,0.09724201
3756.0,3756.0,0.5455377
3757.0,3757.0,0.23194323
3758.0,3758.0,0.4907133
3759.0,3759.0,0.29645365
3760.0,3760.0,0.26131117
3761.0,3761.0,0.26897776
3762.0,3762.0,0.041581847
3763.0,3763.0,0.4805926
3764.0,3764.0,0.40370998
3765.0,3765.0,0.34199882
3766.0,3766.0,0.19046329
3767.0,3767.0,0.13383257
3768.0,3768.0,0.26801667
3769.0,3769.0,0.18893382
3770.0,3770.0,0.35693347
3771.0,3771.0,0.55585647
3772.0,3772.0,0.03666095
3773.0,3773.0,0.10705036
3774.0,3774.0,0.116207875
3775.0,3775.0,0.2024578
3776.0,3776.0,0.6700444
3777.0,3777.0,0.34116125
3778.0,3778.0,0.034339935
3779.0,3779.0,0.565376
3780.0,3780.0,0.66881263
3781.0,3781.0,0.13898104
3782.0,3782.0,0.50153434
3783.0,3783.0,0.063665256
3784.0,3784.0,0.1320281
3785.0,3785.0,0.31096908
3786.0,3786.0,0.2892647
3787.0,3787.0,0.15527174
3788.0,3788.0,0.5411805
3789.0,3789.0,0.32988045
3790.0,3790.0,0.39699534
3791.0,3791.0,0.22205505
3792.0,3792.0,0.5295447
3793.0,3793.0,0.03885591
3794.0,3794.0,0.25985572
3795.0,3795.0,0.19156866
3796.0,3796.0,0.46828878
3797.0,3797.0,0.27779308
3798.0,3798.0,0.21138787
3799.0,3799.0,0.15033053
3800.0,3800.0,0.09281897
3801.0,3801.0,0.66266555
3802.0,3802.0,0.5218365
3803.0,3803.0,0.017630676
3804.0,3804.0,0.34451297
3805.0,3805.0,0.5965748
3806.0,3806.0,0.5763473
3807.0,3807.0,0.56513023
3808.0,3808.0,0.11503181
3809.0,3809.0,0.6477356
3810.0,3810.0,0.31345433
3811.0,3811.0,0.6112101
3812.0,3812.0,0.5317293
3813.0,3813.0,0.1928265
3814.0,3814.0,0.45869425
3815.0,3815.0,0.41851553
3816.0,3816.0,0.3380766
3817.0,3817.0,0.27633783
3818.0,3818.0,0.649819
3819.0,3819.0,0.094022304
3820.0,3820.0,0.036968146
3821.0,3821.0,0.2628994
3822.0,3822.0,0.46836227
3823.0,3823.0,0.36847305
3824.0,3824.0,0.35569343
3825.0,3825.0,0.20197882
3826.0,3826.0,0.39845794
3827.0,3827.0,0.11781142
3828.0,3828.0,0.34422895
3829.0,3829.0,0.17099361
3830.0,3830.0,0.34146023
3831.0,3831.0,0.4873386
3832.0,3832.0,0.48092863
3833.0,3833.0,0.5999359
3834.0,3834.0,0.22979745
3835.0,3835.0,0.25658914
3836.0,3836.0,0.13868845
3837.0,3837.0,0.16790448
3838.0,3838.0,0.16238968
3839.0,3839.0,0.25914386
3840.0,3840.0,0.1968253
3841.0,3841.0,0.49976406
3842.0,3842.0,0.52387977
3843.0,3843.0,0.31167784
3844.0,3844.0,0.047614884
3845.0,3845.0,0.4499976
3846.0,3846.0,0.31498587
3847.0,3847.0,0.62148273
3848.0,3848.0,0.43999788
3849.0,3849.0,0.5214672
3850.0,3850.0,0.63576615
3851.0,3851.0,0.4318582
3852.0,3852.0,0.5614604
3853.0,3853.0,0.5367403
3854.0,3854.0,0.53052247
3855.0,3855.0,0.31283256
3856.0,3856.0,0.47929025
3857.0,3857.0,0.27365574
3858.0,3858.0,0.43177938
3859.0,3859.0,0.20096722
3860.0,3860.0,0.33456033
3861.0,3861.0,0.21362878
3862.0,3862.0,0.039064955
3863.0,3863.0,0.2649461
3864.0,3864.0,0.40193406
3865.0,3865.0,0.4577811
3866.0,3866.0,0.37361637
3867.0,3867.0,0.5240295
3868.0,3868.0,0.328908
3869.0,3869.0,0.51019925
3870.0,3870.0,0.14996327
3871.0,3871.0,0.42826056
3872.0,3872.0,0.7108717
3873.0,3873.0,0.64725727
3874.0,3874.0,0.35488987
3875.0,3875.0,0.46580243
3876.0,3876.0,0.3153642
3877.0,3877.0,0.2322049
3878.0,3878.0,0.58055216
3879.0,3879.0,0.1197127
3880.0,3880.0,0.257371
3881.0,3881.0,0.3751988
3882.0,3882.0,0.3942174
3883.0,3883.0,0.21154656
3884.0,3884.0,0.5096933
3885.0,3885.0,0.047436763
3886.0,3886.0,0.6364541
3887.0,3887.0,0.354978
3888.0,3888.0,0.2132978
3889.0,3889.0,0.20803592
3890.0,3890.0,0.2104188
3891.0,3891.0,0.5298937
3892.0,3892.0,0.2482458
3893.0,3893.0,0.5965874
3894.0,3894.0,0.20536058
3895.0,3895.0,0.4912101
3896.0,3896.0,0.61520076
3897.0,3897.0,0.032811172
3898.0,3898.0,0.4700631
3899.0,3899.0,0.67947936
3900.0,3900.0,0.13346463
3901.0,3901.0,0.046103906
3902.0,3902.0,0.37738368
3903.0,3903.0,0.098196335
3904.0,3904.0,0.20504324
3905.0,3905.0,0.19801271
3906.0,3906.0,0.040975135
3907.0,3907.0,0.34282738
3908.0,3908.0,0.11516287
3909.0,3909.0,0.1074889
3910.0,3910.0,0.5803542
3911.0,3911.0,0.13616395
3912.0,3912.0,0.35494423
3913.0,3913.0,0.281747
3914.0,3914.0,0.073110655
3915.0,3915.0,0.3245555
3916.0,3916.0,0.4803145
3917.0,3917.0,0.27553597
3918.0,3918.0,0.21184225
3919.0,3919.0,0.24947792
3920.0,3920.0,0.48700744
3921.0,3921.0,0.55797887
3922.0,3922.0,0.12014599
3923.0,3923.0,0.25653926
3924.0,3924.0,0.3107456
3925.0,3925.0,0.61902726
3926.0,3926.0,0.033677477
3927.0,3927.0,0.29621893
3928.0,3928.0,0.027368546
3929.0,3929.0,0.19851926
3930.0,3930.0,0.040880963
3931.0,3931.0,0.295987
3932.0,3932.0,0.041490994
3933.0,3933.0,0.39590716
3934.0,3934.0,0.24223977
3935.0,3935.0,0.62517124
3936.0,3936.0,0.5520296
3937.0,3937.0,0.06225086
3938.0,3938.0,0.027807917
3939.0,3939.0,0.5276601
3940.0,3940.0,0.70858073
3941.0,3941.0,0.20184469
3942.0,3942.0,0.4209138
3943.0,3943.0,0.34618956
3944.0,3944.0,0.18992129
3945.0,3945.0,0.099550694
3946.0,3946.0,0.30600238
3947.0,3947.0,0.15450102
3948.0,3948.0,0.41099533
3949.0,3949.0,0.46930906
3950.0,3950.0,0.2561994
3951.0,3951.0,0.465605
3952.0,3952.0,0.17603192
3953.0,3953.0,0.049994696
3954.0,3954.0,0.11625164
3955.0,3955.0,0.30611506
3956.0,3956.0,0.13483228
3957.0,3957.0,0.25394118
3958.0,3958.0,0.0317551
3959.0,3959.0,0.2368738
3960.0,3960.0,0.343942
3961.0,3961.0,0.58057016
3962.0,3962.0,0.3430682
3963.0,3963.0,0.007123924
3964.0,3964.0,0.533741
3965.0,3965.0,0.09786767
3966.0,3966.0,0.10593898
3967.0,3967.0,0.5671914
3968.0,3968.0,0.6604423
3969.0,3969.0,0.3785874
3970.0,3970.0,0.392369
3971.0,3971.0,0.26704794
3972.0,3972.0,0.40840346
3973.0,3973.0,0.53456694
3974.0,3974.0,0.44238055
3975.0,3975.0,0.4907745
3976.0,3976.0,0.38138554
3977.0,3977.0,0.6560378
3978.0,3978.0,0.46428862
3979.0,3979.0,0.50418806
3980.0,3980.0,0.284069
3981.0,3981.0,0.26718152
3982.0,3982.0,0.15545243
3983.0,3983.0,0.1872136
3984.0,3984.0,0.47213715
3985.0,3985.0,0.17618597
3986.0,3986.0,0.5279264
3987.0,3987.0,0.30766168
3988.0,3988.0,0.089459226
3989.0,3989.0,0.39644128
3990.0,3990.0,0.17422844
3991.0,3991.0,0.46912566
3992.0,3992.0,0.344599
3993.0,3993.0,0.36000583
3994.0,3994.0,0.12457784
3995.0,3995.0,0.3297203
3996.0,3996.0,0.30711958
3997.0,3997.0,0.33562908
3998.0,3998.0,0.4805021
3999.0,3999.0,0.609456
4000.0,4000.0,0.124549255
4001.0,4001.0,0.11860238
4002.0,4002.0,0.38563702
4003.0,4003.0,0.44858202
4004.0,4004.0,0.19175756
4005.0,4005.0,0.59985167
4006.0,4006.0,0.14635415
4007.0,4007.0,0.25967526
4008.0,4008.0,0.37746182
4009.0,4009.0,0.32832795
4010.0,4010.0,0.6386181
4011.0,4011.0,0.17555192
4012.0,4012.0,0.42097238
4013.0,4013.0,0.39571464
4014.0,4014.0,0.49680614
4015.0,4015.0,0.34313166
4016.0,4016.0,0.11863762
4017.0,4017.0,0.39626566
4018.0,4018.0,0.23383379
4019.0,4019.0,0.35233712
4020.0,4020.0,0.25210914
4021.0,4021.0,0.65282243
4022.0,4022.0,0.65401155
4023.0,4023.0,0.3124903
4024.0,4024.0,0.64774734
4025.0,4025.0,0.1415847
4026.0,4026.0,0.12747401
4027.0,4027.0,0.09928412
4028.0,4028.0,0.22939539
4029.0,4029.0,0.28201523
4030.0,4030.0,0.6480746
4031.0,4031.0,0.58492684
4032.0,4032.0,0.3583598
4033.0,4033.0,0.27086055
4034.0,4034.0,0.21750669
4035.0,4035.0,0.4328237
4036.0,4036.0,0.15348755
4037.0,4037.0,0.62231404
4038.0,4038.0,0.11248941
4039.0,4039.0,0.5864636
4040.0,4040.0,0.61528057
4041.0,4041.0,0.23138654
4042.0,4042.0,0.6135392
4043.0,4043.0,0.19711459
4044.0,4044.0,0.52802074
4045.0,4045.0,0.3095429
4046.0,4046.0,0.32177213
4047.0,4047.0,0.27233103
4048.0,4048.0,0.3999473
4049.0,4049.0,0.48363227
4050.0,4050.0,0.26111045
4051.0,4051.0,0.14395103
4052.0,4052.0,0.04089999
4053.0,4053.0,0.20915142
4054.0,4054.0,0.21823403
4055.0,4055.0,0.10565114
4056.0,4056.0,0.22200657
4057.0,4057.0,0.37272736
4058.0,4058.0,0.42442274
4059.0,4059.0,0.5451619
4060.0,4060.0,0.2547072
4061.0,4061.0,0.30013508
4062.0,4062.0,0.41343427
4063.0,4063.0,0.03067445
4064.0,4064.0,0.13372928
4065.0,4065.0,0.20418932
4066.0,4066.0,0.17332721
4067.0,4067.0,0.4931222
4068.0,4068.0,0.6392527
4069.0,4069.0,0.43042448
4070.0,4070.0,0.16005239
4071.0,4071.0,0.21940593
4072.0,4072.0,0.042901434
4073.0,4073.0,0.40712422
4074.0,4074.0,0.11383281
4075.0,4075.0,0.24267995
4076.0,4076.0,0.2975962
4077.0,4077.0,0.45118108
4078.0,4078.0,0.123773254
4079.0,4079.0,0.035704326
4080.0,4080.0,0.19424358
4081.0,4081.0,0.34165308
4082.0,4082.0,0.45893443
4083.0,4083.0,0.008050962
4084.0,4084.0,0.19768773
4085.0,4085.0,0.3839795
4086.0,4086.0,0.26778874
4087.0,4087.0,0.20996672
4088.0,4088.0,0.45706946
4089.0,4089.0,0.27002698
4090.0,4090.0,0.38886046
4091.0,4091.0,0.32732168
4092.0,4092.0,0.3556978
